23:13:08.313  [Laboratorio] pista de testes montada: 1950 peças, 2076 studs à frente do carro  -  Servidor - LaboratorioPistas:266
  23:13:12.872  ===== DIAGNÓSTICO DE PARTIDA: Workspace.Carro =====  -  Cliente - TelemetriaPulo:106
  23:13:12.872  Massa do conjunto do chassi (AssemblyMass): 8.752  -  Cliente - TelemetriaPulo:108
  23:13:12.872  Roda FE: massa 6.870  AssemblyMass 6.870  elasticidade 0.30000001192092896  -  Cliente - TelemetriaPulo:110
  23:13:12.872  Roda FD: massa 6.870  AssemblyMass 6.870  elasticidade 0.30000001192092896  -  Cliente - TelemetriaPulo:110
  23:13:12.872  Roda TE: massa 7.851  AssemblyMass 7.851  elasticidade 0.30000001192092896  -  Cliente - TelemetriaPulo:110
  23:13:12.872  Roda TD: massa 7.851  AssemblyMass 7.851  elasticidade 0.30000001192092896  -  Cliente - TelemetriaPulo:110
  23:13:12.872  Centro de massa do conjunto do chassi (no referencial do chassi): x=-0.000 y=-0.022 z=0.049  -  Cliente - TelemetriaPulo:114
  23:13:12.872  Corpo/AsaFrontal: massa 1.500  raiz da montagem = AsaFrontal  -  Cliente - TelemetriaPulo:119
  23:13:12.872  Corpo/AsaCopia: massa 1.500  raiz da montagem = AsaCopia  -  Cliente - TelemetriaPulo:119
  23:13:12.872  Corpo/DRS: massa 0.529  raiz da montagem = DRS  -  Cliente - TelemetriaPulo:119
  23:13:12.872  Chassi/Volante: massa 0.084  raiz da montagem = Volante  -  Cliente - TelemetriaPulo:119
  23:13:12.873  Suspensão FE: LimitsEnabled=true LowerLimit=0.4986 UpperLimit=-0.4986  CurrentPosition=-0.1216  | mola CurrentLength=1.4619 FreeLength=1.5000 Stiffness=25000 Damping=99.3  -  Cliente - TelemetriaPulo:123
  23:13:12.873  Suspensão FD: LimitsEnabled=true LowerLimit=0.4986 UpperLimit=-0.4986  CurrentPosition=-0.1293  | mola CurrentLength=1.4547 FreeLength=1.5000 Stiffness=25000 Damping=99.3  -  Cliente - TelemetriaPulo:123
  23:13:12.873  Suspensão TE: LimitsEnabled=true LowerLimit=0.4986 UpperLimit=-0.4986  CurrentPosition=-0.0076  | mola CurrentLength=1.4887 FreeLength=1.5000 Stiffness=25000 Damping=198.6  -  Cliente - TelemetriaPulo:123
  23:13:12.873  Suspensão TD: LimitsEnabled=true LowerLimit=0.4986 UpperLimit=-0.4986  CurrentPosition=-0.0122  | mola CurrentLength=1.4842 FreeLength=1.5000 Stiffness=25000 Damping=198.6  -  Cliente - TelemetriaPulo:123
  23:13:12.873  (Se LowerLimit > UpperLimit aqui, os limites estão invertidos. Se CurrentPosition não muda com o carro carregado/dirigindo, a suspensão está travada.)  -  Cliente - TelemetriaPulo:127
  23:13:12.873  ===== fim do diagnóstico =====  -  Cliente - TelemetriaPulo:128
  23:13:14.874  ===== DIAGNÓSTICO DE PARTIDA: Workspace.Carro =====  -  Cliente - TelemetriaPulo:106
  23:13:14.874  Massa do conjunto do chassi (AssemblyMass): 8.752  -  Cliente - TelemetriaPulo:108
  23:13:14.874  Roda FE: massa 6.870  AssemblyMass 6.870  elasticidade 0.30000001192092896  -  Cliente - TelemetriaPulo:110
  23:13:14.874  Roda FD: massa 6.870  AssemblyMass 6.870  elasticidade 0.30000001192092896  -  Cliente - TelemetriaPulo:110
  23:13:14.874  Roda TE: massa 7.851  AssemblyMass 7.851  elasticidade 0.30000001192092896  -  Cliente - TelemetriaPulo:110
  23:13:14.874  Roda TD: massa 7.851  AssemblyMass 7.851  elasticidade 0.30000001192092896  -  Cliente - TelemetriaPulo:110
  23:13:14.874  Centro de massa do conjunto do chassi (no referencial do chassi): x=-0.000 y=-0.022 z=0.049  -  Cliente - TelemetriaPulo:114
  23:13:14.874  Corpo/AsaFrontal: massa 1.500  raiz da montagem = AsaFrontal  -  Cliente - TelemetriaPulo:119
  23:13:14.874  Corpo/AsaCopia: massa 1.500  raiz da montagem = AsaCopia  -  Cliente - TelemetriaPulo:119
  23:13:14.874  Corpo/DRS: massa 0.529  raiz da montagem = DRS  -  Cliente - TelemetriaPulo:119
  23:13:14.874  Chassi/Volante: massa 0.084  raiz da montagem = Volante  -  Cliente - TelemetriaPulo:119
  23:13:14.874  Suspensão FE: LimitsEnabled=true LowerLimit=0.4986 UpperLimit=-0.4986  CurrentPosition=-0.1237  | mola CurrentLength=1.4600 FreeLength=1.5000 Stiffness=25000 Damping=99.3  -  Cliente - TelemetriaPulo:123
  23:13:14.874  Suspensão FD: LimitsEnabled=true LowerLimit=0.4986 UpperLimit=-0.4986  CurrentPosition=-0.1342  | mola CurrentLength=1.4501 FreeLength=1.5000 Stiffness=25000 Damping=99.3  -  Cliente - TelemetriaPulo:123
  23:13:14.874  Suspensão TE: LimitsEnabled=true LowerLimit=0.4986 UpperLimit=-0.4986  CurrentPosition=-0.0303  | mola CurrentLength=1.4661 FreeLength=1.5000 Stiffness=25000 Damping=198.6  -  Cliente - TelemetriaPulo:123
  23:13:14.874  Suspensão TD: LimitsEnabled=true LowerLimit=0.4986 UpperLimit=-0.4986  CurrentPosition=-0.0041  | mola CurrentLength=1.4923 FreeLength=1.5000 Stiffness=25000 Damping=198.6  -  Cliente - TelemetriaPulo:123
  23:13:14.875  (Se LowerLimit > UpperLimit aqui, os limites estão invertidos. Se CurrentPosition não muda com o carro carregado/dirigindo, a suspensão está travada.)  -  Cliente - TelemetriaPulo:127
  23:13:14.875  ===== fim do diagnóstico =====  -  Cliente - TelemetriaPulo:128
  23:13:20.990  ##### PULO #1  trecho=2 SUBIDA SUAVE 3°  vel=145  impulso no frame t=11.984 (ΔVy=4.2, assoalho=0, asa=0, rodas no chão antes=1)  -  Cliente - TelemetriaPulo:215
  23:13:20.990  ===== PULO #1 =====  -  Cliente - TelemetriaPulo:69
  23:13:20.990  TEL,t,trecho,vel,vyChassi,arfagem,rolagem,wFD,wFE,wTD,wTE,posFD,posFE,posTD,posTE,molaFD,molaFE,molaTD,molaTE,downforce,dirFD,dirFE,chaoFD,chaoFE,chaoTD,chaoTE,assoalho,asa,rodasNoChao  -  Cliente - TelemetriaPulo:70
  23:13:20.990  TEL,11.52,1 PLANO,127.6,0.2192,-0.02688,0.0388,85.41,84.96,85.43,85.29,-0.129,-0.128,-0.01911,-0.01848,1.455,1.456,1.477,1.478,-637.5,-0.1386,-0.3301,-0.002159,-0.001907,-0.0005339,-0.001671,0,0,4  -  Cliente - TelemetriaPulo:71
  23:13:20.990  TEL,11.53,1 PLANO,127.8,0.1122,-0.007418,0.06778,85.59,85.4,85.61,85.36,-0.1266,-0.1278,-0.01868,-0.01798,1.457,1.456,1.478,1.478,-638.1,-0.1445,-0.3769,-0.002046,-0.001687,-0.0005273,-0.002244,0,0,4  -  Cliente - TelemetriaPulo:71
  23:13:20.990  TEL,11.53,1 PLANO,127.9,0.028,-0.002783,0.07786,85.7,85.49,85.7,85.46,-0.1275,-0.1266,-0.01843,-0.01712,1.456,1.457,1.478,1.479,-639.2,-0.1545,-0.3767,-0.001695,-0.001252,-0.001924,-0.00187,0,0,4  -  Cliente - TelemetriaPulo:71
  23:13:20.991  TEL,11.54,1 PLANO,128,-0.07348,-0.00316,-0.04342,85.77,85.6,85.78,85.6,-0.1272,-0.1273,-0.01831,-0.01845,1.457,1.457,1.478,1.478,-639.7,-0.1804,-0.3526,-0.002191,-0.0011,-0.001634,-0.001901,0,0,4  -  Cliente - TelemetriaPulo:71
  23:13:20.991  TEL,11.55,1 PLANO,128.3,-0.1346,0.01276,-0.05124,85.92,85.82,85.93,85.78,-0.1295,-0.129,-0.01959,-0.01867,1.455,1.455,1.477,1.478,-640.2,-0.2215,-0.2574,-0.002068,-0.0009083,-0.00158,-0.001412,0,0,4  -  Cliente - TelemetriaPulo:71
  23:13:20.991  TEL,11.55,1 PLANO,128.4,-0.1397,0.01973,-0.1725,86.02,85.94,86.02,85.85,-0.1276,-0.1327,-0.017,-0.02046,1.456,1.451,1.479,1.476,-641.5,-0.2164,-0.2007,-0.002181,-0.001304,-0.001807,-0.001731,0,0,4  -  Cliente - TelemetriaPulo:71
  23:13:20.991  TEL,11.56,1 PLANO,128.6,-0.167,0.02032,0.05335,86.11,86.1,86.11,85.93,-0.1302,-0.1332,-0.01776,-0.02026,1.454,1.451,1.479,1.476,-642.2,-0.2334,-0.1811,-0.002387,-0.001326,-0.001746,-0.001234,0,0,4  -  Cliente - TelemetriaPulo:71
  23:13:20.991  TEL,11.56,1 PLANO,128.9,-0.179,0.01961,-0.0412,86.18,86.24,86.3,86.19,-0.1347,-0.1336,-0.02055,-0.01689,1.45,1.451,1.476,1.479,-643,-0.1647,-0.09956,-0.001683,-0.0015,-0.001408,-0.001637,0,0,4  -  Cliente - TelemetriaPulo:71
  23:13:20.991  TEL,11.57,1 PLANO,129.1,-0.1392,0.01667,-0.1331,86.21,86.37,86.38,86.3,-0.1342,-0.1363,-0.01745,-0.0192,1.45,1.448,1.479,1.477,-644.5,-0.1349,-0.09311,-0.001697,-0.001445,-0.001697,-0.001827,0,0,4  -  Cliente - TelemetriaPulo:71
  23:13:20.991  TEL,11.57,1 PLANO,129.2,-0.1177,0.0121,0.06738,86.39,86.43,86.45,86.4,-0.1354,-0.1366,-0.01834,-0.01838,1.449,1.448,1.478,1.478,-645.3,-0.1097,-0.0888,-0.002528,-0.001262,-0.001979,-0.001529,0,0,4  -  Cliente - TelemetriaPulo:71
  23:13:20.991  TEL,11.58,1 PLANO,129.5,0.01538,0.01171,-0.06942,86.55,86.59,86.59,86.6,-0.1348,-0.1375,-0.01797,-0.01821,1.45,1.447,1.478,1.478,-646,-0.02042,-0.05808,-0.003054,-0.002085,-0.0005285,-0.0021,0,0,4  -  Cliente - TelemetriaPulo:71
  23:13:20.991  TEL,11.58,1 PLANO,129.6,0.002987,0.002632,0.05985,86.56,86.71,86.72,86.67,-0.1356,-0.1365,-0.01885,-0.01746,1.449,1.448,1.478,1.479,-647.4,0.0284,-0.06042,-0.002306,-0.001574,-0.000597,-0.001619,0,0,4  -  Cliente - TelemetriaPulo:71
  23:13:20.991  TEL,11.59,1 PLANO,129.9,0.06796,-0.002822,0.083,86.87,86.89,86.84,86.89,-0.1364,-0.1338,-0.01832,-0.01753,1.448,1.45,1.478,1.479,-648.2,0.06381,-0.04895,-0.001803,-0.003161,-0.0004447,-0.001467,0,0,4  -  Cliente - TelemetriaPulo:71
  23:13:20.991  TEL,11.6,1 PLANO,130,0.04735,-0.006294,0.1303,86.94,86.99,86.95,86.95,-0.1359,-0.1339,-0.02009,-0.01505,1.449,1.45,1.476,1.481,-649.4,0.08798,-0.008951,-0.003214,-0.001772,-0.0008948,-0.001818,0,0,4  -  Cliente - TelemetriaPulo:71
  23:13:20.991  TEL,11.6,1 PLANO,130.1,0.03753,-0.01089,-0.08986,87,87.08,87.07,87.04,-0.1345,-0.1354,-0.01801,-0.01734,1.45,1.449,1.478,1.479,-650,0.1083,0.01956,-0.002231,-0.001323,-0.001452,-0.001414,0,0,4  -  Cliente - TelemetriaPulo:71
  23:13:20.991  TEL,11.61,1 PLANO,130.2,0.04147,-0.01375,-0.1576,87.12,87.16,87.12,87.13,-0.1331,-0.1371,-0.01524,-0.02012,1.451,1.447,1.481,1.476,-650.6,0.0772,0.02986,-0.001628,-0.001758,-0.001857,-0.001804,0,0,4  -  Cliente - TelemetriaPulo:71
  23:13:20.991  TEL,11.61,1 PLANO,130.4,0.0552,-0.01697,0.0389,87.21,87.26,87.23,87.26,-0.1338,-0.1347,-0.01685,-0.02037,1.45,1.45,1.48,1.476,-651.2,0.05612,0.02089,-0.001149,-0.001629,-0.001729,-0.001278,0,0,4  -  Cliente - TelemetriaPulo:71
  23:13:20.991  TEL,11.62,1 PLANO,130.7,0.0777,-0.008669,-0.0324,87.39,87.45,87.37,87.45,-0.133,-0.1315,-0.01866,-0.01904,1.451,1.453,1.478,1.477,-652,0.05875,0.04885,-0.00208,-0.002157,-0.001684,-0.001371,0,0,4  -  Cliente - TelemetriaPulo:71
  23:13:20.991  TEL,11.62,1 PLANO,130.8,0.06897,-0.003137,0.07787,87.48,87.53,87.5,87.51,-0.133,-0.1319,-0.02007,-0.01722,1.451,1.452,1.476,1.479,-653.4,0.05289,0.06903,-0.003026,-0.001814,-0.001928,-0.001562,0,0,4  -  Cliente - TelemetriaPulo:71
  23:13:20.991  TEL,11.63,1 PLANO,131,0.06546,-0.002464,-0.06426,87.56,87.59,87.57,87.63,-0.1324,-0.131,-0.01947,-0.01764,1.452,1.453,1.477,1.479,-654.1,0.07308,0.05245,-0.00205,-0.001913,-0.001203,-0.002088,0,0,4  -  Cliente - TelemetriaPulo:71
  23:13:20.991  TEL,11.63,1 PLANO,131.2,0.01208,0.004266,0.05119,87.75,87.78,87.75,87.82,-0.1319,-0.1306,-0.01967,-0.01757,1.452,1.453,1.477,1.479,-654.8,0.08746,0.03701,-0.002317,-0.002424,-0.001424,-0.001539,0,0,4  -  Cliente - TelemetriaPulo:71
  23:13:20.991  TEL,11.64,1 PLANO,131.4,-0.01545,0.007239,-0.07745,87.87,87.89,87.8,87.91,-0.1318,-0.1331,-0.01743,-0.01897,1.453,1.451,1.479,1.477,-656.2,0.07787,0.03773,-0.001943,-0.002126,-0.001828,-0.001271,0,0,4  -  Cliente - TelemetriaPulo:71
  23:13:20.991  TEL,11.65,1 PLANO,131.6,-0.1014,-0.0009413,0.01934,88.05,88.03,88.03,88.08,-0.1315,-0.1334,-0.01925,-0.01785,1.453,1.451,1.477,1.479,-656.8,0.07172,0.02762,-0.003385,-0.001821,-0.001332,-0.00176,0,0,4  -  Cliente - TelemetriaPulo:71
  23:13:20.991  TEL,11.65,1 PLANO,131.8,-0.06745,0.003741,-0.07809,88.16,88.09,88.09,88.17,-0.132,-0.1338,-0.01727,-0.01918,1.452,1.451,1.479,1.477,-658.1,0.07274,0.002376,-0.002355,-0.001721,-0.001584,-0.002141,0,0,4  -  Cliente - TelemetriaPulo:71
  23:13:20.992  TEL,11.66,1 PLANO,131.9,-0.094,0.003471,0.06439,88.25,88.2,88.23,88.23,-0.1322,-0.1347,-0.01903,-0.01952,1.452,1.45,1.477,1.477,-658.8,0.04844,0.01438,-0.003522,-0.001843,-0.001546,-0.0006834,0,0,4  -  Cliente - TelemetriaPulo:71
  23:13:20.992  TEL,11.66,1 PLANO,132,-0.03185,0.0104,-0.02131,88.36,88.26,88.31,88.3,-0.1332,-0.1341,-0.01636,-0.01887,1.451,1.45,1.48,1.477,-659.4,0.05208,-0.009054,-0.002392,-0.001843,-0.002911,-0.00166,0,0,4  -  Cliente - TelemetriaPulo:71
  23:13:20.992  TEL,11.67,1 PLANO,132.3,-0.05908,0.002043,-0.03308,88.52,88.45,88.53,88.48,-0.1358,-0.1325,-0.01975,-0.01802,1.449,1.452,1.477,1.478,-660.1,0.0307,-0.01524,-0.001782,-0.002606,-0.001316,-0.001866,0,0,4  -  Cliente - TelemetriaPulo:71
  23:13:20.992  TEL,11.67,1 PLANO,132.4,-0.04816,0.003561,-0.1737,88.58,88.59,88.58,88.6,-0.1329,-0.1367,-0.01663,-0.02059,1.451,1.448,1.48,1.476,-661.4,0.02143,-0.005244,-0.002529,-0.002377,-0.002025,-0.00185,0,0,4  -  Cliente - TelemetriaPulo:71
  23:13:20.992  TEL,11.68,1 PLANO,132.5,-0.04105,-0.0002076,0.07216,88.68,88.63,88.7,88.68,-0.1356,-0.1357,-0.01778,-0.02113,1.449,1.449,1.479,1.475,-662.1,-0.004839,-0.03239,-0.001812,-0.001751,-0.002064,-0.0005838,0,0,4  -  Cliente - TelemetriaPulo:71
  23:13:20.992  TEL,11.68,1 PLANO,132.8,0.06244,0.0006981,-0.004731,88.84,88.79,88.86,88.85,-0.1353,-0.1339,-0.01913,-0.01878,1.449,1.45,1.477,1.478,-662.7,-0.004211,-0.02814,-0.003376,-0.001697,-0.001499,-0.001087,0,0,4  -  Cliente - TelemetriaPulo:71
  23:13:20.992  TEL,11.69,1 PLANO,133,0.06729,0.00378,0.04641,88.95,88.91,88.97,88.89,-0.1358,-0.1345,-0.02038,-0.01729,1.449,1.45,1.476,1.479,-664.1,0.02264,-0.005544,-0.00204,-0.001468,-0.001712,-0.0006745,0,0,4  -  Cliente - TelemetriaPulo:71
  23:13:20.992  TEL,11.7,1 PLANO,133.2,0.05164,-0.003145,-0.1063,89.12,89.12,89.09,89.13,-0.1335,-0.135,-0.01778,-0.01808,1.451,1.449,1.479,1.478,-664.8,0.01978,-0.01889,-0.002163,-0.001812,-0.00159,-0.001514,0,0,4  -  Cliente - TelemetriaPulo:71
  23:13:20.992  TEL,11.7,1 PLANO,133.4,0.04468,-0.006249,0.06615,89.21,89.17,89.19,89.21,-0.1335,-0.1332,-0.01895,-0.01732,1.451,1.451,1.477,1.479,-666.2,0.001263,-0.03549,-0.003483,-0.00169,-0.001491,-0.001507,0,0,4  -  Cliente - TelemetriaPulo:71
  23:13:20.992  TEL,11.71,1 PLANO,133.5,0.02459,-0.004052,-0.1132,89.3,89.29,89.27,89.3,-0.1318,-0.1339,-0.01743,-0.01894,1.452,1.45,1.479,1.477,-666.9,0.02319,-0.01711,-0.002361,-0.00301,-0.001583,-0.001347,0,0,4  -  Cliente - TelemetriaPulo:71
  23:13:20.992  TEL,11.71,1 PLANO,133.8,-0.01865,-0.01641,0.08922,89.44,89.38,89.46,89.49,-0.1345,-0.1325,-0.01931,-0.0191,1.45,1.452,1.477,1.477,-667.5,0.02068,-0.05712,-0.001767,-0.002072,-0.001493,-0.001111,0,0,4  -  Cliente - TelemetriaPulo:71
  23:13:20.992  TEL,11.72,1 PLANO,134.3,-0.01029,-0.01978,-0.05022,89.75,89.79,89.85,89.82,-0.1331,-0.1315,-0.02091,-0.01959,1.451,1.453,1.475,1.477,-669,0.1018,-0.09743,-0.002051,-0.00183,-0.002066,-0.001258,0,0,4  -  Cliente - TelemetriaPulo:71
  23:13:20.992  TEL,11.72,1 PLANO,134.5,0.006227,-0.02087,-0.1817,89.78,89.94,89.98,89.98,-0.1291,-0.1333,-0.01906,-0.02274,1.455,1.451,1.477,1.474,-671.4,0.1419,-0.1404,-0.002182,-0.001647,-0.001907,-0.001609,0,0,4  -  Cliente - TelemetriaPulo:71
  23:13:20.992  TEL,11.73,1 PLANO,134.8,0.008987,-0.01763,-0.005992,90.1,90.06,90.17,90.09,-0.1295,-0.1333,-0.02023,-0.02403,1.455,1.451,1.476,1.472,-672.7,0.1365,-0.1717,-0.001465,-0.001778,-0.001198,-0.001175,0,0,4  -  Cliente - TelemetriaPulo:71
  23:13:20.992  TEL,11.73,1 PLANO,135.2,0.005184,-0.01061,0.2095,90.42,90.3,90.47,90.41,-0.133,-0.1265,-0.0243,-0.01873,1.451,1.457,1.472,1.478,-673.8,0.1668,-0.1801,-0.002282,-0.00248,-0.002427,-0.001809,0,0,4  -  Cliente - TelemetriaPulo:71
  23:13:20.992  TEL,11.74,1 PLANO,135.4,-0.007294,-0.006424,-0.05746,90.51,90.43,90.64,90.58,-0.1302,-0.1288,-0.02466,-0.02064,1.454,1.455,1.472,1.476,-675.9,0.1825,-0.1787,-0.003259,-0.001252,-0.001367,-0.001069,0,0,4  -  Cliente - TelemetriaPulo:71
  23:13:20.992  TEL,11.74,1 PLANO,135.6,0.02182,0.004224,-0.1547,90.7,90.46,90.77,90.74,-0.1288,-0.1312,-0.02053,-0.02283,1.455,1.453,1.476,1.474,-677,0.1426,-0.1634,-0.003473,-0.001565,-0.002298,-0.001413,0,0,4  -  Cliente - TelemetriaPulo:71
  23:13:20.992  TEL,11.75,1 PLANO,136.1,0.01096,0.0122,0.04567,90.99,90.9,91.09,91.06,-0.1308,-0.1289,-0.01919,-0.02262,1.453,1.455,1.477,1.474,-678.1,0.1061,-0.1936,-0.001984,-0.002297,-0.003098,-0.001061,0,0,4  -  Cliente - TelemetriaPulo:71
  23:13:20.992  TEL,11.76,1 PLANO,136.3,-0.05847,0.007692,0.1099,91.14,90.95,91.27,91.18,-0.1326,-0.1289,-0.0224,-0.02009,1.452,1.455,1.474,1.476,-680.5,0.1313,-0.1531,-0.001488,-0.003228,-0.002259,-0.001397,0,0,4  -  Cliente - TelemetriaPulo:71
  23:13:20.992  TEL,11.76,1 PLANO,136.5,-0.05493,0.009027,-0.0283,91.25,91.22,91.41,91.33,-0.131,-0.1313,-0.02201,-0.01959,1.453,1.453,1.474,1.477,-681.6,0.09407,-0.1396,-0.003723,-0.001854,-0.001648,-0.002579,0,0,4  -  Cliente - TelemetriaPulo:71
  23:13:20.992  TEL,11.77,1 PLANO,137,-0.1281,-0.00334,0.07786,91.55,91.56,91.71,91.6,-0.1308,-0.1333,-0.01988,-0.02325,1.453,1.451,1.476,1.473,-682.7,0.1013,-0.1519,-0.003281,-0.001495,-0.003494,-0.001549,0,0,4  -  Cliente - TelemetriaPulo:71
  23:13:20.993  TEL,11.77,1 PLANO,137.2,-0.1193,-0.001454,0.1866,91.81,91.64,91.84,91.74,-0.1345,-0.1306,-0.02464,-0.02042,1.45,1.453,1.472,1.476,-685,0.09937,-0.1068,-0.002266,-0.002838,-0.002464,-0.001831,0,0,4  -  Cliente - TelemetriaPulo:71
  23:13:20.993  TEL,11.78,1 PLANO,137.4,-0.05534,0.005211,-0.08415,91.97,91.88,91.96,91.91,-0.1329,-0.1333,-0.02412,-0.02234,1.451,1.451,1.472,1.474,-686,0.1012,-0.08441,-0.001892,-0.001564,-0.001572,-0.001335,0,0,4  -  Cliente - TelemetriaPulo:71
  23:13:20.993  TEL,11.78,1 PLANO,137.8,0.01489,0.004686,0.1069,92.28,92.21,92.23,92.21,-0.1341,-0.1335,-0.02188,-0.02244,1.45,1.451,1.474,1.474,-687.1,-0.004982,-0.07387,-0.001815,-0.001662,-0.001823,-0.001372,0,0,4  -  Cliente - TelemetriaPulo:71
  23:13:20.993  TEL,11.79,1 PLANO,138.1,0.05224,0.006184,0.1657,92.36,92.33,92.36,92.33,-0.1346,-0.1325,-0.02406,-0.01838,1.45,1.452,1.472,1.478,-689.2,-0.02682,-0.02602,-0.00334,-0.001158,-0.001936,-0.002119,0,0,4  -  Cliente - TelemetriaPulo:71
  23:13:20.993  TEL,11.79,1 PLANO,138.3,0.04495,-0.0005855,-0.06555,92.56,92.45,92.55,92.51,-0.1341,-0.1339,-0.02282,-0.02027,1.45,1.45,1.474,1.476,-690.3,-0.01088,0.01723,-0.002097,-0.001029,-0.00138,-0.001364,0,0,4  -  Cliente - TelemetriaPulo:71
  23:13:20.993  TEL,11.8,1 PLANO,138.7,0.08292,-0.003748,-0.01741,92.8,92.75,92.84,92.78,-0.1316,-0.1348,-0.019,-0.0214,1.453,1.45,1.477,1.475,-691.4,-0.02298,0.01091,-0.002227,-0.001273,-0.003074,-0.001266,0,0,4  -  Cliente - TelemetriaPulo:71
  23:13:20.993  TEL,11.81,1 PLANO,139,0.0594,-0.01316,-0.0599,92.91,92.87,93.02,92.94,-0.1301,-0.134,-0.01855,-0.02167,1.454,1.45,1.478,1.475,-693.7,-0.04948,-0.02145,-0.003319,-0.001197,-0.002159,-0.002685,0,0,4  -  Cliente - TelemetriaPulo:71
  23:13:20.993  TEL,11.81,1 PLANO,139.2,0.02141,-0.01561,0.04658,93.04,92.97,93.18,93.12,-0.1304,-0.1318,-0.01981,-0.02235,1.454,1.452,1.477,1.474,-694.8,-0.007943,0.009154,-0.002236,-0.003411,-0.002838,-0.001389,0,0,4  -  Cliente - TelemetriaPulo:71
  23:13:20.993  TEL,11.82,1 PLANO,139.6,0.03806,-0.002427,0.09203,93.32,93.33,93.46,93.33,-0.1316,-0.1309,-0.02345,-0.02042,1.452,1.453,1.473,1.476,-695.9,0.02716,-0.02561,-0.001977,-0.001519,-0.001611,-0.001572,0,0,4  -  Cliente - TelemetriaPulo:71
  23:13:20.993  TEL,11.82,1 PLANO,139.8,0.0746,0.001956,-0.009312,93.49,93.43,93.59,93.52,-0.1323,-0.1293,-0.02105,-0.02128,1.452,1.455,1.475,1.475,-698.1,0.01831,-0.05453,-0.001878,-0.001672,-0.002542,-0.001214,0,0,4  -  Cliente - TelemetriaPulo:71
  23:13:20.993  TEL,11.83,1 PLANO,140,0.03716,0.0008869,-0.02553,93.58,93.59,93.7,93.65,-0.1316,-0.1285,-0.02219,-0.02119,1.453,1.455,1.474,1.475,-698.9,0.04712,-0.03211,-0.001519,-0.003487,-0.001778,-0.0009774,0,0,4  -  Cliente - TelemetriaPulo:71
  23:13:20.993  TEL,11.83,1 PLANO,140.2,0.03823,0.008202,-0.148,93.75,93.84,93.78,93.79,-0.13,-0.1318,-0.0195,-0.02265,1.454,1.452,1.477,1.474,-700.1,0.03396,-0.0367,-0.001252,-0.002335,-0.001732,-0.001389,0,0,4  -  Cliente - TelemetriaPulo:71
  23:13:20.993  TEL,11.84,1 PLANO,140.6,-0.04342,0.004761,0.1114,94.03,94.06,94.12,94.02,-0.1315,-0.1292,-0.02203,-0.01957,1.453,1.455,1.474,1.477,-701,0.04879,-0.0002793,-0.001778,-0.003479,-0.001938,-0.001419,0,0,4  -  Cliente - TelemetriaPulo:71
  23:13:20.993  TEL,11.84,1 PLANO,140.8,-0.05683,0.006507,-0.01794,94.16,94.25,94.22,94.21,-0.1308,-0.1301,-0.02052,-0.02055,1.453,1.454,1.476,1.476,-703.2,0.01841,-0.01294,-0.003715,-0.00225,-0.002662,-0.001159,0,0,4  -  Cliente - TelemetriaPulo:71
  23:13:20.993  TEL,11.85,1 PLANO,141.2,-0.0827,0.00722,0.05427,94.49,94.49,94.46,94.48,-0.1332,-0.1332,-0.01902,-0.02204,1.451,1.451,1.477,1.474,-704.1,0.02696,-0.005226,-0.001533,-0.001548,-0.003203,-0.001006,0,0,4  -  Cliente - TelemetriaPulo:71
  23:13:20.993  TEL,11.86,1 PLANO,141.4,-0.1012,0.001662,0.1282,94.58,94.58,94.68,94.55,-0.1339,-0.1335,-0.02258,-0.01961,1.45,1.451,1.474,1.477,-706.2,0.05246,0.03404,-0.001654,-0.001243,-0.002211,-0.001441,0,0,4  -  Cliente - TelemetriaPulo:71
  23:13:20.994  TEL,11.86,1 PLANO,141.6,-0.04813,0.001289,0.01781,94.74,94.72,94.76,94.75,-0.1356,-0.132,-0.02096,-0.02063,1.449,1.452,1.475,1.476,-707.2,0.0212,0.01717,-0.001655,-0.001479,-0.00315,-0.001105,0,0,4  -  Cliente - TelemetriaPulo:71
  23:13:20.994  TEL,11.87,1 PLANO,141.8,0.671,-0.08085,-0.5535,93.55,95.42,95.04,94.96,-0.2606,-0.153,0.0009621,-0.04921,1.332,1.432,1.497,1.447,-708.1,0.4557,-0.1323,0.1512,-0.003064,0.001224,-0.0008211,0,0,3  -  Cliente - TelemetriaPulo:71
  23:13:20.994  TEL,11.87,1 PLANO,142,1.988,-0.1479,-0.4129,93.44,95.52,94.88,95.21,-0.2983,-0.1699,0.005098,-0.05505,1.298,1.417,1.501,1.441,-709.2,0.5033,-0.2145,0.2043,0.01874,0.004278,0.003003,0,0,3  -  Cliente - TelemetriaPulo:71
  23:13:20.994  TEL,11.88,1 PLANO,142.1,3.332,-0.2482,-0.2218,93.37,95.12,95.76,95.11,-0.315,-0.1774,0.01094,-0.05555,1.282,1.41,1.507,1.441,-710,0.4533,-0.274,0.2397,0.04484,0.003803,0.004917,0,0,3  -  Cliente - TelemetriaPulo:71
  23:13:20.994  TEL,11.88,1 PLANO,142.4,4.578,-0.3748,-0.3084,93.31,95,95.89,95.11,-0.3032,-0.1767,0.01728,-0.05457,1.293,1.41,1.514,1.442,-710.5,0.3411,-0.1944,0.2546,0.05856,0.004562,0.004898,0,0,2  -  Cliente - TelemetriaPulo:71
  23:13:20.994  TEL,11.89,1 PLANO,142.9,5.965,-0.5696,-0.1212,93.2,94.91,97.07,95.17,-0.2234,-0.123,0.02642,-0.059,1.367,1.461,1.523,1.437,-712.2,-0.03938,-0.1193,0.2424,0.06086,0.005748,0.007457,0,0,2  -  Cliente - TelemetriaPulo:71
  23:13:20.994  TEL,11.9,1 PLANO,143,5.869,-0.5926,0.01356,93.15,94.88,98.05,95.22,-0.1695,-0.08354,0.02782,-0.05838,1.417,1.498,1.524,1.438,-714.3,-0.2561,-0.05319,0.2182,0.05269,0.004304,0.007425,0,0,2  -  Cliente - TelemetriaPulo:71
  23:13:20.994  TEL,11.9,1 PLANO,143.1,5.163,-0.5642,0.1995,93.12,94.86,98.3,95.34,-0.1167,-0.04343,0.02382,-0.05555,1.467,1.536,1.52,1.441,-714.8,-0.4406,0.01372,0.1875,0.04097,0.003734,0.0061,0,0,3  -  Cliente - TelemetriaPulo:71
  23:13:20.994  TEL,11.91,1 PLANO,143.1,1.962,-0.234,0.4718,93.07,95.49,99.37,95.52,-0.0413,0.001415,0.01291,-0.04426,1.538,1.578,1.509,1.452,-715.6,-0.6851,0.0887,0.1185,0.02869,-0.0004152,0.003636,0,0,3  -  Cliente - TelemetriaPulo:71
  23:13:20.994  TEL,11.91,1 PLANO,143.5,0.9504,-0.2571,0.6447,93.04,95.57,99.12,95.77,-0.01755,0.002564,-0.001565,-0.0392,1.56,1.579,1.495,1.457,-715.5,-0.7039,0.09431,0.08102,0.02929,-0.002394,0.002077,0,0,3  -  Cliente - TelemetriaPulo:71
  23:13:20.994  TEL,11.92,1 PLANO,143.9,-1.656,0.07174,0.7603,92.97,95.5,98.72,96.16,-0.005647,-0.01503,-0.02586,-0.02241,1.571,1.563,1.471,1.474,-717.7,-0.5417,0.07627,0.01011,0.03425,-0.008885,-0.002087,0,0,4  -  Cliente - TelemetriaPulo:71
  23:13:20.994  TEL,11.92,1 PLANO,144.4,-2.813,0.2058,0.1306,95.13,95.46,96.99,96.57,-0.0341,-0.04732,-0.03187,-0.02506,1.544,1.532,1.465,1.471,-719.7,-0.04747,0.1006,0.006524,0.03314,-0.008247,3.159e-05,0,0,4  -  Cliente - TelemetriaPulo:71
  23:13:20.994  TEL,11.93,1 PLANO,144.3,-3.158,0.3201,0.09658,95.24,95.44,96.98,96.94,-0.08136,-0.08207,-0.03738,-0.02624,1.5,1.499,1.459,1.47,-721.8,0.1072,0.1001,0.005463,0.02818,-0.002693,-0.0001142,0,0,4  -  Cliente - TelemetriaPulo:71
  23:13:20.994  TEL,11.93,1 PLANO,144.4,-2.426,0.3093,-0.6565,97,96.86,97.18,97.34,-0.1727,-0.1585,-0.02163,-0.02866,1.414,1.427,1.475,1.468,-721.7,0.9872,0.06501,0.0385,0.01246,-0.002018,-0.003742,0,0,4  -  Cliente - TelemetriaPulo:71
  23:13:20.994  TEL,11.94,1 PLANO,144.8,-1.079,0.09776,-0.3828,96.87,96.88,96.85,97.05,-0.222,-0.1994,-0.01693,-0.03954,1.368,1.389,1.479,1.457,-722.1,1.033,-0.1204,0.05802,0.02067,0.0008249,-0.002051,0,0,3  -  Cliente - TelemetriaPulo:71
  23:13:20.994  TEL,11.94,1 PLANO,144.4,-0.4447,0.2192,-0.297,96.78,97.03,96.91,97.1,-0.2536,-0.2359,-0.005508,-0.03952,1.339,1.355,1.491,1.457,-723.8,1.041,-0.1526,0.06416,0.02143,0.0005898,0.0009334,0,0,3  -  Cliente - TelemetriaPulo:71
  23:13:20.994  TEL,11.95,1 PLANO,144.8,2.151,-0.126,-0.0471,96.66,97.07,97.61,97.11,-0.2548,-0.2759,0.004318,-0.03118,1.338,1.318,1.501,1.465,-722.1,0.7007,-0.03622,0.02698,0.02382,0.0004094,0.001783,0,0,4  -  Cliente - TelemetriaPulo:71
  23:13:20.994  TEL,11.96,1 PLANO,144.9,3.274,-0.3079,0.5042,97.63,97.4,97.72,97.45,-0.2679,-0.2717,-0.001149,-0.02162,1.325,1.322,1.495,1.475,-723.8,0.4591,0.0002667,0.02477,0.02426,-0.000769,0.0009171,0,0,4  -  Cliente - TelemetriaPulo:71
  23:13:20.994  TEL,11.96,1 PLANO,145.2,4.512,-0.4787,0.4905,96.54,97.2,98.26,97.66,-0.2715,-0.2642,-0.007116,-0.01189,1.322,1.329,1.489,1.484,-724.3,0.1594,0.2208,0.02249,0.02574,-0.004471,-0.0007023,0,0,4  -  Cliente - TelemetriaPulo:71
  23:13:20.994  TEL,11.97,1 PLANO,146.1,6.917,-0.7835,0.06205,96.99,97.32,97.23,97.37,-0.2448,-0.2453,-0.01777,-0.01447,1.347,1.346,1.479,1.482,-725.9,0.05331,0.595,0.01726,0.03299,-0.002284,-0.001636,0,0,4  -  Cliente - TelemetriaPulo:71
  23:13:20.995  TEL,11.97,2 SUBIDA SUAVE 3°,146.5,8.002,-0.861,-0.07681,96.95,97.28,97.35,97.5,-0.2145,-0.2078,-0.021,-0.01651,1.375,1.381,1.475,1.48,-730.3,0.2628,0.8317,0.01595,0.0182,-0.002038,-0.0006032,0,0,4  -  Cliente - TelemetriaPulo:71
  23:13:20.995  TEL,11.98,2 SUBIDA SUAVE 3°,145.5,10.54,-0.7135,-1.605,96.85,98.38,97.66,99.21,-0.1581,-0.1781,-0.1004,-0.1129,1.428,1.409,1.396,1.383,-732.3,0.6095,1.281,0.0513,0.01018,0.118,0.07369,0,0,1  -  Cliente - TelemetriaPulo:71
  23:13:20.995  TEL,11.98,2 SUBIDA SUAVE 3°,145.3,14.72,-0.0463,-1.613,96.82,98.42,98.24,100.1,-0.1135,-0.1689,-0.1007,-0.09129,1.469,1.418,1.396,1.405,-727.6,0.7531,1.426,0.05917,0.01184,0.2042,0.08372,0,0,1  -  Cliente - TelemetriaPulo:71
  23:13:20.995  TEL,11.99,2 SUBIDA SUAVE 3°,145.2,15.8,0.1842,-1.388,96.77,99.25,99.08,100.9,-0.06629,-0.1701,-0.08526,-0.04466,1.514,1.416,1.411,1.452,-726.5,0.9375,1.576,0.06443,0.01639,0.2772,0.08524,0,0,1  -  Cliente - TelemetriaPulo:71
  23:13:20.995  TEL,12,2 SUBIDA SUAVE 3°,145,13.38,0.06213,-1.099,96.69,98.6,100.8,102.6,0.007092,-0.1638,-0.05904,0.03647,1.584,1.422,1.437,1.533,-725.8,1.454,2.05,0.07727,0.02335,0.4028,0.08381,0,0,1  -  Cliente - TelemetriaPulo:71
  23:13:20.995  TEL,12,2 SUBIDA SUAVE 3°,144.9,11.43,-0.03892,-0.9689,96.65,99.8,101.5,103.4,0.02939,-0.1614,-0.05743,0.05837,1.605,1.425,1.439,1.555,-724.9,1.767,2.188,0.08824,0.02624,0.4547,0.08491,0,0,1  -  Cliente - TelemetriaPulo:71
  23:13:20.995  TEL,12.01,2 SUBIDA SUAVE 3°,144.7,9.515,-0.09164,-0.9201,96.61,98.77,102.3,104.1,0.03888,-0.1684,-0.06057,0.06928,1.614,1.418,1.436,1.566,-724.3,2.07,2.568,0.1034,0.02972,0.4978,0.08509,0,0,1  -  Cliente - TelemetriaPulo:71
  23:13:20.995  TEL,12.01,2 SUBIDA SUAVE 3°,144.7,8.32,-0.1907,-0.8413,96.57,99.4,103.1,104.9,0.04115,-0.1762,-0.06674,0.07083,1.616,1.411,1.43,1.567,-723.6,2.337,2.824,0.1228,0.03235,0.5334,0.08664,0,0,1  -  Cliente - TelemetriaPulo:71
  23:13:20.995  TEL,12.02,2 SUBIDA SUAVE 3°,144.7,7.087,-0.258,-0.1623,96.49,96.86,104.5,106.3,0.01437,-0.2529,-0.08039,0.07301,1.591,1.339,1.416,1.569,-723.7,2.608,3.48,0.1717,0.1035,0.5752,0.08743,0,0,0  -  Cliente - TelemetriaPulo:71
  23:13:20.995   ▶ TEL,12.02,2 SUBIDA SUAVE 3°,144.8,7.151,-0.3441,0.04766,96.47,96.83,105.2,107,-0.006485,-0.2592,-0.0857,0.075,1.571,1.333,1.411,1.571,-723.3,2.693,3.688,0.1984,0.1175,0.5811,0.08626,0,0,0 (x2)  -  Cliente - TelemetriaPulo:71
  23:13:20.995  TEL,12.03,2 SUBIDA SUAVE 3°,144.7,6.453,-0.3392,0.09609,96.41,96.74,106.5,108.3,-0.04712,-0.2305,-0.07865,0.0733,1.532,1.36,1.418,1.57,-724,2.676,3.784,0.2501,0.1063,0.5629,0.08257,0,0,0  -  Cliente - TelemetriaPulo:71
  23:13:20.995  TEL,12.03,2 SUBIDA SUAVE 3°,144.8,6.018,-0.4226,0.02601,96.38,96.69,107.1,108.9,-0.06582,-0.203,-0.06767,0.06598,1.515,1.386,1.429,1.562,-723.7,2.549,3.644,0.2726,0.08405,0.5401,0.07855,0,0,0  -  Cliente - TelemetriaPulo:71
  23:13:20.995  TEL,12.04,2 SUBIDA SUAVE 3°,144.9,5.503,-0.4897,-0.05687,96.35,96.65,107.7,109.5,-0.08046,-0.1684,-0.05429,0.05341,1.501,1.418,1.442,1.55,-724,2.343,3.371,0.2916,0.05322,0.5111,0.07383,0,0,0  -  Cliente - TelemetriaPulo:71
  23:13:20.995  TEL,12.05,2 SUBIDA SUAVE 3°,145,4.767,-0.6018,-0.001057,96.29,95.02,108.8,110.7,-0.09608,-0.1651,-0.02327,0.02122,1.486,1.421,1.473,1.518,-724.3,1.617,2.421,0.3173,0.05692,0.4326,0.05122,0,0,0  -  Cliente - TelemetriaPulo:71
  23:13:20.995  TEL,12.05,2 SUBIDA SUAVE 3°,145.8,4.373,-0.6519,0.6197,96.27,94.95,109.4,106.9,-0.109,-0.1481,-0.01967,-0.002997,1.474,1.437,1.477,1.493,-725,1.294,1.814,0.3231,0.05099,0.3865,0.05257,0,0,0  -  Cliente - TelemetriaPulo:71
  23:13:20.995  TEL,12.06,2 SUBIDA SUAVE 3°,145.9,4.485,-0.608,0.9251,96.24,94.9,110,106.2,-0.1201,-0.1195,-0.01396,-0.01594,1.463,1.464,1.482,1.48,-728.8,1.015,1.214,0.3231,0.03905,0.3356,0.0492,0,0,2  -  Cliente - TelemetriaPulo:71
  23:13:20.995  TEL,12.06,2 SUBIDA SUAVE 3°,146,4.473,-0.5539,1.562,96.19,96.27,111.2,103.9,-0.1416,-0.1251,-0.004262,-0.03047,1.443,1.459,1.492,1.466,-729.3,0.6143,-0.2417,0.304,0.0902,0.2165,0.041,0,0,1  -  Cliente - TelemetriaPulo:71
  23:13:20.995  TEL,12.07,2 SUBIDA SUAVE 3°,147,4.531,-0.5606,1.791,96.15,96.21,111.8,96.98,-0.1479,-0.1148,0.0005269,-0.0671,1.437,1.468,1.497,1.429,-730.1,0.6662,-0.7327,0.2838,0.1075,0.1524,0.0722,0,0,0  -  Cliente - TelemetriaPulo:71
  23:13:20.995  TEL,12.07,2 SUBIDA SUAVE 3°,146.6,5.455,-0.401,2.285,96.13,96.16,112.5,97.56,-0.1523,-0.0938,0.01134,-0.07412,1.433,1.488,1.508,1.422,-734.9,0.7255,-0.9546,0.2564,0.1202,0.08232,0.08864,0,0,0  -  Cliente - TelemetriaPulo:71
  23:13:20.995  TEL,12.08,2 SUBIDA SUAVE 3°,148.9,4.954,-0.3584,2.939,96.08,96.11,98.3,98.94,-0.1586,-0.03717,-0.04917,-0.05176,1.427,1.541,1.447,1.445,-733.1,1.375,-0.8842,0.1795,0.139,0.01419,0.09705,0,0,1  -  Cliente - TelemetriaPulo:71
  23:13:20.996  TEL,12.08,2 SUBIDA SUAVE 3°,148.2,5.76,-0.006873,0.3506,95.99,96.03,99.05,99.78,-0.1203,-0.05058,-0.06503,-0.04986,1.463,1.529,1.431,1.447,-744.3,1.911,-0.4939,0.1295,0.1485,0.01586,0.0921,0,0,1  -  Cliente - TelemetriaPulo:71
  23:13:20.996  TEL,12.09,2 SUBIDA SUAVE 3°,147.8,6.014,0.2722,-0.247,95.93,96,99.01,100.6,-0.07879,-0.07598,-0.06874,-0.03861,1.502,1.505,1.428,1.458,-741,2.15,-0.1435,0.0761,0.1554,0.02656,0.08104,0,0,1  -  Cliente - TelemetriaPulo:71
  23:13:20.996  TEL,12.1,2 SUBIDA SUAVE 3°,147.8,5.168,0.3234,-0.6469,97.76,95.94,98.47,102.3,-0.03412,-0.1286,-0.04863,-0.009504,1.544,1.455,1.448,1.487,-739.1,2.295,0.4984,0.01658,0.1542,0.03072,0.04717,0,0,3  -  Cliente - TelemetriaPulo:71
  23:13:20.996  TEL,12.1,2 SUBIDA SUAVE 3°,147.6,4.422,0.3179,-0.4834,97.56,95.91,98.42,103.1,-0.06499,-0.1491,-0.03496,0.0007986,1.516,1.436,1.461,1.497,-739,1.856,0.7652,0.02262,0.1429,0.02827,0.02588,0,0,3  -  Cliente - TelemetriaPulo:71
  23:13:20.996  TEL,12.11,2 SUBIDA SUAVE 3°,148.4,4.122,0.1912,-0.6423,97.51,95.88,99.23,99.81,-0.07409,-0.1579,-0.02698,-0.01171,1.507,1.428,1.469,1.485,-738,1.714,0.9021,0.02496,0.1234,0.02139,0.02214,0,0,3  -  Cliente - TelemetriaPulo:71
  23:13:20.996  TEL,12.11,2 SUBIDA SUAVE 3°,148.7,4.774,0.2222,-0.3968,98.22,95.82,99.21,99.95,-0.09332,-0.1462,-0.02631,-0.03698,1.489,1.439,1.47,1.459,-741.9,1.078,0.998,0.0221,0.06012,0.02562,0.02184,0,0,3  -  Cliente - TelemetriaPulo:71
  23:13:20.996  TEL,12.12,2 SUBIDA SUAVE 3°,148.5,4.524,0.4152,-0.08906,99.6,95.79,99.2,100.1,-0.1171,-0.1299,-0.02137,-0.03821,1.466,1.454,1.475,1.458,-743.4,0.6891,1.004,0.02206,0.01817,0.02609,0.02463,0,0,4  -  Cliente - TelemetriaPulo:71
  23:13:20.996  TEL,12.12,2 SUBIDA SUAVE 3°,148.5,4.583,0.4315,0.5334,99.95,98.37,99.42,100.1,-0.1521,-0.1306,-0.02332,-0.03563,1.433,1.454,1.473,1.461,-742.4,0.4065,0.6241,0.0247,0.01221,0.02487,0.03351,0,0,4  -  Cliente - TelemetriaPulo:71
  23:13:20.996  TEL,12.13,2 SUBIDA SUAVE 3°,148.2,4.993,0.4452,-0.2972,100.4,98.37,99.37,100.9,-0.163,-0.264,-0.01679,-0.03484,1.423,1.327,1.48,1.462,-742.3,0.1301,0.5833,0.02188,0.08965,0.02501,0.03651,0,0,3  -  Cliente - TelemetriaPulo:71
  23:13:20.996  TEL,12.14,2 SUBIDA SUAVE 3°,148.4,7.725,0.07324,0.9776,100,98.04,99.78,102.6,-0.2086,-0.3327,-0.02097,0.003214,1.38,1.266,1.475,1.5,-741.1,-0.4013,-0.508,0.03423,0.1855,0.02345,0.02812,0,0,3  -  Cliente - TelemetriaPulo:71
  23:13:20.996  TEL,12.14,2 SUBIDA SUAVE 3°,148.6,8.974,-0.1538,0.7197,99.95,97.95,99.16,103.4,-0.2165,-0.3351,-0.03472,0.01859,1.373,1.263,1.462,1.515,-742.2,-0.6478,-0.5797,0.03753,0.2058,0.02572,0.02135,0,0,3  -  Cliente - TelemetriaPulo:71
  23:13:20.996  TEL,12.15,2 SUBIDA SUAVE 3°,149,10.28,-0.3297,0.4174,99.89,97.87,99.44,102.1,-0.1957,-0.3139,-0.04771,0.02129,1.393,1.283,1.449,1.518,-742.9,-0.7167,-0.5664,0.02968,0.2089,0.02923,0.02171,0,0,3  -  Cliente - TelemetriaPulo:71
  23:13:20.996  TEL,12.15,2 SUBIDA SUAVE 3°,149.2,11.43,-0.4173,0.3528,99.55,97.8,99.45,102.7,-0.1775,-0.272,-0.05816,0.0255,1.41,1.322,1.438,1.522,-745.2,-0.7843,-0.4559,0.02883,0.1971,0.03268,0.02072,0,0,3  -  Cliente - TelemetriaPulo:71
  23:13:20.996  TEL,12.16,2 SUBIDA SUAVE 3°,149.6,12.2,-0.5073,-0.1757,99.48,97.7,99.65,103.4,-0.1148,-0.1567,-0.05492,0.02305,1.469,1.429,1.441,1.519,-745.8,-0.4257,-0.08071,0.03319,0.1419,0.02701,0.01957,0,0,3  -  Cliente - TelemetriaPulo:71
  23:13:20.996  TEL,12.16,2 SUBIDA SUAVE 3°,149.6,11.73,-0.4654,-0.4283,99.44,97.66,100.1,103.4,-0.07768,-0.09957,-0.05215,0.01425,1.503,1.483,1.444,1.511,-747.8,-0.351,0.06939,0.03023,0.1058,0.02858,0.01861,0,0,3  -  Cliente - TelemetriaPulo:71
  23:13:20.996  TEL,12.17,2 SUBIDA SUAVE 3°,149.6,8.877,-0.1114,-0.6955,99.46,97.61,100.2,103.1,-0.0238,-0.01961,-0.02764,-0.007912,1.554,1.558,1.469,1.488,-748,-0.256,0.2005,0.0251,0.03133,0.02514,0.01726,0,0,4  -  Cliente - TelemetriaPulo:71
  23:13:20.996  TEL,12.17,2 SUBIDA SUAVE 3°,149.6,6.805,0.09074,-0.7736,99.42,97.57,100.3,102.8,-0.01918,-0.002729,-0.01278,-0.01744,1.559,1.574,1.484,1.479,-747.9,-0.2576,0.2069,0.02513,-0.00366,0.02177,0.01455,0,0,4  -  Cliente - TelemetriaPulo:71
  23:13:20.996  TEL,12.18,2 SUBIDA SUAVE 3°,150.1,6.113,-0.01887,-0.778,99.61,99.84,100.5,100.9,-0.01845,-0.06102,-0.01442,-0.03969,1.559,1.519,1.482,1.457,-747.9,-0.2573,0.09196,0.02908,0.02,0.02592,0.01698,0,0,4  -  Cliente - TelemetriaPulo:71
  23:13:20.996  TEL,12.18,2 SUBIDA SUAVE 3°,149.7,6.606,0.3249,0.7518,99.55,99.51,101.2,101.2,-0.06646,-0.151,-0.05677,-0.02043,1.514,1.434,1.44,1.476,-750.3,-0.0776,-0.4904,0.035,0.1207,0.05725,0.02205,0,0,2  -  Cliente - TelemetriaPulo:71
  23:13:20.996  TEL,12.19,2 SUBIDA SUAVE 3°,149.9,7.203,0.3112,0.2201,99.52,99.44,102,100.3,-0.0779,-0.1961,-0.05233,-0.01952,1.503,1.392,1.444,1.477,-748.7,0.07118,-0.4226,0.03282,0.1581,0.05962,0.03466,0,0,2  -  Cliente - TelemetriaPulo:71
  23:13:20.996  TEL,12.2,2 SUBIDA SUAVE 3°,149.8,8.086,0.2636,0.6834,99.49,99.39,102.8,101.1,-0.08935,-0.2173,-0.04697,-0.005758,1.492,1.372,1.449,1.491,-749.4,0.1487,-0.2748,0.02691,0.1834,0.05595,0.04262,0,0,2  -  Cliente - TelemetriaPulo:71
  23:13:20.997  TEL,12.2,2 SUBIDA SUAVE 3°,149.9,8.776,-0.05693,0.8184,99.68,99.31,104.3,102.6,-0.1037,-0.2053,-0.0372,0.01717,1.479,1.384,1.459,1.514,-749,0.2647,0.3514,0.02459,0.1986,0.03206,0.05207,0,0,2  -  Cliente - TelemetriaPulo:71
  23:13:20.997  TEL,12.21,2 SUBIDA SUAVE 3°,150.1,7.276,0.1095,0.1597,100.1,99.28,100.7,103.3,-0.1076,-0.2008,-0.03867,0.0191,1.475,1.388,1.458,1.515,-749.3,0.4846,0.6923,0.02443,0.191,0.03309,0.05426,0,0,2  -  Cliente - TelemetriaPulo:71
  23:13:20.997  TEL,12.21,2 SUBIDA SUAVE 3°,150.2,7.296,0.05639,-0.06047,100.2,99.24,100.9,104.1,-0.1151,-0.1892,-0.03428,0.01708,1.468,1.399,1.462,1.513,-750.7,0.5312,0.9739,0.02859,0.1735,0.03049,0.0541,0,0,2  -  Cliente - TelemetriaPulo:71
  23:13:20.997  TEL,12.22,2 SUBIDA SUAVE 3°,150.2,7.401,0.04281,-0.6347,100.7,99.17,101.2,105.6,-0.1073,-0.1488,-0.03915,0.008744,1.475,1.436,1.457,1.505,-750.9,0.4663,1.281,0.02602,0.1135,0.04688,0.04516,0,0,3  -  Cliente - TelemetriaPulo:71
  23:13:20.997  TEL,12.22,2 SUBIDA SUAVE 3°,150.2,7.074,0.04408,-0.8665,100.7,99.14,101.9,106.4,-0.1114,-0.1259,-0.02696,0.004035,1.472,1.458,1.469,1.5,-750.9,0.4138,1.31,0.03912,0.07372,0.04596,0.03558,0,0,3  -  Cliente - TelemetriaPulo:71
  23:13:20.997  TEL,12.23,2 SUBIDA SUAVE 3°,150.1,6.468,0.01763,-0.8509,100.6,99.11,102.7,107.1,-0.1111,-0.09989,-0.01455,-0.0002419,1.472,1.482,1.482,1.496,-750.8,0.2632,1.241,0.0458,0.02932,0.0413,0.02222,0,0,4  -  Cliente - TelemetriaPulo:71
  23:13:20.997  TEL,12.23,2 SUBIDA SUAVE 3°,151,5.105,0.09059,0.005297,100.6,101.5,104,102.2,-0.1249,-0.06961,-0.00574,-0.02667,1.459,1.511,1.491,1.47,-750.7,-0.04862,0.3241,0.04351,-0.02063,0.0221,0.02388,0,0,4  -  Cliente - TelemetriaPulo:71
  23:13:20.997  TEL,12.24,2 SUBIDA SUAVE 3°,151.5,4.872,0.1197,0.2797,100.5,101.3,101.3,102,-0.1358,-0.09158,-0.0186,-0.02691,1.449,1.49,1.478,1.469,-755.1,-0.1126,-0.06251,0.03362,-0.02099,0.02171,0.02211,0,0,4  -  Cliente - TelemetriaPulo:71
  23:13:20.997  TEL,12.25,2 SUBIDA SUAVE 3°,151.5,5.157,0.1822,0.1695,100.5,101.2,101.4,101.9,-0.1374,-0.1699,-0.02748,-0.02958,1.447,1.417,1.469,1.467,-757.6,-0.144,-0.6704,0.01672,0.05126,0.02425,0.02319,0,0,3  -  Cliente - TelemetriaPulo:71
  23:13:20.997  TEL,12.25,2 SUBIDA SUAVE 3°,151.4,7.459,0.2211,0.3079,101.5,101.1,102.3,101.5,-0.1654,-0.2338,-0.05392,-0.01096,1.421,1.357,1.442,1.485,-757.7,-0.04094,-1.073,0.01648,0.1134,0.04364,0.02579,0,0,3  -  Cliente - TelemetriaPulo:71
  23:13:20.997  TEL,12.26,2 SUBIDA SUAVE 3°,151.4,8.473,0.1647,0.2345,101.6,101,103,101.4,-0.1712,-0.2403,-0.04731,0.0004232,1.415,1.351,1.449,1.497,-756.8,0.02313,-1.058,0.02175,0.1259,0.04208,0.02716,0,0,3  -  Cliente - TelemetriaPulo:71
  23:13:20.997  TEL,12.26,2 SUBIDA SUAVE 3°,151.3,8.984,0.0462,0.01005,101.5,100.9,103.8,101.4,-0.1675,-0.2327,-0.03438,-0.0187,1.419,1.358,1.462,1.478,-756.8,0.008974,-0.9268,0.0272,0.1281,0.03507,0.05253,0,0,2  -  Cliente - TelemetriaPulo:71
  23:13:20.997  TEL,12.27,2 SUBIDA SUAVE 3°,151.2,9.943,0.03337,0.4395,101.4,100.9,104.5,102.1,-0.1581,-0.2032,-0.02009,-0.02043,1.428,1.386,1.476,1.476,-756.5,-0.05458,-0.7048,0.02831,0.1211,0.024,0.071,0,0,2  -  Cliente - TelemetriaPulo:71
  23:13:20.997  TEL,12.27,2 SUBIDA SUAVE 3°,151.7,9.943,-0.01499,0.1218,101.6,100.8,101.6,103.6,-0.1245,-0.1245,-0.01616,-0.02102,1.459,1.459,1.48,1.475,-756,0.00846,-0.08407,0.02692,0.08535,0.02892,0.09303,0,0,2  -  Cliente - TelemetriaPulo:71
  23:13:20.997  TEL,12.28,2 SUBIDA SUAVE 3°,151.7,9.409,4.786e-05,-0.032,101.6,100.8,101.6,104.3,-0.1059,-0.08559,-0.009736,-0.02043,1.477,1.496,1.487,1.476,-758.6,-0.007418,0.2381,0.0286,0.06418,0.03038,0.09688,0,0,2  -  Cliente - TelemetriaPulo:71
  23:13:20.997  TEL,12.28,2 SUBIDA SUAVE 3°,151.7,6.842,0.1043,-0.3929,101.8,100.7,102,105.8,-0.0753,-0.03004,0.005581,-0.02184,1.506,1.548,1.502,1.475,-758.6,-0.06892,0.7548,0.02747,0.01981,0.02977,0.09078,0,0,3  -  Cliente - TelemetriaPulo:71
  23:13:20.997  TEL,12.29,2 SUBIDA SUAVE 3°,151.5,5.165,0.1929,-0.6275,101.7,101.8,102.7,106.5,-0.06525,-0.03778,0.01383,-0.02437,1.515,1.541,1.51,1.472,-758.4,-0.1306,0.933,0.02834,0.01645,0.02723,0.08047,0,0,3  -  Cliente - TelemetriaPulo:71
  23:13:20.997  TEL,12.3,2 SUBIDA SUAVE 3°,151.5,3.66,0.2383,-0.3964,101.7,101.9,103.4,107.2,-0.06288,-0.04941,0.01682,-0.0233,1.517,1.53,1.513,1.473,-757.5,-0.2493,0.8697,0.02711,0.0184,0.02278,0.06501,0,0,3  -  Cliente - TelemetriaPulo:71
  23:13:20.997  TEL,12.3,2 SUBIDA SUAVE 3°,152.1,2.225,0.1305,0.003937,102.2,101.8,102,108.5,-0.07679,-0.07543,-0.008287,-0.01434,1.504,1.505,1.488,1.482,-757.3,-0.3705,0.6637,0.02781,0.02656,0.02181,0.02008,0,0,4  -  Cliente - TelemetriaPulo:71
  23:13:20.997  TEL,12.31,2 SUBIDA SUAVE 3°,153.1,1.828,0.2032,0.2327,102.2,101.7,102.5,102.9,-0.09016,-0.08206,-0.0302,-0.02522,1.491,1.499,1.466,1.471,-760.5,-0.2599,0.4552,0.0286,0.02703,0.02208,0.01711,0,0,4  -  Cliente - TelemetriaPulo:71
  23:13:20.998  TEL,12.31,2 SUBIDA SUAVE 3°,153,2.677,0.5325,-0.2848,101.6,101.7,102.7,102.9,-0.1071,-0.1469,-0.0392,-0.04425,1.476,1.438,1.457,1.452,-765.5,-0.09548,0.0951,0.02757,0.05828,0.0251,0.02323,0,0,3  -  Cliente - TelemetriaPulo:71
  23:13:20.998  TEL,12.32,2 SUBIDA SUAVE 3°,153.1,3.784,0.5455,0.3115,101.6,101.6,103,103,-0.1133,-0.1641,-0.03549,-0.03952,1.47,1.422,1.461,1.457,-765.1,-0.03399,-0.3076,0.02604,0.08272,0.0239,0.02521,0,0,3  -  Cliente - TelemetriaPulo:71
  23:13:20.998  TEL,12.32,2 SUBIDA SUAVE 3°,153.3,4.453,0.5105,0.5188,101.6,101.6,103.2,103,-0.1145,-0.173,-0.03692,-0.02327,1.469,1.414,1.459,1.473,-765.6,0.04476,-0.4565,0.01902,0.09799,0.0229,0.02352,0,0,3  -  Cliente - TelemetriaPulo:71
  23:13:20.998  TEL,12.33,2 SUBIDA SUAVE 3°,153.1,4.714,0.6664,-0.1233,102.4,101.5,103.7,102.9,-0.1139,-0.1818,-0.0435,-0.009223,1.469,1.405,1.453,1.487,-766.4,0.2442,-0.5205,0.0247,0.1097,0.04955,0.02491,0,0,3  -  Cliente - TelemetriaPulo:71
  23:13:20.998  TEL,12.33,2 SUBIDA SUAVE 3°,153.2,4.622,0.6158,-0.1223,102.6,101.4,104.4,102.9,-0.1097,-0.175,-0.03433,-0.0001647,1.473,1.412,1.462,1.496,-765.7,0.29,-0.4891,0.02507,0.1026,0.05269,0.02519,0,0,2  -  Cliente - TelemetriaPulo:71
  23:13:20.998  TEL,12.34,2 SUBIDA SUAVE 3°,153.2,4.205,0.5444,-0.1801,102.7,101.4,105.1,102.9,-0.1065,-0.1609,-0.02391,0.001796,1.476,1.425,1.472,1.498,-765.8,0.2719,-0.4122,0.02686,0.08871,0.05165,0.02767,0,0,2  -  Cliente - TelemetriaPulo:71
  23:13:20.998  TEL,12.34,2 SUBIDA SUAVE 3°,153.1,3.648,0.4838,-0.03768,102.6,101.4,105.8,103.6,-0.101,-0.1384,-0.01649,0.004457,1.481,1.446,1.48,1.501,-766,0.1925,-0.2886,0.02496,0.06842,0.0471,0.02639,0,0,3  -  Cliente - TelemetriaPulo:71
  23:13:20.998  TEL,12.35,2 SUBIDA SUAVE 3°,153.2,2.117,0.3763,0.2428,102.8,101.3,107.2,103.1,-0.1365,-0.08219,-0.008893,-0.02875,1.448,1.499,1.487,1.468,-765.7,0.01114,0.05306,0.05845,0.01301,0.02936,0.0511,0,0,2  -  Cliente - TelemetriaPulo:71
  23:13:20.998  TEL,12.36,2 SUBIDA SUAVE 3°,152.9,2.373,0.5222,-0.08256,102.8,103.2,107.9,103.7,-0.1413,-0.08949,0.006545,-0.04896,1.444,1.492,1.503,1.447,-766.1,-0.09091,0.1858,0.06443,0.01011,0.01753,0.07231,0,0,2  -  Cliente - TelemetriaPulo:71
  23:13:20.998  TEL,12.36,2 SUBIDA SUAVE 3°,153.6,2.413,0.5998,0.115,102.7,103.4,104.7,104.9,-0.148,-0.0819,0.008263,-0.05066,1.437,1.499,1.505,1.446,-764.5,-0.1257,0.219,0.05455,0.004963,0.01978,0.09382,0,0,2  -  Cliente - TelemetriaPulo:71
  23:13:20.998  TEL,12.37,2 SUBIDA SUAVE 3°,153.5,2.184,0.6116,-0.01625,102.7,103.7,105.4,105.6,-0.1379,-0.1021,0.01717,-0.04652,1.447,1.48,1.514,1.45,-767.8,-0.1752,0.1848,0.03871,0.01878,0.02233,0.09792,0,0,3  -  Cliente - TelemetriaPulo:71
  23:13:20.999  TEL,12.37,2 SUBIDA SUAVE 3°,153.5,1.65,0.572,0.08185,102.6,103.3,106,106.3,-0.1244,-0.1131,0.02126,-0.03837,1.459,1.47,1.518,1.458,-767.3,-0.2425,0.1719,0.0168,0.02391,0.02307,0.09629,0,0,3  -  Cliente - TelemetriaPulo:71
  23:13:20.999  TEL,12.38,2 SUBIDA SUAVE 3°,153.6,0.4631,0.4553,-0.01138,103.3,103.1,106.7,107.5,-0.138,-0.1374,0.02041,-0.02689,1.447,1.447,1.517,1.469,-767.5,-0.2716,0.2039,0.01119,0.02798,0.02863,0.0853,0,0,3  -  Cliente - TelemetriaPulo:71
  23:13:20.999  TEL,12.38,2 SUBIDA SUAVE 3°,153.7,0.1817,0.3754,0.1586,103.4,103,107.4,108.2,-0.1568,-0.1386,0.01264,-0.01642,1.429,1.446,1.509,1.48,-767.9,-0.1685,0.2329,0.02068,0.02373,0.02901,0.0741,0,0,3  -  Cliente - TelemetriaPulo:71
  23:13:20.999  TEL,12.39,2 SUBIDA SUAVE 3°,153.7,-0.02583,0.2904,-0.04146,103.1,103.1,108,108.7,-0.1676,-0.1506,0.007805,-0.01047,1.419,1.435,1.504,1.486,-768.4,-0.1218,0.2938,0.02501,0.02448,0.0265,0.06139,0,0,3  -  Cliente - TelemetriaPulo:71
  23:13:20.999  TEL,12.4,2 SUBIDA SUAVE 3°,154,0.2305,0.09116,-0.4781,102.9,103,108.3,109.9,-0.1966,-0.1598,0.004672,-0.009822,1.392,1.426,1.501,1.487,-768.6,-0.1052,0.211,0.05947,0.01861,0.02242,0.0297,0,0,3  -  Cliente - TelemetriaPulo:71
  23:13:20.999  TEL,12.4,2 SUBIDA SUAVE 3°,154.4,0.4176,-0.001935,-0.3659,102.9,103,106.9,110.4,-0.1915,-0.1676,-0.005354,-0.007151,1.396,1.419,1.491,1.489,-769.9,-0.1253,0.1072,0.06103,0.0226,0.02411,0.008786,0,0,3  -  Cliente - TelemetriaPulo:71
  23:13:20.999  TEL,12.41,2 SUBIDA SUAVE 3°,155.3,0.8055,-0.05457,-0.02517,102.8,102.9,107.4,105.4,-0.1789,-0.1644,-0.01612,-0.01876,1.408,1.422,1.48,1.478,-771.8,-0.08208,-0.139,0.05334,0.02516,0.02486,0.009875,0,0,3  -  Cliente - TelemetriaPulo:71
  23:13:20.999  TEL,12.41,2 SUBIDA SUAVE 3°,155.5,1.566,-0.008249,0.1509,102.8,103,106.7,104.9,-0.1578,-0.1536,-0.02377,-0.02081,1.428,1.432,1.473,1.476,-776.6,-0.007256,-0.3665,0.03737,0.02501,0.02544,0.009156,0,0,4  -  Cliente - TelemetriaPulo:71
  23:13:20.999  TEL,12.42,2 SUBIDA SUAVE 3°,155.3,2.052,0.09403,0.9717,103.7,103.3,106.8,105.5,-0.2076,-0.1324,-0.03445,-0.01399,1.382,1.452,1.462,1.482,-777.7,0.2788,-0.6446,0.08083,0.04147,0.02331,0.02335,0,0,3  -  Cliente - TelemetriaPulo:71
  23:13:20.999  TEL,12.42,2 SUBIDA SUAVE 3°,155.6,2.62,0.007792,-0.2868,103.6,103.1,105.6,105.3,-0.2415,-0.1479,-0.02816,-0.01146,1.35,1.437,1.468,1.485,-776.4,0.7717,-0.4223,0.1321,0.05438,0.02297,0.02413,0,0,2  -  Cliente - TelemetriaPulo:71
  23:13:20.999  TEL,12.43,2 SUBIDA SUAVE 3°,155.5,3.321,-0.09357,-0.9136,103.6,103.1,106.3,105.9,-0.2494,-0.1521,-0.004504,-0.02105,1.343,1.433,1.492,1.475,-778.2,0.8802,-0.3501,0.1695,0.06001,0.01847,0.02128,0,0,2  -  Cliente - TelemetriaPulo:71
  23:13:20.999  TEL,12.43,2 SUBIDA SUAVE 3°,156.1,4.499,-0.216,-0.7255,103.5,103,104.9,104.9,-0.2245,-0.113,-0.01033,-0.03,1.366,1.47,1.486,1.466,-777.6,0.7897,-0.3721,0.2054,0.05035,0.05054,0.027,0,0,1  -  Cliente - TelemetriaPulo:71
  23:13:20.999  TEL,12.44,2 SUBIDA SUAVE 3°,156.1,4.655,-0.2259,-0.7515,103.4,103,105.5,104.8,-0.1907,-0.08748,-0.0009214,-0.03801,1.397,1.494,1.495,1.458,-780.6,0.5675,-0.3792,0.2071,0.03905,0.06031,0.03089,0,0,2  -  Cliente - TelemetriaPulo:71
  23:13:20.999  TEL,12.44,2 SUBIDA SUAVE 3°,156.1,4.326,-0.2111,-0.6411,103.4,102.9,106.2,104.8,-0.1517,-0.05973,0.00853,-0.04244,1.434,1.52,1.505,1.454,-780.7,0.2659,-0.3831,0.2011,0.02503,0.06919,0.03462,0,0,2  -  Cliente - TelemetriaPulo:71
  23:13:20.999  TEL,12.45,2 SUBIDA SUAVE 3°,156,1.894,-0.1023,-0.1566,103.3,104.5,107.5,104.3,-0.091,-0.0449,0.01324,-0.03499,1.491,1.534,1.51,1.461,-780.5,-0.3723,-0.502,0.1745,0.03207,0.08132,0.03352,0,0,2  -  Cliente - TelemetriaPulo:71
  23:13:20.999  TEL,12.46,2 SUBIDA SUAVE 3°,155.8,0.5994,-0.01679,0.07044,103.3,104.4,108.1,105.4,-0.07116,-0.04576,0.01175,-0.032,1.51,1.533,1.508,1.464,-780.2,-0.6545,-0.5005,0.157,0.03275,0.08356,0.03305,0,0,2  -  Cliente - TelemetriaPulo:71
  23:13:20.999  TEL,12.46,2 SUBIDA SUAVE 3°,155.9,-0.7262,0.06504,0.2543,103.3,104.4,108.8,105.1,-0.05934,-0.045,0.009141,-0.02851,1.521,1.534,1.506,1.468,-779.1,-0.8621,-0.5532,0.1374,0.03342,0.0826,0.03243,0,0,2  -  Cliente - TelemetriaPulo:71
  23:13:20.999  TEL,12.47,2 SUBIDA SUAVE 3°,156.3,-1.887,0.1607,0.6501,103.2,104.3,110,104.6,-0.04705,-0.04242,0.0004571,-0.04131,1.532,1.537,1.497,1.455,-779.6,-0.9675,-0.4294,0.09417,0.03043,0.07002,0.05246,0,0,1  -  Cliente - TelemetriaPulo:71
  23:13:20.999  TEL,12.47,2 SUBIDA SUAVE 3°,156.2,-2.843,0.2543,0.7715,103.2,104.4,110.6,105.2,-0.05283,-0.04631,-0.0001086,-0.032,1.527,1.533,1.496,1.464,-781.4,-0.9181,-0.2667,0.07051,0.02805,0.05777,0.05303,0,0,1  -  Cliente - TelemetriaPulo:71
  23:13:20.999  TEL,12.48,2 SUBIDA SUAVE 3°,156.2,-3.992,0.294,0.7698,103.2,104.8,111.1,105.8,-0.06231,-0.0569,-0.0001858,-0.02147,1.518,1.523,1.496,1.475,-781.1,-0.8034,-0.08672,0.04486,0.02624,0.04201,0.04938,0,0,4  -  Cliente - TelemetriaPulo:71
  23:13:21.000  TEL,12.48,2 SUBIDA SUAVE 3°,157.3,-6.055,0.2682,-0.03221,104.8,105.3,106.2,106.9,-0.09921,-0.1094,-0.01533,-0.01663,1.483,1.473,1.481,1.48,-781.1,-0.007369,0.2242,0.01606,0.02431,0.02337,0.03074,0,0,4  -  Cliente - TelemetriaPulo:71
  23:13:21.000  TEL,12.49,2 SUBIDA SUAVE 3°,157.3,-5.587,0.2929,0.1524,104.8,105.5,105.4,107.5,-0.1813,-0.1402,-0.02848,-0.01166,1.407,1.444,1.468,1.485,-786.6,0.3829,0.2161,0.05891,0.02475,0.02606,0.01505,0,0,3  -  Cliente - TelemetriaPulo:71
  23:13:21.000  TEL,12.49,2 SUBIDA SUAVE 3°,157.5,-3.939,0.1431,0.5454,104.6,105.4,106,105.9,-0.2404,-0.146,-0.04458,-0.06202,1.35,1.439,1.452,1.434,-786.3,0.9581,0.1985,0.08895,0.02173,0.02192,0.06341,0,0,2  -  Cliente - TelemetriaPulo:71
  23:13:21.000  TEL,12.5,2 SUBIDA SUAVE 3°,156.9,0.7026,0.581,-0.03967,104.5,105.5,106.3,106.9,-0.2783,-0.1793,-0.002769,-0.08366,1.316,1.408,1.494,1.413,-787.3,1.495,0.2909,0.1033,0.02575,0.0214,0.1251,0,0,2  -  Cliente - TelemetriaPulo:71
  23:13:21.000  TEL,12.51,2 SUBIDA SUAVE 3°,156.9,1.727,0.4967,-0.06901,104.4,105.4,106.5,107.5,-0.2678,-0.1868,0.02509,-0.07479,1.326,1.401,1.521,1.422,-784.3,1.51,0.3395,0.08853,0.02677,0.0223,0.1423,0,0,2  -  Cliente - TelemetriaPulo:71
  23:13:21.000  TEL,12.51,2 SUBIDA SUAVE 3°,156.9,2.055,0.3132,0.1333,104.4,105.3,107.1,108.1,-0.2414,-0.1852,0.04261,-0.06196,1.35,1.402,1.539,1.434,-784.3,1.378,0.3988,0.06057,0.0271,0.02377,0.1527,0,0,2  -  Cliente - TelemetriaPulo:71
  23:13:21.000  TEL,12.52,2 SUBIDA SUAVE 3°,157,1.376,-0.02296,0.1086,105.1,105.4,108,109.3,-0.1881,-0.1648,0.04531,-0.0397,1.399,1.421,1.542,1.457,-784.5,1.054,0.5608,0.01622,0.02485,0.02917,0.1578,0,0,3  -  Cliente - TelemetriaPulo:71
  23:13:21.000  TEL,12.52,2 SUBIDA SUAVE 3°,156.9,1.06,-0.1469,0.2859,105,105.2,108.6,109.8,-0.1893,-0.1566,0.0406,-0.03455,1.399,1.429,1.537,1.462,-785.1,0.4871,0.5375,0.01199,0.02648,0.0304,0.1528,0,0,3  -  Cliente - TelemetriaPulo:71
  23:13:21.000  ===== fim =====  -  Cliente - TelemetriaPulo:72
  23:13:21.584  ##### PULO #2  trecho=2 SUBIDA SUAVE 3°  vel=157  impulso no frame t=12.502 (ΔVy=4.6, assoalho=0, asa=0, rodas no chão antes=2)  -  Cliente - TelemetriaPulo:215
  23:13:21.584  ===== PULO #2 =====  -  Cliente - TelemetriaPulo:69
  23:13:21.584  TEL,t,trecho,vel,vyChassi,arfagem,rolagem,wFD,wFE,wTD,wTE,posFD,posFE,posTD,posTE,molaFD,molaFE,molaTD,molaTE,downforce,dirFD,dirFE,chaoFD,chaoFE,chaoTD,chaoTE,assoalho,asa,rodasNoChao  -  Cliente - TelemetriaPulo:70
  23:13:21.584  TEL,12.12,2 SUBIDA SUAVE 3°,148.5,4.583,0.4315,0.5334,99.95,98.37,99.42,100.1,-0.1521,-0.1306,-0.02332,-0.03563,1.433,1.454,1.473,1.461,-742.4,0.4065,0.6241,0.0247,0.01221,0.02487,0.03351,0,0,4  -  Cliente - TelemetriaPulo:71
  23:13:21.584  TEL,12.13,2 SUBIDA SUAVE 3°,148.2,4.993,0.4452,-0.2972,100.4,98.37,99.37,100.9,-0.163,-0.264,-0.01679,-0.03484,1.423,1.327,1.48,1.462,-742.3,0.1301,0.5833,0.02188,0.08965,0.02501,0.03651,0,0,3  -  Cliente - TelemetriaPulo:71
  23:13:21.584  TEL,12.14,2 SUBIDA SUAVE 3°,148.4,7.725,0.07324,0.9776,100,98.04,99.78,102.6,-0.2086,-0.3327,-0.02097,0.003214,1.38,1.266,1.475,1.5,-741.1,-0.4013,-0.508,0.03423,0.1855,0.02345,0.02812,0,0,3  -  Cliente - TelemetriaPulo:71
  23:13:21.584  TEL,12.14,2 SUBIDA SUAVE 3°,148.6,8.974,-0.1538,0.7197,99.95,97.95,99.16,103.4,-0.2165,-0.3351,-0.03472,0.01859,1.373,1.263,1.462,1.515,-742.2,-0.6478,-0.5797,0.03753,0.2058,0.02572,0.02135,0,0,3  -  Cliente - TelemetriaPulo:71
  23:13:21.584  TEL,12.15,2 SUBIDA SUAVE 3°,149,10.28,-0.3297,0.4174,99.89,97.87,99.44,102.1,-0.1957,-0.3139,-0.04771,0.02129,1.393,1.283,1.449,1.518,-742.9,-0.7167,-0.5664,0.02968,0.2089,0.02923,0.02171,0,0,3  -  Cliente - TelemetriaPulo:71
  23:13:21.585  TEL,12.15,2 SUBIDA SUAVE 3°,149.2,11.43,-0.4173,0.3528,99.55,97.8,99.45,102.7,-0.1775,-0.272,-0.05816,0.0255,1.41,1.322,1.438,1.522,-745.2,-0.7843,-0.4559,0.02883,0.1971,0.03268,0.02072,0,0,3  -  Cliente - TelemetriaPulo:71
  23:13:21.585  TEL,12.16,2 SUBIDA SUAVE 3°,149.6,12.2,-0.5073,-0.1757,99.48,97.7,99.65,103.4,-0.1148,-0.1567,-0.05492,0.02305,1.469,1.429,1.441,1.519,-745.8,-0.4257,-0.08071,0.03319,0.1419,0.02701,0.01957,0,0,3  -  Cliente - TelemetriaPulo:71
  23:13:21.585  TEL,12.16,2 SUBIDA SUAVE 3°,149.6,11.73,-0.4654,-0.4283,99.44,97.66,100.1,103.4,-0.07768,-0.09957,-0.05215,0.01425,1.503,1.483,1.444,1.511,-747.8,-0.351,0.06939,0.03023,0.1058,0.02858,0.01861,0,0,3  -  Cliente - TelemetriaPulo:71
  23:13:21.585  TEL,12.17,2 SUBIDA SUAVE 3°,149.6,8.877,-0.1114,-0.6955,99.46,97.61,100.2,103.1,-0.0238,-0.01961,-0.02764,-0.007912,1.554,1.558,1.469,1.488,-748,-0.256,0.2005,0.0251,0.03133,0.02514,0.01726,0,0,4  -  Cliente - TelemetriaPulo:71
  23:13:21.585  TEL,12.17,2 SUBIDA SUAVE 3°,149.6,6.805,0.09074,-0.7736,99.42,97.57,100.3,102.8,-0.01918,-0.002729,-0.01278,-0.01744,1.559,1.574,1.484,1.479,-747.9,-0.2576,0.2069,0.02513,-0.00366,0.02177,0.01455,0,0,4  -  Cliente - TelemetriaPulo:71
  23:13:21.585  TEL,12.18,2 SUBIDA SUAVE 3°,150.1,6.113,-0.01887,-0.778,99.61,99.84,100.5,100.9,-0.01845,-0.06102,-0.01442,-0.03969,1.559,1.519,1.482,1.457,-747.9,-0.2573,0.09196,0.02908,0.02,0.02592,0.01698,0,0,4  -  Cliente - TelemetriaPulo:71
  23:13:21.585  TEL,12.18,2 SUBIDA SUAVE 3°,149.7,6.606,0.3249,0.7518,99.55,99.51,101.2,101.2,-0.06646,-0.151,-0.05677,-0.02043,1.514,1.434,1.44,1.476,-750.3,-0.0776,-0.4904,0.035,0.1207,0.05725,0.02205,0,0,2  -  Cliente - TelemetriaPulo:71
  23:13:21.585  TEL,12.19,2 SUBIDA SUAVE 3°,149.9,7.203,0.3112,0.2201,99.52,99.44,102,100.3,-0.0779,-0.1961,-0.05233,-0.01952,1.503,1.392,1.444,1.477,-748.7,0.07118,-0.4226,0.03282,0.1581,0.05962,0.03466,0,0,2  -  Cliente - TelemetriaPulo:71
  23:13:21.585  TEL,12.2,2 SUBIDA SUAVE 3°,149.8,8.086,0.2636,0.6834,99.49,99.39,102.8,101.1,-0.08935,-0.2173,-0.04697,-0.005758,1.492,1.372,1.449,1.491,-749.4,0.1487,-0.2748,0.02691,0.1834,0.05595,0.04262,0,0,2  -  Cliente - TelemetriaPulo:71
  23:13:21.585  TEL,12.2,2 SUBIDA SUAVE 3°,149.9,8.776,-0.05693,0.8184,99.68,99.31,104.3,102.6,-0.1037,-0.2053,-0.0372,0.01717,1.479,1.384,1.459,1.514,-749,0.2647,0.3514,0.02459,0.1986,0.03206,0.05207,0,0,2  -  Cliente - TelemetriaPulo:71
  23:13:21.585  TEL,12.21,2 SUBIDA SUAVE 3°,150.1,7.276,0.1095,0.1597,100.1,99.28,100.7,103.3,-0.1076,-0.2008,-0.03867,0.0191,1.475,1.388,1.458,1.515,-749.3,0.4846,0.6923,0.02443,0.191,0.03309,0.05426,0,0,2  -  Cliente - TelemetriaPulo:71
  23:13:21.585  TEL,12.21,2 SUBIDA SUAVE 3°,150.2,7.296,0.05639,-0.06047,100.2,99.24,100.9,104.1,-0.1151,-0.1892,-0.03428,0.01708,1.468,1.399,1.462,1.513,-750.7,0.5312,0.9739,0.02859,0.1735,0.03049,0.0541,0,0,2  -  Cliente - TelemetriaPulo:71
  23:13:21.585  TEL,12.22,2 SUBIDA SUAVE 3°,150.2,7.401,0.04281,-0.6347,100.7,99.17,101.2,105.6,-0.1073,-0.1488,-0.03915,0.008744,1.475,1.436,1.457,1.505,-750.9,0.4663,1.281,0.02602,0.1135,0.04688,0.04516,0,0,3  -  Cliente - TelemetriaPulo:71
  23:13:21.585  TEL,12.22,2 SUBIDA SUAVE 3°,150.2,7.074,0.04408,-0.8665,100.7,99.14,101.9,106.4,-0.1114,-0.1259,-0.02696,0.004035,1.472,1.458,1.469,1.5,-750.9,0.4138,1.31,0.03912,0.07372,0.04596,0.03558,0,0,3  -  Cliente - TelemetriaPulo:71
  23:13:21.585  TEL,12.23,2 SUBIDA SUAVE 3°,150.1,6.468,0.01763,-0.8509,100.6,99.11,102.7,107.1,-0.1111,-0.09989,-0.01455,-0.0002419,1.472,1.482,1.482,1.496,-750.8,0.2632,1.241,0.0458,0.02932,0.0413,0.02222,0,0,4  -  Cliente - TelemetriaPulo:71
  23:13:21.585  TEL,12.23,2 SUBIDA SUAVE 3°,151,5.105,0.09059,0.005297,100.6,101.5,104,102.2,-0.1249,-0.06961,-0.00574,-0.02667,1.459,1.511,1.491,1.47,-750.7,-0.04862,0.3241,0.04351,-0.02063,0.0221,0.02388,0,0,4  -  Cliente - TelemetriaPulo:71
  23:13:21.585  TEL,12.24,2 SUBIDA SUAVE 3°,151.5,4.872,0.1197,0.2797,100.5,101.3,101.3,102,-0.1358,-0.09158,-0.0186,-0.02691,1.449,1.49,1.478,1.469,-755.1,-0.1126,-0.06251,0.03362,-0.02099,0.02171,0.02211,0,0,4  -  Cliente - TelemetriaPulo:71
  23:13:21.586  TEL,12.25,2 SUBIDA SUAVE 3°,151.5,5.157,0.1822,0.1695,100.5,101.2,101.4,101.9,-0.1374,-0.1699,-0.02748,-0.02958,1.447,1.417,1.469,1.467,-757.6,-0.144,-0.6704,0.01672,0.05126,0.02425,0.02319,0,0,3  -  Cliente - TelemetriaPulo:71
  23:13:21.586  TEL,12.25,2 SUBIDA SUAVE 3°,151.4,7.459,0.2211,0.3079,101.5,101.1,102.3,101.5,-0.1654,-0.2338,-0.05392,-0.01096,1.421,1.357,1.442,1.485,-757.7,-0.04094,-1.073,0.01648,0.1134,0.04364,0.02579,0,0,3  -  Cliente - TelemetriaPulo:71
  23:13:21.586  TEL,12.26,2 SUBIDA SUAVE 3°,151.4,8.473,0.1647,0.2345,101.6,101,103,101.4,-0.1712,-0.2403,-0.04731,0.0004232,1.415,1.351,1.449,1.497,-756.8,0.02313,-1.058,0.02175,0.1259,0.04208,0.02716,0,0,3  -  Cliente - TelemetriaPulo:71
  23:13:21.586  TEL,12.26,2 SUBIDA SUAVE 3°,151.3,8.984,0.0462,0.01005,101.5,100.9,103.8,101.4,-0.1675,-0.2327,-0.03438,-0.0187,1.419,1.358,1.462,1.478,-756.8,0.008974,-0.9268,0.0272,0.1281,0.03507,0.05253,0,0,2  -  Cliente - TelemetriaPulo:71
  23:13:21.586  TEL,12.27,2 SUBIDA SUAVE 3°,151.2,9.943,0.03337,0.4395,101.4,100.9,104.5,102.1,-0.1581,-0.2032,-0.02009,-0.02043,1.428,1.386,1.476,1.476,-756.5,-0.05458,-0.7048,0.02831,0.1211,0.024,0.071,0,0,2  -  Cliente - TelemetriaPulo:71
  23:13:21.586  TEL,12.27,2 SUBIDA SUAVE 3°,151.7,9.943,-0.01499,0.1218,101.6,100.8,101.6,103.6,-0.1245,-0.1245,-0.01616,-0.02102,1.459,1.459,1.48,1.475,-756,0.00846,-0.08407,0.02692,0.08535,0.02892,0.09303,0,0,2  -  Cliente - TelemetriaPulo:71
  23:13:21.586  TEL,12.28,2 SUBIDA SUAVE 3°,151.7,9.409,4.786e-05,-0.032,101.6,100.8,101.6,104.3,-0.1059,-0.08559,-0.009736,-0.02043,1.477,1.496,1.487,1.476,-758.6,-0.007418,0.2381,0.0286,0.06418,0.03038,0.09688,0,0,2  -  Cliente - TelemetriaPulo:71
  23:13:21.586  TEL,12.28,2 SUBIDA SUAVE 3°,151.7,6.842,0.1043,-0.3929,101.8,100.7,102,105.8,-0.0753,-0.03004,0.005581,-0.02184,1.506,1.548,1.502,1.475,-758.6,-0.06892,0.7548,0.02747,0.01981,0.02977,0.09078,0,0,3  -  Cliente - TelemetriaPulo:71
  23:13:21.586  TEL,12.29,2 SUBIDA SUAVE 3°,151.5,5.165,0.1929,-0.6275,101.7,101.8,102.7,106.5,-0.06525,-0.03778,0.01383,-0.02437,1.515,1.541,1.51,1.472,-758.4,-0.1306,0.933,0.02834,0.01645,0.02723,0.08047,0,0,3  -  Cliente - TelemetriaPulo:71
  23:13:21.586  TEL,12.3,2 SUBIDA SUAVE 3°,151.5,3.66,0.2383,-0.3964,101.7,101.9,103.4,107.2,-0.06288,-0.04941,0.01682,-0.0233,1.517,1.53,1.513,1.473,-757.5,-0.2493,0.8697,0.02711,0.0184,0.02278,0.06501,0,0,3  -  Cliente - TelemetriaPulo:71
  23:13:21.586  TEL,12.3,2 SUBIDA SUAVE 3°,152.1,2.225,0.1305,0.003937,102.2,101.8,102,108.5,-0.07679,-0.07543,-0.008287,-0.01434,1.504,1.505,1.488,1.482,-757.3,-0.3705,0.6637,0.02781,0.02656,0.02181,0.02008,0,0,4  -  Cliente - TelemetriaPulo:71
  23:13:21.586  TEL,12.31,2 SUBIDA SUAVE 3°,153.1,1.828,0.2032,0.2327,102.2,101.7,102.5,102.9,-0.09016,-0.08206,-0.0302,-0.02522,1.491,1.499,1.466,1.471,-760.5,-0.2599,0.4552,0.0286,0.02703,0.02208,0.01711,0,0,4  -  Cliente - TelemetriaPulo:71
  23:13:21.586  TEL,12.31,2 SUBIDA SUAVE 3°,153,2.677,0.5325,-0.2848,101.6,101.7,102.7,102.9,-0.1071,-0.1469,-0.0392,-0.04425,1.476,1.438,1.457,1.452,-765.5,-0.09548,0.0951,0.02757,0.05828,0.0251,0.02323,0,0,3  -  Cliente - TelemetriaPulo:71
  23:13:21.586  TEL,12.32,2 SUBIDA SUAVE 3°,153.1,3.784,0.5455,0.3115,101.6,101.6,103,103,-0.1133,-0.1641,-0.03549,-0.03952,1.47,1.422,1.461,1.457,-765.1,-0.03399,-0.3076,0.02604,0.08272,0.0239,0.02521,0,0,3  -  Cliente - TelemetriaPulo:71
  23:13:21.586  TEL,12.32,2 SUBIDA SUAVE 3°,153.3,4.453,0.5105,0.5188,101.6,101.6,103.2,103,-0.1145,-0.173,-0.03692,-0.02327,1.469,1.414,1.459,1.473,-765.6,0.04476,-0.4565,0.01902,0.09799,0.0229,0.02352,0,0,3  -  Cliente - TelemetriaPulo:71
  23:13:21.586  TEL,12.33,2 SUBIDA SUAVE 3°,153.1,4.714,0.6664,-0.1233,102.4,101.5,103.7,102.9,-0.1139,-0.1818,-0.0435,-0.009223,1.469,1.405,1.453,1.487,-766.4,0.2442,-0.5205,0.0247,0.1097,0.04955,0.02491,0,0,3  -  Cliente - TelemetriaPulo:71
  23:13:21.587  TEL,12.33,2 SUBIDA SUAVE 3°,153.2,4.622,0.6158,-0.1223,102.6,101.4,104.4,102.9,-0.1097,-0.175,-0.03433,-0.0001647,1.473,1.412,1.462,1.496,-765.7,0.29,-0.4891,0.02507,0.1026,0.05269,0.02519,0,0,2  -  Cliente - TelemetriaPulo:71
  23:13:21.587  TEL,12.34,2 SUBIDA SUAVE 3°,153.2,4.205,0.5444,-0.1801,102.7,101.4,105.1,102.9,-0.1065,-0.1609,-0.02391,0.001796,1.476,1.425,1.472,1.498,-765.8,0.2719,-0.4122,0.02686,0.08871,0.05165,0.02767,0,0,2  -  Cliente - TelemetriaPulo:71
  23:13:21.587  TEL,12.34,2 SUBIDA SUAVE 3°,153.1,3.648,0.4838,-0.03768,102.6,101.4,105.8,103.6,-0.101,-0.1384,-0.01649,0.004457,1.481,1.446,1.48,1.501,-766,0.1925,-0.2886,0.02496,0.06842,0.0471,0.02639,0,0,3  -  Cliente - TelemetriaPulo:71
  23:13:21.587  TEL,12.35,2 SUBIDA SUAVE 3°,153.2,2.117,0.3763,0.2428,102.8,101.3,107.2,103.1,-0.1365,-0.08219,-0.008893,-0.02875,1.448,1.499,1.487,1.468,-765.7,0.01114,0.05306,0.05845,0.01301,0.02936,0.0511,0,0,2  -  Cliente - TelemetriaPulo:71
  23:13:21.587  TEL,12.36,2 SUBIDA SUAVE 3°,152.9,2.373,0.5222,-0.08256,102.8,103.2,107.9,103.7,-0.1413,-0.08949,0.006545,-0.04896,1.444,1.492,1.503,1.447,-766.1,-0.09091,0.1858,0.06443,0.01011,0.01753,0.07231,0,0,2  -  Cliente - TelemetriaPulo:71
  23:13:21.587  TEL,12.36,2 SUBIDA SUAVE 3°,153.6,2.413,0.5998,0.115,102.7,103.4,104.7,104.9,-0.148,-0.0819,0.008263,-0.05066,1.437,1.499,1.505,1.446,-764.5,-0.1257,0.219,0.05455,0.004963,0.01978,0.09382,0,0,2  -  Cliente - TelemetriaPulo:71
  23:13:21.587  TEL,12.37,2 SUBIDA SUAVE 3°,153.5,2.184,0.6116,-0.01625,102.7,103.7,105.4,105.6,-0.1379,-0.1021,0.01717,-0.04652,1.447,1.48,1.514,1.45,-767.8,-0.1752,0.1848,0.03871,0.01878,0.02233,0.09792,0,0,3  -  Cliente - TelemetriaPulo:71
  23:13:21.587  TEL,12.37,2 SUBIDA SUAVE 3°,153.5,1.65,0.572,0.08185,102.6,103.3,106,106.3,-0.1244,-0.1131,0.02126,-0.03837,1.459,1.47,1.518,1.458,-767.3,-0.2425,0.1719,0.0168,0.02391,0.02307,0.09629,0,0,3  -  Cliente - TelemetriaPulo:71
  23:13:21.587  TEL,12.38,2 SUBIDA SUAVE 3°,153.6,0.4631,0.4553,-0.01138,103.3,103.1,106.7,107.5,-0.138,-0.1374,0.02041,-0.02689,1.447,1.447,1.517,1.469,-767.5,-0.2716,0.2039,0.01119,0.02798,0.02863,0.0853,0,0,3  -  Cliente - TelemetriaPulo:71
  23:13:21.587  TEL,12.38,2 SUBIDA SUAVE 3°,153.7,0.1817,0.3754,0.1586,103.4,103,107.4,108.2,-0.1568,-0.1386,0.01264,-0.01642,1.429,1.446,1.509,1.48,-767.9,-0.1685,0.2329,0.02068,0.02373,0.02901,0.0741,0,0,3  -  Cliente - TelemetriaPulo:71
  23:13:21.587  TEL,12.39,2 SUBIDA SUAVE 3°,153.7,-0.02583,0.2904,-0.04146,103.1,103.1,108,108.7,-0.1676,-0.1506,0.007805,-0.01047,1.419,1.435,1.504,1.486,-768.4,-0.1218,0.2938,0.02501,0.02448,0.0265,0.06139,0,0,3  -  Cliente - TelemetriaPulo:71
  23:13:21.587  TEL,12.4,2 SUBIDA SUAVE 3°,154,0.2305,0.09116,-0.4781,102.9,103,108.3,109.9,-0.1966,-0.1598,0.004672,-0.009822,1.392,1.426,1.501,1.487,-768.6,-0.1052,0.211,0.05947,0.01861,0.02242,0.0297,0,0,3  -  Cliente - TelemetriaPulo:71
  23:13:21.587  TEL,12.4,2 SUBIDA SUAVE 3°,154.4,0.4176,-0.001935,-0.3659,102.9,103,106.9,110.4,-0.1915,-0.1676,-0.005354,-0.007151,1.396,1.419,1.491,1.489,-769.9,-0.1253,0.1072,0.06103,0.0226,0.02411,0.008786,0,0,3  -  Cliente - TelemetriaPulo:71
  23:13:21.587  TEL,12.41,2 SUBIDA SUAVE 3°,155.3,0.8055,-0.05457,-0.02517,102.8,102.9,107.4,105.4,-0.1789,-0.1644,-0.01612,-0.01876,1.408,1.422,1.48,1.478,-771.8,-0.08208,-0.139,0.05334,0.02516,0.02486,0.009875,0,0,3  -  Cliente - TelemetriaPulo:71
  23:13:21.587  TEL,12.41,2 SUBIDA SUAVE 3°,155.5,1.566,-0.008249,0.1509,102.8,103,106.7,104.9,-0.1578,-0.1536,-0.02377,-0.02081,1.428,1.432,1.473,1.476,-776.6,-0.007256,-0.3665,0.03737,0.02501,0.02544,0.009156,0,0,4  -  Cliente - TelemetriaPulo:71
  23:13:21.587  TEL,12.42,2 SUBIDA SUAVE 3°,155.3,2.052,0.09403,0.9717,103.7,103.3,106.8,105.5,-0.2076,-0.1324,-0.03445,-0.01399,1.382,1.452,1.462,1.482,-777.7,0.2788,-0.6446,0.08083,0.04147,0.02331,0.02335,0,0,3  -  Cliente - TelemetriaPulo:71
  23:13:21.587  TEL,12.42,2 SUBIDA SUAVE 3°,155.6,2.62,0.007792,-0.2868,103.6,103.1,105.6,105.3,-0.2415,-0.1479,-0.02816,-0.01146,1.35,1.437,1.468,1.485,-776.4,0.7717,-0.4223,0.1321,0.05438,0.02297,0.02413,0,0,2  -  Cliente - TelemetriaPulo:71
  23:13:21.587  TEL,12.43,2 SUBIDA SUAVE 3°,155.5,3.321,-0.09357,-0.9136,103.6,103.1,106.3,105.9,-0.2494,-0.1521,-0.004504,-0.02105,1.343,1.433,1.492,1.475,-778.2,0.8802,-0.3501,0.1695,0.06001,0.01847,0.02128,0,0,2  -  Cliente - TelemetriaPulo:71
  23:13:21.587  TEL,12.43,2 SUBIDA SUAVE 3°,156.1,4.499,-0.216,-0.7255,103.5,103,104.9,104.9,-0.2245,-0.113,-0.01033,-0.03,1.366,1.47,1.486,1.466,-777.6,0.7897,-0.3721,0.2054,0.05035,0.05054,0.027,0,0,1  -  Cliente - TelemetriaPulo:71
  23:13:21.588  TEL,12.44,2 SUBIDA SUAVE 3°,156.1,4.655,-0.2259,-0.7515,103.4,103,105.5,104.8,-0.1907,-0.08748,-0.0009214,-0.03801,1.397,1.494,1.495,1.458,-780.6,0.5675,-0.3792,0.2071,0.03905,0.06031,0.03089,0,0,2  -  Cliente - TelemetriaPulo:71
  23:13:21.588  TEL,12.44,2 SUBIDA SUAVE 3°,156.1,4.326,-0.2111,-0.6411,103.4,102.9,106.2,104.8,-0.1517,-0.05973,0.00853,-0.04244,1.434,1.52,1.505,1.454,-780.7,0.2659,-0.3831,0.2011,0.02503,0.06919,0.03462,0,0,2  -  Cliente - TelemetriaPulo:71
  23:13:21.588  TEL,12.45,2 SUBIDA SUAVE 3°,156,1.894,-0.1023,-0.1566,103.3,104.5,107.5,104.3,-0.091,-0.0449,0.01324,-0.03499,1.491,1.534,1.51,1.461,-780.5,-0.3723,-0.502,0.1745,0.03207,0.08132,0.03352,0,0,2  -  Cliente - TelemetriaPulo:71
  23:13:21.588  TEL,12.46,2 SUBIDA SUAVE 3°,155.8,0.5994,-0.01679,0.07044,103.3,104.4,108.1,105.4,-0.07116,-0.04576,0.01175,-0.032,1.51,1.533,1.508,1.464,-780.2,-0.6545,-0.5005,0.157,0.03275,0.08356,0.03305,0,0,2  -  Cliente - TelemetriaPulo:71
  23:13:21.588  TEL,12.46,2 SUBIDA SUAVE 3°,155.9,-0.7262,0.06504,0.2543,103.3,104.4,108.8,105.1,-0.05934,-0.045,0.009141,-0.02851,1.521,1.534,1.506,1.468,-779.1,-0.8621,-0.5532,0.1374,0.03342,0.0826,0.03243,0,0,2  -  Cliente - TelemetriaPulo:71
  23:13:21.588  TEL,12.47,2 SUBIDA SUAVE 3°,156.3,-1.887,0.1607,0.6501,103.2,104.3,110,104.6,-0.04705,-0.04242,0.0004571,-0.04131,1.532,1.537,1.497,1.455,-779.6,-0.9675,-0.4294,0.09417,0.03043,0.07002,0.05246,0,0,1  -  Cliente - TelemetriaPulo:71
  23:13:21.588  TEL,12.47,2 SUBIDA SUAVE 3°,156.2,-2.843,0.2543,0.7715,103.2,104.4,110.6,105.2,-0.05283,-0.04631,-0.0001086,-0.032,1.527,1.533,1.496,1.464,-781.4,-0.9181,-0.2667,0.07051,0.02805,0.05777,0.05303,0,0,1  -  Cliente - TelemetriaPulo:71
  23:13:21.588  TEL,12.48,2 SUBIDA SUAVE 3°,156.2,-3.992,0.294,0.7698,103.2,104.8,111.1,105.8,-0.06231,-0.0569,-0.0001858,-0.02147,1.518,1.523,1.496,1.475,-781.1,-0.8034,-0.08672,0.04486,0.02624,0.04201,0.04938,0,0,4  -  Cliente - TelemetriaPulo:71
  23:13:21.588  TEL,12.48,2 SUBIDA SUAVE 3°,157.3,-6.055,0.2682,-0.03221,104.8,105.3,106.2,106.9,-0.09921,-0.1094,-0.01533,-0.01663,1.483,1.473,1.481,1.48,-781.1,-0.007369,0.2242,0.01606,0.02431,0.02337,0.03074,0,0,4  -  Cliente - TelemetriaPulo:71
  23:13:21.588  TEL,12.49,2 SUBIDA SUAVE 3°,157.3,-5.587,0.2929,0.1524,104.8,105.5,105.4,107.5,-0.1813,-0.1402,-0.02848,-0.01166,1.407,1.444,1.468,1.485,-786.6,0.3829,0.2161,0.05891,0.02475,0.02606,0.01505,0,0,3  -  Cliente - TelemetriaPulo:71
  23:13:21.588  TEL,12.49,2 SUBIDA SUAVE 3°,157.5,-3.939,0.1431,0.5454,104.6,105.4,106,105.9,-0.2404,-0.146,-0.04458,-0.06202,1.35,1.439,1.452,1.434,-786.3,0.9581,0.1985,0.08895,0.02173,0.02192,0.06341,0,0,2  -  Cliente - TelemetriaPulo:71
  23:13:21.588  TEL,12.5,2 SUBIDA SUAVE 3°,156.9,0.7026,0.581,-0.03967,104.5,105.5,106.3,106.9,-0.2783,-0.1793,-0.002769,-0.08366,1.316,1.408,1.494,1.413,-787.3,1.495,0.2909,0.1033,0.02575,0.0214,0.1251,0,0,2  -  Cliente - TelemetriaPulo:71
  23:13:21.588  TEL,12.51,2 SUBIDA SUAVE 3°,156.9,1.727,0.4967,-0.06901,104.4,105.4,106.5,107.5,-0.2678,-0.1868,0.02509,-0.07479,1.326,1.401,1.521,1.422,-784.3,1.51,0.3395,0.08853,0.02677,0.0223,0.1423,0,0,2  -  Cliente - TelemetriaPulo:71
  23:13:21.588  TEL,12.51,2 SUBIDA SUAVE 3°,156.9,2.055,0.3132,0.1333,104.4,105.3,107.1,108.1,-0.2414,-0.1852,0.04261,-0.06196,1.35,1.402,1.539,1.434,-784.3,1.378,0.3988,0.06057,0.0271,0.02377,0.1527,0,0,2  -  Cliente - TelemetriaPulo:71
  23:13:21.588  TEL,12.52,2 SUBIDA SUAVE 3°,157,1.376,-0.02296,0.1086,105.1,105.4,108,109.3,-0.1881,-0.1648,0.04531,-0.0397,1.399,1.421,1.542,1.457,-784.5,1.054,0.5608,0.01622,0.02485,0.02917,0.1578,0,0,3  -  Cliente - TelemetriaPulo:71
  23:13:21.588  TEL,12.52,2 SUBIDA SUAVE 3°,156.9,1.06,-0.1469,0.2859,105,105.2,108.6,109.8,-0.1893,-0.1566,0.0406,-0.03455,1.399,1.429,1.537,1.462,-785.1,0.4871,0.5375,0.01199,0.02648,0.0304,0.1528,0,0,3  -  Cliente - TelemetriaPulo:71
  23:13:21.588  TEL,12.53,2 SUBIDA SUAVE 3°,157.1,0.9454,-0.2556,-0.8024,105.1,105,109.1,110.4,-0.2336,-0.1524,0.04662,-0.04256,1.356,1.433,1.543,1.454,-784.7,0.8965,0.5133,0.089,0.02715,0.02949,0.1433,0,0,2  -  Cliente - TelemetriaPulo:71
  23:13:21.588  TEL,12.55,2 SUBIDA SUAVE 3°,157.4,2.717,-0.7421,-0.8404,104.6,104.5,109.6,112.5,-0.256,-0.1057,0.0369,-0.04589,1.336,1.477,1.533,1.45,-785.4,-0.2214,0.1692,0.2552,0.03293,0.03234,0.0354,0,0,3  -  Cliente - TelemetriaPulo:71
  23:13:21.588  TEL,12.56,2 SUBIDA SUAVE 3°,156.4,6.495,0.1545,2.3,104.5,104.4,110.5,107.3,-0.1946,0.03135,-0.01323,-0.1876,1.395,1.606,1.483,1.309,-786.8,-1.097,-0.05475,0.2654,0.04419,0.02517,0.2098,0,0,2  -  Cliente - TelemetriaPulo:71
  23:13:21.588  TEL,12.61,2 SUBIDA SUAVE 3°,156.9,-3.717,0.357,0.418,105.2,103.7,113,114.2,-0.1688,-0.2095,-0.003691,0.002582,1.418,1.38,1.493,1.499,-782,0.8002,1.043,0.06141,0.5525,0.1303,0.566,0,0,0  -  Cliente - TelemetriaPulo:71
  23:13:21.588   ▶ TEL,12.62,2 SUBIDA SUAVE 3°,157.1,-3.607,0.09555,0.1602,105.4,103.6,114.1,115.3,-0.16,-0.1905,-0.002709,0.004656,1.426,1.397,1.494,1.501,-784.7,0.5409,0.7653,0.06533,0.5614,0.1057,0.5539,0,0,0 (x2)  -  Cliente - TelemetriaPulo:71
  23:13:21.589  TEL,12.62,2 SUBIDA SUAVE 3°,157.2,-3.761,0.002722,0.03328,105.5,103.6,114.6,115.9,-0.1483,-0.1667,-0.0006755,0.001276,1.437,1.42,1.496,1.498,-785.6,0.3837,0.564,0.06807,0.5558,0.08792,0.5427,0,0,0  -  Cliente - TelemetriaPulo:71
  23:13:21.589  TEL,12.63,2 SUBIDA SUAVE 3°,157.3,-4.12,-0.06051,-0.01873,105.4,103.5,115.2,116.4,-0.1335,-0.1365,0.001375,-0.002794,1.451,1.448,1.498,1.494,-786,0.1944,0.3304,0.06869,0.5434,0.06661,0.5277,0,0,0  -  Cliente - TelemetriaPulo:71
  23:13:21.589  TEL,12.63,2 SUBIDA SUAVE 3°,158.5,-5.024,0.04721,-1.599,105.5,103.5,106.4,117.5,-0.07202,-0.1001,-0.05951,-0.02916,1.509,1.482,1.437,1.467,-786.3,0.2683,-0.3945,0.06435,0.5056,0.1173,0.4847,0,0,0  -  Cliente - TelemetriaPulo:71
  23:13:21.589  TEL,12.64,2 SUBIDA SUAVE 3°,158.1,-4.169,0.4875,-1.687,105.5,103.4,106.7,118,-0.03916,-0.09517,-0.07138,-0.01804,1.54,1.487,1.425,1.478,-792.6,0.2364,-0.8267,0.06078,0.4811,0.1584,0.4543,0,0,0  -  Cliente - TelemetriaPulo:71
  23:13:21.589  TEL,12.65,2 SUBIDA SUAVE 3°,157.8,-4.777,0.7256,-1.619,105.4,103.4,107.3,118.6,-0.01452,-0.09459,-0.06858,0.004182,1.563,1.487,1.428,1.501,-790.7,0.04792,-1.224,0.058,0.4529,0.1911,0.4212,0,0,0  -  Cliente - TelemetriaPulo:71
  23:13:21.589  TEL,12.65,2 SUBIDA SUAVE 3°,157.8,-6.891,0.6751,-1.512,105.3,103.3,108.3,119.6,0.01386,-0.08809,-0.06029,0.03538,1.59,1.493,1.436,1.532,-789.2,-0.6425,-1.842,0.05833,0.3854,0.2434,0.3606,0,0,0  -  Cliente - TelemetriaPulo:71
  23:13:21.589  TEL,12.66,2 SUBIDA SUAVE 3°,157.8,-8.59,0.6931,-1.461,105.3,103.3,108.9,120.2,0.01191,-0.08975,-0.05639,0.04389,1.588,1.492,1.44,1.54,-789.2,-1.036,-2.019,0.06228,0.3465,0.2604,0.3305,0,0,0  -  Cliente - TelemetriaPulo:71
  23:13:21.589  TEL,12.66,2 SUBIDA SUAVE 3°,157.8,-10.19,0.702,-1.432,105.2,103.2,109.4,120.7,0.001044,-0.09405,-0.05306,0.04667,1.578,1.488,1.443,1.543,-788.9,-1.412,-2.105,0.06796,0.3037,0.274,0.3043,0,0,0  -  Cliente - TelemetriaPulo:71
  23:13:21.589  TEL,12.67,2 SUBIDA SUAVE 3°,157.8,-12.71,0.7104,-1.427,105.1,103.1,110.5,121.8,-0.03739,-0.1059,-0.04414,0.03907,1.541,1.477,1.452,1.535,-788.8,-1.999,-2.022,0.07977,0.2051,0.2865,0.2494,0,0,0  -  Cliente - TelemetriaPulo:71
  23:13:21.589  TEL,12.67,2 SUBIDA SUAVE 3°,157.9,-13.61,0.7056,-1.434,105.1,103.1,111,122.3,-0.05971,-0.1107,-0.03734,0.03129,1.52,1.472,1.459,1.528,-789.2,-2.173,-1.877,0.08324,0.1484,0.2871,0.224,0,0,0  -  Cliente - TelemetriaPulo:71
  23:13:21.589  TEL,12.68,2 SUBIDA SUAVE 3°,158,-14.3,0.6808,-1.441,105,103,111.5,122.8,-0.08051,-0.1125,-0.02923,0.02203,1.501,1.471,1.467,1.518,-789.6,-2.254,-1.681,0.08326,0.0864,0.2845,0.1961,0,0,0  -  Cliente - TelemetriaPulo:71
  23:13:21.589  TEL,12.68,2 SUBIDA SUAVE 3°,158.2,-14.82,0.6411,-1.445,105,103,112.1,123.4,-0.09779,-0.1103,-0.02029,0.01204,1.484,1.473,1.476,1.508,-790.2,-2.242,-1.452,0.07888,0.01907,0.2776,0.1649,0,0,1  -  Cliente - TelemetriaPulo:71
  23:13:21.589  TEL,12.69,2 SUBIDA SUAVE 3°,158.3,-15.22,0.4886,-0.6173,104.9,105.1,113.2,124.4,-0.1411,-0.2077,-0.02856,0.01859,1.444,1.38,1.468,1.515,-791,-1.913,-0.9443,0.05256,0.009393,0.2575,0.1014,0,0,1  -  Cliente - TelemetriaPulo:71
  23:13:21.589  TEL,12.7,2 SUBIDA SUAVE 3°,158.4,-14.85,0.3943,0.4068,104.9,105.4,114.1,125.4,-0.1588,-0.2786,-0.04137,0.03376,1.427,1.317,1.455,1.53,-791.5,-1.607,-1.317,0.02847,0.07218,0.2406,0.06577,0,0,1  -  Cliente - TelemetriaPulo:71
  23:13:21.589  TEL,12.7,2 SUBIDA SUAVE 3°,158.5,-12.7,0.01955,0.8574,105.1,105,115.9,127.2,-0.231,-0.3869,-0.07162,0.07437,1.36,1.216,1.425,1.571,-792.2,-0.3814,-0.6014,0.02148,0.1401,0.1901,0.005244,0,0,2  -  Cliente - TelemetriaPulo:71
  23:13:21.590  TEL,12.71,2 SUBIDA SUAVE 3°,159.5,-11.17,-0.2519,1.268,105.1,104.9,116.8,122.3,-0.2813,-0.3762,-0.08368,0.04675,1.313,1.226,1.413,1.543,-792.3,0.3761,-0.3169,0.04713,0.1418,0.1529,0.01946,0,0,2  -  Cliente - TelemetriaPulo:71
  23:13:21.590  TEL,12.71,2 SUBIDA SUAVE 3°,159.8,-6.566,-0.5222,0.2765,104.9,104.8,118.6,123,-0.2641,-0.2862,-0.04374,0.01085,1.329,1.308,1.453,1.507,-797.5,1.72,0.4856,0.05031,0.09168,0.06022,0.02696,0,0,1  -  Cliente - TelemetriaPulo:71
  23:13:21.590  TEL,12.72,2 SUBIDA SUAVE 3°,160,-5.817,-0.6696,0.08932,104.8,104.8,119.5,122.4,-0.2194,-0.2133,-0.01394,-0.01206,1.371,1.376,1.482,1.484,-798.8,2.151,0.8194,0.03234,0.04685,0.008753,0.02913,0,0,4  -  Cliente - TelemetriaPulo:71
  23:13:21.590  TEL,12.72,2 SUBIDA SUAVE 3°,161.9,-5.983,-0.7334,-0.6469,104.8,104.7,108.9,123.3,-0.1521,-0.142,-0.03482,-0.04019,1.434,1.443,1.462,1.456,-800.1,2.689,0.9105,0.005883,-0.004916,0.01781,0.02659,0,0,4  -  Cliente - TelemetriaPulo:71
  23:13:21.590  TEL,12.73,2 SUBIDA SUAVE 3°,161,-5.443,-0.4437,-1.312,109,107.1,109,123.8,-0.1196,-0.1419,-0.01806,-0.0554,1.463,1.442,1.478,1.441,-809.5,3.025,1.065,0.01015,-0.01474,0.01512,0.01576,0,0,4  -  Cliente - TelemetriaPulo:71
  23:13:21.590  TEL,12.73,2 SUBIDA SUAVE 3°,162.3,-4.325,-0.321,0.8604,103.9,106.8,109.1,116.5,-0.1787,-0.1447,-0.04612,-0.04718,1.408,1.44,1.45,1.449,-804.9,2.859,-0.1114,0.09295,0.07659,0.01748,0.03402,0,0,2  -  Cliente - TelemetriaPulo:71
  23:13:21.590  TEL,12.74,2 SUBIDA SUAVE 3°,162.3,-3.216,-0.2908,0.2653,103.8,106.7,108.1,116.9,-0.1802,-0.1478,-0.04168,-0.03568,1.407,1.437,1.455,1.461,-811.3,2.636,-0.2967,0.1197,0.1124,0.01837,0.03687,0,0,2  -  Cliente - TelemetriaPulo:71
  23:13:21.590  TEL,12.75,2 SUBIDA SUAVE 3°,162.2,-2.662,-0.327,-0.01624,103.8,106.7,108.1,117.5,-0.1669,-0.1445,-0.03641,-0.02312,1.42,1.44,1.46,1.473,-811.5,2.22,-0.3735,0.1374,0.1411,0.02387,0.03534,0,0,2  -  Cliente - TelemetriaPulo:71
  23:13:21.590  TEL,12.75,2 SUBIDA SUAVE 3°,162.1,-3.577,-0.398,-0.1417,103.7,106.6,107.8,118.5,-0.1171,-0.1247,-0.02133,0.0002934,1.466,1.459,1.475,1.497,-811.1,1.008,-0.3169,0.152,0.1789,0.02616,0.02216,0,0,2  -  Cliente - TelemetriaPulo:71
  23:13:21.590  TEL,12.76,2 SUBIDA SUAVE 3°,162.7,-4.498,-0.4466,-0.341,103.6,106.6,108,116.2,-0.08467,-0.1116,-0.01723,-0.006471,1.497,1.471,1.479,1.49,-810.7,0.3921,-0.3285,0.1521,0.1895,0.02574,0.02292,0,0,2  -  Cliente - TelemetriaPulo:71
  23:13:21.590  TEL,12.76,2 SUBIDA SUAVE 3°,163.4,-5.272,-0.3941,-0.2785,103.6,106.5,108.6,112.4,-0.0549,-0.09722,-0.01164,-0.02511,1.525,1.485,1.485,1.471,-813.4,-0.1573,-0.4825,0.1502,0.1956,0.02126,0.03574,0,0,2  -  Cliente - TelemetriaPulo:71
  23:13:21.590  TEL,12.77,2 SUBIDA SUAVE 3°,163.3,-7.167,-0.07396,0.399,103.5,106.5,109.2,113.4,-0.03334,-0.06847,-0.01629,-0.02003,1.545,1.512,1.48,1.476,-816.9,-1.126,-0.8426,0.1451,0.1981,0.02251,0.04143,0,0,2  -  Cliente - TelemetriaPulo:71
  23:13:21.590  TEL,12.77,2 SUBIDA SUAVE 3°,163.4,-8.572,0.04,0.2093,103.4,106.5,109.3,114,-0.03379,-0.06412,-0.02073,-0.01114,1.545,1.516,1.476,1.485,-816.6,-1.467,-1.04,0.1419,0.1962,0.025,0.03754,0,0,2  -  Cliente - TelemetriaPulo:71
  23:13:21.590  TEL,12.78,2 SUBIDA SUAVE 3°,163.9,-10.13,0.04778,-0.01548,103.3,106.4,109.5,115,-0.03399,-0.06164,-0.03262,-0.001048,1.545,1.518,1.464,1.495,-817.1,-2.012,-1.681,0.133,0.1859,0.0274,0.01943,0,0,2  -  Cliente - TelemetriaPulo:71
  23:13:21.590  TEL,12.78,2 SUBIDA SUAVE 3°,164.6,-11.16,0.1292,-0.2808,103.3,106.4,109.8,112.3,-0.03833,-0.07063,-0.03168,-0.009486,1.541,1.51,1.465,1.487,-819.7,-2.224,-2.174,0.1274,0.1776,0.02551,0.01843,0,0,2  -  Cliente - TelemetriaPulo:71
  23:13:21.590  TEL,12.79,2 SUBIDA SUAVE 3°,164.9,-11.78,0.2387,-0.2255,103.3,106.3,109.9,111.3,-0.04822,-0.08082,-0.03218,-0.01542,1.531,1.5,1.464,1.481,-822.9,-2.452,-2.723,0.1204,0.166,0.02509,0.01819,0,0,2  -  Cliente - TelemetriaPulo:71
  23:13:21.590  TEL,12.8,2 SUBIDA SUAVE 3°,165,-12.24,0.3395,-0.2532,103.2,106.3,110.1,111,-0.05985,-0.09231,-0.03084,-0.0234,1.52,1.49,1.466,1.473,-824.3,-2.697,-3.239,0.1113,0.1509,0.025,0.02199,0,0,2  -  Cliente - TelemetriaPulo:71
  23:13:21.590  TEL,12.8,2 SUBIDA SUAVE 3°,165.1,-12.84,0.4844,0.04626,103.2,106.2,110.4,110.9,-0.08842,-0.1067,-0.02613,-0.02305,1.493,1.476,1.47,1.473,-824.9,-3.298,-4.124,0.08376,0.1066,0.02408,0.02316,0,0,2  -  Cliente - TelemetriaPulo:71
  23:13:21.590  TEL,12.81,2 SUBIDA SUAVE 3°,165.2,-13.1,0.5079,-0.03719,103.1,106.2,110.4,110.9,-0.09938,-0.1089,-0.02369,-0.02243,1.483,1.474,1.473,1.474,-825.4,-3.585,-4.422,0.06345,0.07706,0.02405,0.02447,0,0,2  -  Cliente - TelemetriaPulo:71
  23:13:21.591  TEL,12.81,2 SUBIDA SUAVE 3°,165.3,-13.31,0.5228,-0.07524,103.1,106.1,110.5,110.9,-0.1058,-0.1081,-0.02169,-0.02096,1.477,1.475,1.475,1.475,-826,-3.82,-4.594,0.03803,0.04261,0.02448,0.02424,0,0,4  -  Cliente - TelemetriaPulo:71
  23:13:21.591  TEL,12.82,2 SUBIDA SUAVE 3°,164.9,-13.93,0.5486,0.08531,108.8,111,110.8,110.4,-0.1467,-0.1514,-0.01868,-0.02263,1.438,1.434,1.478,1.474,-826.5,-3.204,-4.703,0.01357,0.01392,0.02364,0.02629,0,0,4  -  Cliente - TelemetriaPulo:71
  23:13:21.591  TEL,12.82,2 SUBIDA SUAVE 3°,164.6,-12.97,0.4412,1.041,108.6,110.8,110.6,110.9,-0.2908,-0.1677,-0.03702,-0.004157,1.305,1.419,1.459,1.492,-824.3,-2.618,-4.441,0.09392,0.01928,0.02931,0.02333,0,0,3  -  Cliente - TelemetriaPulo:71
  23:13:21.591  TEL,12.83,2 SUBIDA SUAVE 3°,164.3,-9.871,0.2031,-1.125,108.1,111,111.7,111.2,-0.3791,-0.2138,-0.009756,-0.01279,1.223,1.376,1.487,1.484,-822.8,-0.6297,-3.307,0.1897,0.02097,0.02272,0.01664,0,0,3  -  Cliente - TelemetriaPulo:71
  23:13:21.591  TEL,12.83,2 SUBIDA SUAVE 3°,164.8,-8.426,-0.03877,-0.7034,108,110.8,110.7,109.4,-0.3826,-0.2229,-0.003544,-0.02814,1.22,1.368,1.493,1.468,-821.4,-0.3707,-2.712,0.206,0.01616,0.02492,0.02063,0,0,3  -  Cliente - TelemetriaPulo:71
  23:13:21.591  TEL,12.84,2 SUBIDA SUAVE 3°,164.8,-6.123,-0.2504,-0.6231,107.9,112.1,111,110.1,-0.3554,-0.2052,0.004718,-0.03729,1.245,1.385,1.501,1.459,-824.2,-0.3316,-2.328,0.2026,0.01472,0.02941,0.01993,0,0,3  -  Cliente - TelemetriaPulo:71
  23:13:21.591  TEL,12.84,2 SUBIDA SUAVE 3°,164.9,-5.212,-0.2958,-0.4972,107.8,110.6,111.2,109.8,-0.3076,-0.1995,0.007839,-0.04551,1.289,1.389,1.504,1.451,-823.9,-0.4338,-1.722,0.1825,0.01245,0.03079,0.02667,0,0,3  -  Cliente - TelemetriaPulo:71
  23:13:21.591  TEL,12.85,2 SUBIDA SUAVE 3°,165.2,-4.143,-0.4316,0.3095,107.7,112.1,111.6,109.6,-0.1785,-0.1496,0.01108,-0.0412,1.409,1.436,1.507,1.455,-824.3,-0.8771,-1.041,0.1065,0.02429,0.02898,0.02801,0,0,3  -  Cliente - TelemetriaPulo:71
  23:13:21.591  TEL,12.86,2 SUBIDA SUAVE 3°,165.4,-4.533,-0.438,0.5998,107.7,111.8,111.6,109.6,-0.111,-0.1202,0.00306,-0.03341,1.472,1.463,1.499,1.463,-825.9,-1.064,-0.6469,0.05859,0.02657,0.02717,0.02919,0,0,3  -  Cliente - TelemetriaPulo:71
  23:13:21.591  TEL,12.86,2 SUBIDA SUAVE 3°,165.6,-7.063,-0.2391,-0.3863,109,111.5,111.8,109.9,-0.07716,-0.07456,0.001734,-0.02094,1.503,1.506,1.498,1.475,-827,-0.5923,-0.2531,0.06728,0.02779,0.01819,0.02137,0,0,3  -  Cliente - TelemetriaPulo:71
  23:13:21.591  TEL,12.87,2 SUBIDA SUAVE 3°,165.6,-7.991,-0.2509,0.05433,108.6,111.1,111,110.4,-0.1336,-0.06657,-0.003781,-0.03319,1.451,1.514,1.493,1.463,-828,-0.8456,-0.1526,0.121,0.02806,0.01906,0.02028,0,0,3  -  Cliente - TelemetriaPulo:71
  23:13:21.591  TEL,12.87,2 SUBIDA SUAVE 3°,165.7,-7.848,-0.1932,-0.09933,108.5,111.1,111.4,110.5,-0.1679,-0.05777,-0.01301,-0.04021,1.419,1.522,1.483,1.456,-827.9,-0.7686,-0.04884,0.165,0.02603,0.02391,0.02345,0,0,3  -  Cliente - TelemetriaPulo:71
  23:13:21.591  TEL,12.88,2 SUBIDA SUAVE 3°,165.8,-6.263,0.006888,-0.3263,108.4,110.7,111.8,110.9,-0.2025,-0.0473,0.0009417,-0.07638,1.386,1.532,1.497,1.42,-828.4,-0.742,0.02681,0.2217,0.02551,0.02412,0.06366,0,0,2  -  Cliente - TelemetriaPulo:71
  23:13:21.591  TEL,12.88,2 SUBIDA SUAVE 3°,166.1,-6.019,0.02192,-0.1905,108.3,110.4,111.2,111.4,-0.2036,-0.04407,0.01501,-0.07256,1.385,1.535,1.511,1.424,-829.2,-0.7911,-0.04732,0.2299,0.02604,0.02531,0.06913,0,0,2  -  Cliente - TelemetriaPulo:71
  23:13:21.591  TEL,12.89,2 SUBIDA SUAVE 3°,166.2,-6.206,-0.01294,-0.211,108.3,110.4,111.7,112,-0.1928,-0.04159,0.02378,-0.06377,1.395,1.537,1.52,1.433,-830.6,-0.8562,-0.1404,0.2279,0.02633,0.02921,0.06749,0,0,2  -  Cliente - TelemetriaPulo:71
  23:13:21.591  TEL,12.89,2 SUBIDA SUAVE 3°,166.3,-6.796,-0.07,-0.3306,108.3,110.4,112.2,112.5,-0.1724,-0.04208,0.03256,-0.05533,1.414,1.537,1.529,1.441,-831,-0.9339,-0.265,0.2156,0.02538,0.02981,0.05965,0,0,2  -  Cliente - TelemetriaPulo:71
  23:13:21.591  TEL,12.9,2 SUBIDA SUAVE 3°,166.4,-8.991,-0.1292,-0.05011,108.2,110.2,112.8,113.5,-0.1289,-0.0971,0.02936,-0.03363,1.455,1.485,1.526,1.463,-831.5,-1.144,-0.6615,0.1631,0.06783,0.03108,0.02727,0,0,2  -  Cliente - TelemetriaPulo:71
  23:13:21.591  TEL,12.91,2 SUBIDA SUAVE 3°,166.8,-9.777,-0.1631,0.8038,108.2,110.2,113.3,111.7,-0.1173,-0.1301,0.006881,-0.03154,1.466,1.454,1.503,1.465,-832,-1.177,-0.785,0.1269,0.09684,0.02875,0.0269,0,0,2  -  Cliente - TelemetriaPulo:71
  23:13:21.591  TEL,12.91,2 SUBIDA SUAVE 3°,167,-9.545,-0.1119,1.04,108.1,110.1,112.6,111.8,-0.103,-0.1496,-0.01412,-0.02249,1.48,1.436,1.482,1.474,-834.1,-1.039,-0.8438,0.08299,0.1164,0.02606,0.02515,0,0,2  -  Cliente - TelemetriaPulo:71
  23:13:21.591  TEL,12.92,2 SUBIDA SUAVE 3°,167.4,-9.41,-0.02365,0.7318,108.1,110,112.3,111.9,-0.06297,-0.1707,-0.05101,-0.007104,1.517,1.416,1.445,1.489,-835.2,-0.5123,-0.6356,-0.01713,0.1268,0.02749,0.02774,0,0,3  -  Cliente - TelemetriaPulo:71
  23:13:21.591  TEL,12.92,2 SUBIDA SUAVE 3°,167.4,-9.223,0.0801,0.2821,110.8,110,112.3,111.8,-0.08371,-0.1803,-0.05612,-0.002749,1.497,1.407,1.44,1.494,-837,0.1762,-0.4631,-0.01509,0.1159,0.0288,0.02955,0,0,3  -  Cliente - TelemetriaPulo:71
  23:13:21.591  TEL,12.93,2 SUBIDA SUAVE 3°,167.4,-8.908,0.1061,0.1511,110.7,110,112.2,112.1,-0.1128,-0.1831,-0.05059,-0.0003662,1.47,1.404,1.446,1.496,-837.2,0.3737,-0.3126,-0.01943,0.09555,0.02952,0.02868,0,0,3  -  Cliente - TelemetriaPulo:71
  23:13:21.592  TEL,12.94,2 SUBIDA SUAVE 3°,166.9,-7.787,-0.05751,-1.596,109.6,109.9,113.2,112.8,-0.2832,-0.1954,0.007866,-0.03282,1.312,1.393,1.504,1.464,-836.8,1.751,-0.0663,0.1606,0.01733,0.02189,0.02077,0,0,3  -  Cliente - TelemetriaPulo:71
  23:13:21.592  TEL,12.94,2 SUBIDA SUAVE 3°,167.3,-6.727,-0.2552,-0.4546,109.4,110.9,112,112.1,-0.3528,-0.1908,0.01128,-0.04634,1.247,1.398,1.508,1.45,-834.5,1.822,-0.3761,0.2236,0.01086,0.02474,0.02398,0,0,3  -  Cliente - TelemetriaPulo:71
  23:13:21.592  TEL,12.95,2 SUBIDA SUAVE 3°,167.8,-1.721,-0.7258,-0.5778,109.2,111.4,112.3,112,-0.3722,-0.1962,0.02127,-0.07342,1.229,1.393,1.518,1.423,-836.3,1.381,-0.5768,0.2773,0.006981,0.0342,0.0343,0,0,3  -  Cliente - TelemetriaPulo:71
  23:13:21.592  TEL,12.95,2 SUBIDA SUAVE 3°,167.4,-0.9197,-0.6032,-0.3276,109.2,111.3,112.6,111.7,-0.3478,-0.1911,0.03161,-0.07053,1.252,1.397,1.528,1.426,-838.8,0.9037,-0.5896,0.274,0.008088,0.03532,0.03593,0,0,3  -  Cliente - TelemetriaPulo:71
  23:13:21.592  TEL,12.96,2 SUBIDA SUAVE 3°,167.5,0.06347,-0.7497,0.02941,109.1,112.2,112.9,112.2,-0.3026,-0.1666,0.03565,-0.05716,1.293,1.42,1.532,1.439,-837.1,0.346,-0.811,0.2498,0.008316,0.03648,0.03019,0,0,3  -  Cliente - TelemetriaPulo:71
  23:13:21.592  TEL,12.96,2 SUBIDA SUAVE 3°,167.6,0.17,-0.9569,0.6451,109,111.2,114,112.5,-0.1795,-0.1216,0.02191,-0.04174,1.408,1.462,1.518,1.455,-837.4,-0.6851,-0.7621,0.1639,0.02308,0.03472,0.0288,0,0,3  -  Cliente - TelemetriaPulo:71
  23:13:21.592  TEL,12.97,2 SUBIDA SUAVE 3°,167.7,-0.3288,-0.9484,0.9344,109,111.9,114.5,112.5,-0.1144,-0.08333,0.01021,-0.02954,1.469,1.498,1.507,1.467,-838.1,-1.077,-0.7896,0.1081,0.0223,0.02874,0.02633,0,0,3  -  Cliente - TelemetriaPulo:71
  23:13:21.592  TEL,12.97,2 SUBIDA SUAVE 3°,168.4,-1.602,-0.8638,1.634,108.9,111.9,113.7,110.4,-0.06575,-0.0469,-0.01506,-0.05012,1.515,1.532,1.481,1.446,-838.6,-1.274,-0.766,0.05031,0.01989,0.0241,0.06584,0,0,2  -  Cliente - TelemetriaPulo:71
  23:13:21.592  TEL,12.98,2 SUBIDA SUAVE 3°,168.2,-2.072,-0.4476,1.326,108.9,111.8,112.4,110.8,-0.02174,-0.0201,-0.02626,-0.05358,1.557,1.558,1.47,1.443,-841.8,-1.268,-0.7594,-0.007031,0.01832,0.0253,0.09363,0,0,3  -  Cliente - TelemetriaPulo:71
  23:13:21.592  TEL,12.98,2 SUBIDA SUAVE 3°,167.8,-3.06,-0.1689,0.2555,111.8,113.2,113.3,111.8,-0.0496,-0.06536,-0.01304,-0.05254,1.53,1.515,1.483,1.444,-841.2,-0.6211,-0.5479,-0.01063,0.05152,0.03081,0.1271,0,0,2  -  Cliente - TelemetriaPulo:71
  23:13:21.592  TEL,12.99,2 SUBIDA SUAVE 3°,167.9,-3.551,-0.09875,0.5658,112.5,113.1,112.8,112.3,-0.06724,-0.09339,-0.01116,-0.03854,1.513,1.489,1.485,1.458,-839,-0.1741,-0.4948,-0.009696,0.07903,0.03058,0.1302,0,0,2  -  Cliente - TelemetriaPulo:71
  23:13:21.592  TEL,12.99,2 SUBIDA SUAVE 3°,167.9,-4.054,-0.1099,0.6035,112.5,113.1,112.7,112.8,-0.115,-0.1209,-0.01712,-0.02287,1.468,1.463,1.479,1.473,-839.4,0.1151,-0.318,0.01765,0.1008,0.03342,0.1286,0,0,2  -  Cliente - TelemetriaPulo:71
  23:13:21.592  TEL,13,2 SUBIDA SUAVE 3°,167.9,-3.693,-0.302,-0.04231,112.3,113,113.1,113.8,-0.1398,-0.1592,-0.01713,-0.005954,1.445,1.427,1.479,1.49,-839.4,0.2302,0.1278,0.01882,0.1217,0.02893,0.111,0,0,2  -  Cliente - TelemetriaPulo:71
  23:13:21.592  TEL,13.01,2 SUBIDA SUAVE 3°,168.3,-3.449,-0.4482,-0.1269,112.8,113,112.1,114.4,-0.1441,-0.1623,-0.02446,-0.003199,1.441,1.424,1.472,1.493,-839.7,0.181,0.2799,0.01967,0.1195,0.02817,0.0951,0,0,2  -  Cliente - TelemetriaPulo:71
  23:13:21.592  TEL,13.01,2 SUBIDA SUAVE 3°,167.9,-4.118,-0.2821,-0.4744,112.8,112.9,112.9,114.9,-0.1455,-0.169,-0.02359,0.002481,1.44,1.417,1.473,1.499,-841.4,0.09999,0.4379,0.01829,0.1091,0.02686,0.07497,0,0,2  -  Cliente - TelemetriaPulo:71
  23:13:21.592  TEL,13.02,2 SUBIDA SUAVE 3°,168,-2.617,-0.1793,-1.723,113.3,112.9,111.7,115.9,-0.1237,-0.1818,-0.06791,-0.0007797,1.46,1.406,1.428,1.496,-839.6,-0.1625,0.4211,0.02272,0.06166,0.1028,0.01608,0,0,2  -  Cliente - TelemetriaPulo:71
  23:13:21.592  TEL,13.02,2 SUBIDA SUAVE 3°,168.6,-2.095,-0.128,-0.8763,113.4,112.8,112.2,113,-0.1149,-0.161,-0.0755,-0.01198,1.468,1.425,1.421,1.484,-840.2,-0.286,0.1464,0.02087,0.02416,0.1249,0.01712,0,0,3  -  Cliente - TelemetriaPulo:71
  23:13:21.592  TEL,13.03,2 SUBIDA SUAVE 3°,168.6,-1.263,0.03697,0.6706,112.2,112,112.7,113.5,-0.1827,-0.1445,-0.08697,-0.003263,1.405,1.441,1.409,1.493,-843.2,-0.6238,-0.0434,0.06939,0.01967,0.134,0.02398,0,0,2  -  Cliente - TelemetriaPulo:71
  23:13:21.592  TEL,13.03,2 SUBIDA SUAVE 3°,168.6,-0.1898,0.0632,-0.5097,112,111.9,113.2,113.5,-0.204,-0.1619,-0.06707,0.007954,1.385,1.424,1.429,1.504,-842.9,-0.3918,0.1216,0.09957,0.01608,0.1337,0.02547,0,0,2  -  Cliente - TelemetriaPulo:71
  23:13:21.592  TEL,13.04,2 SUBIDA SUAVE 3°,169,0.2989,-0.1712,-0.482,111.9,112.5,114.2,113,-0.2049,-0.1751,-0.01794,-0.007088,1.384,1.412,1.478,1.489,-842.9,-0.5823,-0.3423,0.1263,0.02716,0.1145,0.03197,0,0,2  -  Cliente - TelemetriaPulo:71
  23:13:21.593  TEL,13.05,2 SUBIDA SUAVE 3°,169,0.4004,-0.287,-0.1333,111.9,112.4,114.7,113.2,-0.1922,-0.1726,-0.003508,-0.01051,1.396,1.414,1.493,1.486,-844.8,-0.7102,-0.4478,0.124,0.03109,0.099,0.03164,0,0,2  -  Cliente - TelemetriaPulo:71
  23:13:21.593  TEL,13.05,2 SUBIDA SUAVE 3°,169.3,0.01374,-0.4575,0.3298,111.8,112.6,115.8,113,-0.1454,-0.1366,0.01014,-0.03043,1.44,1.448,1.507,1.466,-845.1,-0.8283,-0.5364,0.0946,0.02515,0.05472,0.03015,0,0,2  -  Cliente - TelemetriaPulo:71
  23:13:21.593  TEL,13.06,2 SUBIDA SUAVE 3°,169.3,-0.2012,-0.4455,0.7299,111.7,112.7,116.3,112.8,-0.1222,-0.1228,0.009518,-0.04339,1.462,1.461,1.506,1.453,-846.3,-0.7675,-0.4287,0.07066,0.02725,0.02739,0.03862,0,0,3  -  Cliente - TelemetriaPulo:71
  23:13:21.593  TEL,13.06,2 SUBIDA SUAVE 3°,169.8,-0.3085,-0.3674,1.67,111.7,112.9,113.7,113.3,-0.1113,-0.09243,-0.02283,-0.03347,1.472,1.489,1.474,1.463,-846.6,-0.5723,-0.4455,0.04249,0.02606,0.02029,0.03745,0,0,4  -  Cliente - TelemetriaPulo:71
  23:13:21.593  TEL,13.07,2 SUBIDA SUAVE 3°,169.4,-0.7686,0.06466,0.00322,112.6,113.1,114.2,114.3,-0.07818,-0.09777,-0.0487,-0.01768,1.502,1.484,1.448,1.479,-849,0.1191,-0.3049,0.005529,0.04267,0.02521,0.02145,0,0,4  -  Cliente - TelemetriaPulo:71
  23:13:21.593  TEL,13.07,2 SUBIDA SUAVE 3°,169.5,-1.007,0.1343,-0.541,112.8,113,114.6,112.2,-0.08177,-0.1266,-0.02831,-0.04982,1.5,1.457,1.468,1.447,-846.9,0.1793,-0.3124,0.00518,0.05387,0.01968,0.04284,0,0,3  -  Cliente - TelemetriaPulo:71
  23:13:21.593  TEL,13.08,2 SUBIDA SUAVE 3°,169.6,-0.4159,0.2696,0.2559,113,113,114.2,112.6,-0.08975,-0.1348,-0.02427,-0.04765,1.492,1.45,1.472,1.449,-847.7,0.4536,-0.3487,0.005388,0.05767,0.02059,0.05499,0,0,2  -  Cliente - TelemetriaPulo:71
  23:13:21.593  TEL,13.08,2 SUBIDA SUAVE 3°,169.6,-0.1148,0.2335,0.2987,113.9,112.9,113.8,113.7,-0.1131,-0.1291,-0.01805,-0.0256,1.47,1.455,1.478,1.471,-848,0.6769,-0.1523,0.003847,0.04504,0.02674,0.06233,0,0,3  -  Cliente - TelemetriaPulo:71
  23:13:21.593  TEL,13.09,2 SUBIDA SUAVE 3°,169.6,-0.4211,0.1811,0.09314,114.1,112.9,113.7,114.2,-0.1154,-0.1197,-0.01357,-0.01711,1.468,1.464,1.483,1.479,-847.9,0.7009,-0.02148,0.002156,0.02978,0.02701,0.06007,0,0,3  -  Cliente - TelemetriaPulo:71
  23:13:21.593  TEL,13.1,2 SUBIDA SUAVE 3°,169.6,-0.8986,0.1239,-0.1557,114,112.9,114,114.7,-0.136,-0.11,-0.006568,-0.014,1.449,1.473,1.49,1.482,-848.1,0.4708,0.07482,0.0152,0.009344,0.02662,0.05418,0,0,3  -  Cliente - TelemetriaPulo:71
  23:13:21.593  TEL,13.1,2 SUBIDA SUAVE 3°,169.5,-1.305,0.04586,-1.38,114,114.4,114.5,115.2,-0.1792,-0.1348,0.01363,-0.0281,1.407,1.449,1.51,1.468,-847.9,0.5957,0.08675,0.07737,0.005136,0.02342,0.04444,0,0,3  -  Cliente - TelemetriaPulo:71
  23:13:21.593  TEL,13.11,2 SUBIDA SUAVE 3°,169.3,-0.03924,0.07067,-1.116,113.7,114.2,113.3,116.2,-0.2534,-0.149,-0.02345,-0.01761,1.339,1.436,1.473,1.479,-847.4,0.03828,0.02329,0.1646,0.000874,0.07391,0.006879,0,0,2  -  Cliente - TelemetriaPulo:71
  23:13:21.593  TEL,13.11,2 SUBIDA SUAVE 3°,169.8,0.8142,-0.01539,-0.8769,113.7,114.2,113.8,114.3,-0.2606,-0.1537,-0.02357,-0.03142,1.332,1.432,1.473,1.465,-846.7,-0.2513,-0.1166,0.1873,0.002019,0.08977,0.009863,0,0,2  -  Cliente - TelemetriaPulo:71
  23:13:21.593  TEL,13.12,2 SUBIDA SUAVE 3°,169.3,5.213,0.2683,0.7592,113.6,114,114.9,115,-0.252,-0.1403,-0.01604,-0.09874,1.341,1.444,1.48,1.398,-848.9,-0.7841,-0.01296,0.1908,0.02229,0.1059,0.1355,0,0,1  -  Cliente - TelemetriaPulo:71
  23:13:21.593  ===== fim =====  -  Cliente - TelemetriaPulo:72
  23:13:22.446  ##### PULO #3  trecho=3 DESCIDA SUAVE 3°  vel=179  impulso no frame t=13.117 (ΔVy=4.4, assoalho=0, asa=0, rodas no chão antes=1)  -  Cliente - TelemetriaPulo:215
  23:13:22.446  ===== PULO #3 =====  -  Cliente - TelemetriaPulo:69
  23:13:22.446  TEL,t,trecho,vel,vyChassi,arfagem,rolagem,wFD,wFE,wTD,wTE,posFD,posFE,posTD,posTE,molaFD,molaFE,molaTD,molaTE,downforce,dirFD,dirFE,chaoFD,chaoFE,chaoTD,chaoTE,assoalho,asa,rodasNoChao  -  Cliente - TelemetriaPulo:70
  23:13:22.446  TEL,12.98,2 SUBIDA SUAVE 3°,167.8,-3.06,-0.1689,0.2555,111.8,113.2,113.3,111.8,-0.0496,-0.06536,-0.01304,-0.05254,1.53,1.515,1.483,1.444,-841.2,-0.6211,-0.5479,-0.01063,0.05152,0.03081,0.1271,0,0,2  -  Cliente - TelemetriaPulo:71
  23:13:22.446  TEL,12.99,2 SUBIDA SUAVE 3°,167.9,-3.551,-0.09875,0.5658,112.5,113.1,112.8,112.3,-0.06724,-0.09339,-0.01116,-0.03854,1.513,1.489,1.485,1.458,-839,-0.1741,-0.4948,-0.009696,0.07903,0.03058,0.1302,0,0,2  -  Cliente - TelemetriaPulo:71
  23:13:22.446  TEL,12.99,2 SUBIDA SUAVE 3°,167.9,-4.054,-0.1099,0.6035,112.5,113.1,112.7,112.8,-0.115,-0.1209,-0.01712,-0.02287,1.468,1.463,1.479,1.473,-839.4,0.1151,-0.318,0.01765,0.1008,0.03342,0.1286,0,0,2  -  Cliente - TelemetriaPulo:71
  23:13:22.446  TEL,13,2 SUBIDA SUAVE 3°,167.9,-3.693,-0.302,-0.04231,112.3,113,113.1,113.8,-0.1398,-0.1592,-0.01713,-0.005954,1.445,1.427,1.479,1.49,-839.4,0.2302,0.1278,0.01882,0.1217,0.02893,0.111,0,0,2  -  Cliente - TelemetriaPulo:71
  23:13:22.446  TEL,13.01,2 SUBIDA SUAVE 3°,168.3,-3.449,-0.4482,-0.1269,112.8,113,112.1,114.4,-0.1441,-0.1623,-0.02446,-0.003199,1.441,1.424,1.472,1.493,-839.7,0.181,0.2799,0.01967,0.1195,0.02817,0.0951,0,0,2  -  Cliente - TelemetriaPulo:71
  23:13:22.446  TEL,13.01,2 SUBIDA SUAVE 3°,167.9,-4.118,-0.2821,-0.4744,112.8,112.9,112.9,114.9,-0.1455,-0.169,-0.02359,0.002481,1.44,1.417,1.473,1.499,-841.4,0.09999,0.4379,0.01829,0.1091,0.02686,0.07497,0,0,2  -  Cliente - TelemetriaPulo:71
  23:13:22.446  TEL,13.02,2 SUBIDA SUAVE 3°,168,-2.617,-0.1793,-1.723,113.3,112.9,111.7,115.9,-0.1237,-0.1818,-0.06791,-0.0007797,1.46,1.406,1.428,1.496,-839.6,-0.1625,0.4211,0.02272,0.06166,0.1028,0.01608,0,0,2  -  Cliente - TelemetriaPulo:71
  23:13:22.446  TEL,13.02,2 SUBIDA SUAVE 3°,168.6,-2.095,-0.128,-0.8763,113.4,112.8,112.2,113,-0.1149,-0.161,-0.0755,-0.01198,1.468,1.425,1.421,1.484,-840.2,-0.286,0.1464,0.02087,0.02416,0.1249,0.01712,0,0,3  -  Cliente - TelemetriaPulo:71
  23:13:22.446  TEL,13.03,2 SUBIDA SUAVE 3°,168.6,-1.263,0.03697,0.6706,112.2,112,112.7,113.5,-0.1827,-0.1445,-0.08697,-0.003263,1.405,1.441,1.409,1.493,-843.2,-0.6238,-0.0434,0.06939,0.01967,0.134,0.02398,0,0,2  -  Cliente - TelemetriaPulo:71
  23:13:22.446  TEL,13.03,2 SUBIDA SUAVE 3°,168.6,-0.1898,0.0632,-0.5097,112,111.9,113.2,113.5,-0.204,-0.1619,-0.06707,0.007954,1.385,1.424,1.429,1.504,-842.9,-0.3918,0.1216,0.09957,0.01608,0.1337,0.02547,0,0,2  -  Cliente - TelemetriaPulo:71
  23:13:22.447  TEL,13.04,2 SUBIDA SUAVE 3°,169,0.2989,-0.1712,-0.482,111.9,112.5,114.2,113,-0.2049,-0.1751,-0.01794,-0.007088,1.384,1.412,1.478,1.489,-842.9,-0.5823,-0.3423,0.1263,0.02716,0.1145,0.03197,0,0,2  -  Cliente - TelemetriaPulo:71
  23:13:22.447  TEL,13.05,2 SUBIDA SUAVE 3°,169,0.4004,-0.287,-0.1333,111.9,112.4,114.7,113.2,-0.1922,-0.1726,-0.003508,-0.01051,1.396,1.414,1.493,1.486,-844.8,-0.7102,-0.4478,0.124,0.03109,0.099,0.03164,0,0,2  -  Cliente - TelemetriaPulo:71
  23:13:22.447  TEL,13.05,2 SUBIDA SUAVE 3°,169.3,0.01374,-0.4575,0.3298,111.8,112.6,115.8,113,-0.1454,-0.1366,0.01014,-0.03043,1.44,1.448,1.507,1.466,-845.1,-0.8283,-0.5364,0.0946,0.02515,0.05472,0.03015,0,0,2  -  Cliente - TelemetriaPulo:71
  23:13:22.447  TEL,13.06,2 SUBIDA SUAVE 3°,169.3,-0.2012,-0.4455,0.7299,111.7,112.7,116.3,112.8,-0.1222,-0.1228,0.009518,-0.04339,1.462,1.461,1.506,1.453,-846.3,-0.7675,-0.4287,0.07066,0.02725,0.02739,0.03862,0,0,3  -  Cliente - TelemetriaPulo:71
  23:13:22.447  TEL,13.06,2 SUBIDA SUAVE 3°,169.8,-0.3085,-0.3674,1.67,111.7,112.9,113.7,113.3,-0.1113,-0.09243,-0.02283,-0.03347,1.472,1.489,1.474,1.463,-846.6,-0.5723,-0.4455,0.04249,0.02606,0.02029,0.03745,0,0,4  -  Cliente - TelemetriaPulo:71
  23:13:22.447  TEL,13.07,2 SUBIDA SUAVE 3°,169.4,-0.7686,0.06466,0.00322,112.6,113.1,114.2,114.3,-0.07818,-0.09777,-0.0487,-0.01768,1.502,1.484,1.448,1.479,-849,0.1191,-0.3049,0.005529,0.04267,0.02521,0.02145,0,0,4  -  Cliente - TelemetriaPulo:71
  23:13:22.447  TEL,13.07,2 SUBIDA SUAVE 3°,169.5,-1.007,0.1343,-0.541,112.8,113,114.6,112.2,-0.08177,-0.1266,-0.02831,-0.04982,1.5,1.457,1.468,1.447,-846.9,0.1793,-0.3124,0.00518,0.05387,0.01968,0.04284,0,0,3  -  Cliente - TelemetriaPulo:71
  23:13:22.447  TEL,13.08,2 SUBIDA SUAVE 3°,169.6,-0.4159,0.2696,0.2559,113,113,114.2,112.6,-0.08975,-0.1348,-0.02427,-0.04765,1.492,1.45,1.472,1.449,-847.7,0.4536,-0.3487,0.005388,0.05767,0.02059,0.05499,0,0,2  -  Cliente - TelemetriaPulo:71
  23:13:22.447  TEL,13.08,2 SUBIDA SUAVE 3°,169.6,-0.1148,0.2335,0.2987,113.9,112.9,113.8,113.7,-0.1131,-0.1291,-0.01805,-0.0256,1.47,1.455,1.478,1.471,-848,0.6769,-0.1523,0.003847,0.04504,0.02674,0.06233,0,0,3  -  Cliente - TelemetriaPulo:71
  23:13:22.447  TEL,13.09,2 SUBIDA SUAVE 3°,169.6,-0.4211,0.1811,0.09314,114.1,112.9,113.7,114.2,-0.1154,-0.1197,-0.01357,-0.01711,1.468,1.464,1.483,1.479,-847.9,0.7009,-0.02148,0.002156,0.02978,0.02701,0.06007,0,0,3  -  Cliente - TelemetriaPulo:71
  23:13:22.447  TEL,13.1,2 SUBIDA SUAVE 3°,169.6,-0.8986,0.1239,-0.1557,114,112.9,114,114.7,-0.136,-0.11,-0.006568,-0.014,1.449,1.473,1.49,1.482,-848.1,0.4708,0.07482,0.0152,0.009344,0.02662,0.05418,0,0,3  -  Cliente - TelemetriaPulo:71
  23:13:22.447  TEL,13.1,2 SUBIDA SUAVE 3°,169.5,-1.305,0.04586,-1.38,114,114.4,114.5,115.2,-0.1792,-0.1348,0.01363,-0.0281,1.407,1.449,1.51,1.468,-847.9,0.5957,0.08675,0.07737,0.005136,0.02342,0.04444,0,0,3  -  Cliente - TelemetriaPulo:71
  23:13:22.447  TEL,13.11,2 SUBIDA SUAVE 3°,169.3,-0.03924,0.07067,-1.116,113.7,114.2,113.3,116.2,-0.2534,-0.149,-0.02345,-0.01761,1.339,1.436,1.473,1.479,-847.4,0.03828,0.02329,0.1646,0.000874,0.07391,0.006879,0,0,2  -  Cliente - TelemetriaPulo:71
  23:13:22.447  TEL,13.11,2 SUBIDA SUAVE 3°,169.8,0.8142,-0.01539,-0.8769,113.7,114.2,113.8,114.3,-0.2606,-0.1537,-0.02357,-0.03142,1.332,1.432,1.473,1.465,-846.7,-0.2513,-0.1166,0.1873,0.002019,0.08977,0.009863,0,0,2  -  Cliente - TelemetriaPulo:71
  23:13:22.447  TEL,13.12,2 SUBIDA SUAVE 3°,169.3,5.213,0.2683,0.7592,113.6,114,114.9,115,-0.252,-0.1403,-0.01604,-0.09874,1.341,1.444,1.48,1.398,-848.9,-0.7841,-0.01296,0.1908,0.02229,0.1059,0.1355,0,0,1  -  Cliente - TelemetriaPulo:71
  23:13:22.447  TEL,13.12,2 SUBIDA SUAVE 3°,169.4,6.355,0.3188,0.8273,113.5,114,115.4,115.5,-0.2312,-0.1144,0.009718,-0.08557,1.36,1.468,1.506,1.411,-846.6,-0.8724,0.07302,0.1738,0.02416,0.1079,0.1741,0,0,1  -  Cliente - TelemetriaPulo:71
  23:13:22.447  TEL,13.14,2 SUBIDA SUAVE 3°,169.6,1.348,0.1231,0.7191,113.3,113.6,117.4,117.5,-0.0782,-0.02193,0.04589,-0.04057,1.503,1.556,1.542,1.456,-847.1,-0.5718,0.2257,0.02531,0.02887,0.1157,0.268,0,0,2  -  Cliente - TelemetriaPulo:71
  23:13:22.447  TEL,13.15,2 SUBIDA SUAVE 3°,169.6,-1.992,0.2044,0.5326,111.6,113.5,118.4,118.5,-0.1049,-0.03939,0.03733,-0.03624,1.478,1.539,1.534,1.46,-848.2,-0.6932,0.3101,0.01667,0.04485,0.115,0.2832,0,0,2  -  Cliente - TelemetriaPulo:71
  23:13:22.447  TEL,13.2,2 SUBIDA SUAVE 3°,172.9,-0.5423,-0.09206,1.153,114.6,115.1,118.1,115.6,-0.1928,-0.1859,-0.07307,-0.08829,1.395,1.402,1.423,1.408,-847.8,0.5638,-1.218,-0.0002898,0.001061,0.01645,0.04125,0,0,4  -  Cliente - TelemetriaPulo:71
  23:13:22.448  TEL,13.21,2 SUBIDA SUAVE 3°,172.6,3.842,0.3254,0.1517,115.4,114.9,116.1,116.5,-0.1895,-0.1589,-0.04893,-0.06611,1.398,1.427,1.447,1.43,-864.4,0.5909,-1.043,-0.005646,-0.001846,0.02535,0.08131,0,0,3  -  Cliente - TelemetriaPulo:71
  23:13:22.448  TEL,13.22,2 SUBIDA SUAVE 3°,172.3,4.108,0.2971,-0.9016,116.8,115.6,115.8,117,-0.1669,-0.1611,-0.05203,-0.06235,1.42,1.425,1.444,1.434,-863.2,0.3342,-1.015,-0.007346,-0.004881,0.07331,0.09195,0,0,2  -  Cliente - TelemetriaPulo:71
  23:13:22.448  TEL,13.22,2 SUBIDA SUAVE 3°,172.1,4.992,0.3762,-0.6469,117.8,114.9,116.7,118,-0.1207,-0.1503,-0.02867,-0.01594,1.463,1.435,1.468,1.48,-861.4,-0.4959,-1.301,-0.01058,-0.007555,0.1481,0.09643,0,0,2  -  Cliente - TelemetriaPulo:71
  23:13:22.448  TEL,13.23,2 SUBIDA SUAVE 3°,172.2,3.032,0.1817,-0.1364,117,114.7,117.7,119,-0.1097,-0.1338,-0.03213,0.03099,1.473,1.451,1.464,1.527,-860.6,-1.606,-1.607,-0.002152,-0.0118,0.2052,0.09312,0,0,2  -  Cliente - TelemetriaPulo:71
  23:13:22.448  TEL,13.24,2 SUBIDA SUAVE 3°,172.5,1.102,0.01799,-0.1709,116.8,114,119.5,120.8,-0.09168,-0.1328,-0.04593,0.04814,1.49,1.452,1.45,1.545,-861.1,-2.644,-2.142,-0.004113,-0.009271,0.24,0.08927,0,0,2  -  Cliente - TelemetriaPulo:71
  23:13:22.448  TEL,13.25,2 SUBIDA SUAVE 3°,172.6,0.3538,-0.02266,-0.05278,116.9,113.8,120.3,121.6,-0.08968,-0.131,-0.05367,0.05246,1.492,1.453,1.443,1.549,-862.3,-3.088,-2.5,-0.004507,-0.009444,0.2473,0.08677,0,0,2  -  Cliente - TelemetriaPulo:71
  23:13:22.448  TEL,13.25,2 SUBIDA SUAVE 3°,172.8,-0.9164,-0.0712,0.08828,116.7,113.3,122,123.3,-0.09371,-0.1287,-0.06028,0.05332,1.488,1.455,1.436,1.55,-863,-3.82,-3.372,-0.004845,-0.01006,0.2402,0.08034,0,0,2  -  Cliente - TelemetriaPulo:71
  23:13:22.448  TEL,13.26,2 SUBIDA SUAVE 3°,172.8,-1.491,-0.09446,0.1544,116.7,113.1,122.8,124.1,-0.1004,-0.1285,-0.05901,0.05088,1.482,1.455,1.437,1.547,-864,-4.147,-3.829,-0.005092,-0.01063,0.226,0.07601,0,0,2  -  Cliente - TelemetriaPulo:71
  23:13:22.448  TEL,13.26,2 SUBIDA SUAVE 3°,172.9,-2.026,-0.1237,0.2289,116.6,113,123.6,124.9,-0.1096,-0.1287,-0.05561,0.0472,1.473,1.455,1.441,1.544,-864.2,-4.445,-4.267,-0.005625,-0.01209,0.205,0.07058,0,0,2  -  Cliente - TelemetriaPulo:71
  23:13:22.448  TEL,13.27,2 SUBIDA SUAVE 3°,172.9,-2.948,-0.2085,0.09124,116.7,113.1,125.1,126.4,-0.1307,-0.1295,-0.04117,0.03341,1.453,1.455,1.455,1.53,-864.3,-4.91,-5.029,-0.007983,-0.01463,0.1446,0.05516,0,0,2  -  Cliente - TelemetriaPulo:71
  23:13:22.448  TEL,13.27,2 SUBIDA SUAVE 3°,172.8,-3.331,-0.2609,0.1337,116.9,113.4,125.9,127.2,-0.14,-0.1361,-0.03125,0.02367,1.445,1.448,1.465,1.52,-864.3,-5.045,-5.363,-0.007276,-0.01403,0.1066,0.04379,0,0,3  -  Cliente - TelemetriaPulo:71
  23:13:22.449  TEL,13.29,2 SUBIDA SUAVE 3°,175.2,-4.023,-0.5358,-0.8532,116.7,113.8,119.8,123.9,-0.1579,-0.155,-0.04358,-0.05897,1.428,1.43,1.453,1.437,-863.9,-4.551,-5.793,-0.008105,-0.01337,-0.02034,-0.003451,0,0,4  -  Cliente - TelemetriaPulo:71
  23:13:22.449  TEL,13.3,2 SUBIDA SUAVE 3°,175.4,-1.5,-0.2107,-0.1798,116.7,114.2,120.1,121.5,-0.1614,-0.1574,-0.05472,-0.07565,1.424,1.428,1.442,1.421,-875.9,-4.158,-5.857,-0.008235,-0.0142,-0.02101,-0.004924,0,0,4  -  Cliente - TelemetriaPulo:71
  23:13:22.449  TEL,13.3,2 SUBIDA SUAVE 3°,175.5,1.328,0.1088,0.4283,117.2,115.1,119.9,118.6,-0.1674,-0.142,-0.07306,-0.04557,1.419,1.443,1.423,1.451,-876.8,-3.052,-5.338,-0.01102,-0.0111,-0.006634,-0.005985,0,0,4  -  Cliente - TelemetriaPulo:71
  23:13:22.449  TEL,13.31,2 SUBIDA SUAVE 3°,175.5,2.015,0.1684,-0.1497,116.7,115.4,119.2,118.8,-0.1594,-0.1409,-0.05584,-0.03253,1.426,1.444,1.441,1.464,-877.4,-2.565,-4.781,-0.01364,-0.01166,-0.006661,-0.006348,0,0,4  -  Cliente - TelemetriaPulo:71
  23:13:22.449  TEL,13.31,2 SUBIDA SUAVE 3°,175.3,1.997,0.1353,-0.3389,117.4,115.8,120.2,119.3,-0.1484,-0.1401,-0.03486,-0.02207,1.437,1.445,1.462,1.474,-877.5,-2.094,-4.131,-0.01434,-0.01312,-0.007774,-0.008682,0,0,4  -  Cliente - TelemetriaPulo:71
  23:13:22.449  TEL,13.32,2 SUBIDA SUAVE 3°,175.5,1.051,-0.01547,-0.2862,118.1,117,120.6,118.9,-0.1402,-0.1358,-0.01185,-0.01628,1.444,1.449,1.485,1.48,-876.6,-1.451,-2.914,-0.001952,-0.01557,-0.009558,-0.01042,0,0,4  -  Cliente - TelemetriaPulo:71
  23:13:22.449  TEL,13.32,2 SUBIDA SUAVE 3°,175.7,0.6884,-0.0664,-0.05392,118.2,118.1,120.5,118.7,-0.1381,-0.1285,-0.01038,-0.01742,1.446,1.456,1.486,1.479,-877.4,-1.307,-2.511,0.0001823,-0.01643,-0.009362,-0.01071,0,0,4  -  Cliente - TelemetriaPulo:71
  23:13:22.449  TEL,13.33,2 SUBIDA SUAVE 3°,176.2,0.1997,-0.0896,0.1211,118.3,118.8,120.1,118.2,-0.1347,-0.1171,-0.01845,-0.01606,1.45,1.466,1.478,1.48,-878.4,-1.112,-1.719,-0.001726,-0.01785,-0.01145,-0.01089,0,0,4  -  Cliente - TelemetriaPulo:71
  23:13:22.449  TEL,13.33,2 SUBIDA SUAVE 3°,176.3,0.1398,-0.06729,0.1408,118.6,119.1,120.2,118.2,-0.135,-0.1251,-0.02349,-0.01641,1.449,1.459,1.473,1.48,-880.8,-1.018,-1.395,-0.002209,-0.007092,-0.01095,-0.01055,0,0,4  -  Cliente - TelemetriaPulo:71
  23:13:22.449  TEL,13.34,2 SUBIDA SUAVE 3°,176.5,0.1814,-0.04461,-0.002453,118.6,118.8,120.2,118.3,-0.1295,-0.1281,-0.02473,-0.01777,1.454,1.456,1.472,1.479,-881.6,-0.9136,-1.104,-0.003233,-0.003386,-0.01082,-0.01044,0,0,4  -  Cliente - TelemetriaPulo:71
  23:13:22.449  TEL,13.35,2 SUBIDA SUAVE 3°,177,0.1792,-0.01543,-0.1017,119.1,118.7,120.2,118.6,-0.1272,-0.1306,-0.02189,-0.02057,1.457,1.453,1.474,1.476,-882.7,-0.8727,-0.7355,-0.002419,-0.0009849,-0.01116,-0.01074,0,0,4  -  Cliente - TelemetriaPulo:71
  23:13:22.449  TEL,13.35,2 SUBIDA SUAVE 3°,177.2,0.1097,-0.008065,0.01969,119,118.6,120.2,118.7,-0.1267,-0.1308,-0.02141,-0.0205,1.457,1.453,1.475,1.476,-884.9,-0.8271,-0.639,-0.002542,-0.0006191,-0.01127,-0.01074,0,0,4  -  Cliente - TelemetriaPulo:71
  23:13:22.449  TEL,13.36,2 SUBIDA SUAVE 3°,177.5,0.05268,-0.002231,-0.04023,119.1,118.6,120,119,-0.1253,-0.1309,-0.02004,-0.02768,1.458,1.453,1.476,1.469,-886,-0.7608,-0.6059,-0.001802,-0.0002834,-0.01126,-0.004312,0,0,4  -  Cliente - TelemetriaPulo:71
  23:13:22.449  TEL,13.36,2 SUBIDA SUAVE 3°,178,0.09915,0.03997,0.1503,119.1,118.7,119.5,118.7,-0.1296,-0.1273,-0.02781,-0.0258,1.454,1.457,1.469,1.471,-887.4,-0.6678,-0.6265,-0.0009447,-0.0005405,-0.002402,-0.001402,0,0,4  -  Cliente - TelemetriaPulo:71
  23:13:22.449  TEL,13.37,2 SUBIDA SUAVE 3°,178.2,0.05753,0.0509,-0.07593,119.1,118.9,119.6,119,-0.1295,-0.1295,-0.02493,-0.02518,1.455,1.455,1.471,1.471,-890.2,-0.5829,-0.5918,-0.0006605,-0.0008361,-0.001401,-0.0009885,0,0,4  -  Cliente - TelemetriaPulo:71
  23:13:22.449  TEL,13.37,2 SUBIDA SUAVE 3°,178.3,0.0004531,0.05348,-0.1369,119.2,119,119.7,119.1,-0.1291,-0.1315,-0.02045,-0.02496,1.455,1.453,1.476,1.471,-890.8,-0.5047,-0.5984,-0.0002385,-0.0005667,-0.001421,-0.001292,0,0,4  -  Cliente - TelemetriaPulo:71
  23:13:22.450  TEL,13.38,2 SUBIDA SUAVE 3°,178.7,-0.239,0.05134,0.09237,120,120.2,119.7,119.2,-0.1246,-0.1435,-0.02152,-0.02029,1.459,1.441,1.475,1.476,-891.7,-0.2581,-0.575,-0.003897,0.01468,-0.0008905,-0.0008218,0,0,4  -  Cliente - TelemetriaPulo:71
  23:13:22.450  TEL,13.38,2 SUBIDA SUAVE 3°,178.6,-0.3222,0.0446,-1.032,118.4,119.9,120.3,119.8,-0.2095,-0.1576,-0.004119,-0.03415,1.379,1.428,1.492,1.462,-893.3,0.3097,-0.4904,0.1116,0.01884,-0.003194,-0.001829,0,0,3  -  Cliente - TelemetriaPulo:71
  23:13:22.450  TEL,13.39,2 SUBIDA SUAVE 3°,178.7,0.4774,-0.05066,-0.6759,118,120,119.8,119.2,-0.2832,-0.1699,0.008666,-0.05234,1.311,1.417,1.505,1.444,-893,0.1208,-0.4183,0.1966,0.02729,-0.001745,0.001284,0,0,3  -  Cliente - TelemetriaPulo:71
  23:13:22.450  TEL,13.39,2 SUBIDA SUAVE 3°,178.9,1.929,-0.1386,-0.486,117.8,120,119.8,119.7,-0.3249,-0.1619,0.01138,-0.05943,1.273,1.424,1.508,1.437,-893.7,0.1813,-0.3156,0.2638,0.03015,0.004339,0.005011,0,0,3  -  Cliente - TelemetriaPulo:71
  23:13:22.450  TEL,13.4,2 SUBIDA SUAVE 3°,179.4,4.382,-0.3334,-0.7563,117.7,120,120.3,119.6,-0.3236,-0.1161,0.03211,-0.07578,1.274,1.467,1.528,1.421,-894.4,0.1688,-0.1395,0.3534,0.03467,0.01065,0.0116,0,0,3  -  Cliente - TelemetriaPulo:71
  23:13:22.450  TEL,13.41,2 SUBIDA SUAVE 3°,179.4,5.005,-0.4023,-0.7867,117.6,120.1,120.6,120.4,-0.2884,-0.08462,0.04537,-0.07815,1.306,1.497,1.542,1.418,-897.1,0.05681,-0.1162,0.3754,0.03668,0.01431,0.006473,0,0,3  -  Cliente - TelemetriaPulo:71
  23:13:22.450  TEL,13.41,2 SUBIDA SUAVE 3°,179.6,4.879,-0.4691,-0.5507,117.6,120.1,121.4,120.1,-0.2434,-0.0488,0.0506,-0.08655,1.348,1.531,1.547,1.41,-897.2,-0.09202,-0.09822,0.3881,0.04205,0.01816,0.008231,0,0,3  -  Cliente - TelemetriaPulo:71
  23:13:22.450  TEL,13.42,2 SUBIDA SUAVE 3°,179.7,3.596,-0.3169,-0.1996,117.5,120,123.1,120,-0.1427,0.01896,0.05605,-0.09938,1.442,1.595,1.552,1.397,-898.2,-0.3525,-0.1134,0.3896,0.05798,0.02513,0.01566,0,0,2  -  Cliente - TelemetriaPulo:71
  23:13:22.450  TEL,13.42,2 SUBIDA SUAVE 3°,179.6,2.055,-0.1372,-0.009604,117.4,119.9,123.9,119.9,-0.1036,0.03698,0.05627,-0.09648,1.479,1.612,1.553,1.4,-898.5,-0.4364,-0.08862,0.3862,0.07542,0.02816,0.01582,0,0,2  -  Cliente - TelemetriaPulo:71
  23:13:22.450  TEL,13.43,2 SUBIDA SUAVE 3°,179.9,-0.5788,-0.01551,0.3968,117.4,119.8,125.4,120,-0.0543,0.04277,0.04306,-0.08638,1.525,1.617,1.539,1.41,-898.1,-0.4574,0.02008,0.3775,0.1259,0.03233,0.01483,0,0,2  -  Cliente - TelemetriaPulo:71
  23:13:22.450  TEL,13.44,2 SUBIDA SUAVE 3°,180,-3.386,0.2937,0.7023,117.3,119.7,127,120.2,-0.04173,0.0137,0.02389,-0.068,1.537,1.59,1.52,1.428,-899.4,-0.2692,0.214,0.372,0.1971,0.02808,0.01071,0,0,2  -  Cliente - TelemetriaPulo:71
  23:13:22.450  TEL,13.45,2 SUBIDA SUAVE 3°,180,-4.646,0.4053,0.8176,117.3,119.7,127.8,120.3,-0.04957,-0.01304,0.01557,-0.05659,1.53,1.564,1.512,1.44,-899.8,-0.1181,0.3422,0.3721,0.2401,0.02133,0.008467,0,0,2  -  Cliente - TelemetriaPulo:71
  23:13:22.450  TEL,13.45,2 SUBIDA SUAVE 3°,180.2,-6.536,0.5186,0.9511,117.3,119.6,129.2,120.4,-0.07831,-0.07544,0.002703,-0.03419,1.503,1.505,1.499,1.462,-900.1,0.2517,0.6317,0.3682,0.3227,-0.003149,0.002916,0,0,2  -  Cliente - TelemetriaPulo:71
  23:13:22.450  TEL,13.46,2 SUBIDA SUAVE 3°,180.9,-7.055,0.5098,1.256,117.2,119.6,126.3,120.8,-0.09648,-0.09927,-0.02032,-0.02111,1.486,1.483,1.476,1.475,-901,0.5331,0.7118,0.3639,0.3616,-0.00689,-0.0007783,0,0,2  -  Cliente - TelemetriaPulo:71
  23:13:22.450  TEL,13.46,3 DESCIDA SUAVE 3°,181.5,-6.933,0.5475,0.6907,117.2,119.5,123.7,121.2,-0.09964,-0.1264,-0.0396,-0.01354,1.483,1.457,1.457,1.483,-904.3,0.8857,0.7952,0.3547,0.3948,-0.004198,-0.003297,0,0,2  -  Cliente - TelemetriaPulo:71
  23:13:22.450  TEL,13.47,3 DESCIDA SUAVE 3°,181.2,-5.512,0.7396,0.7381,117.1,119.4,123.4,123.6,-0.08818,-0.1647,-0.04152,-0.03919,1.493,1.421,1.455,1.457,-907.3,1.128,0.829,0.3251,0.4386,-0.002397,0.04133,0,0,2  -  Cliente - TelemetriaPulo:71
  23:13:22.450  TEL,13.47,3 DESCIDA SUAVE 3°,179.8,-5.213,0.8088,-1.378,117.1,119.4,123,124.3,-0.04612,-0.1982,-0.1656,-0.05747,1.533,1.39,1.331,1.439,-906.2,0.9642,1.004,0.3052,0.4473,0.159,0.05369,0,0,0  -  Cliente - TelemetriaPulo:71
  23:13:22.450   ▶ TEL,13.48,3 DESCIDA SUAVE 3°,179.1,-0.9666,1.619,-1.843,117,119.4,123.3,125.1,-0.01127,-0.2281,-0.1856,-0.02354,1.566,1.362,1.311,1.473,-899,0.5595,0.8804,0.2862,0.4442,0.2781,0.06163,0,0,0 (x2)  -  Cliente - TelemetriaPulo:71
  23:13:22.451  TEL,13.48,3 DESCIDA SUAVE 3°,179,-0.2177,1.91,-1.604,116.9,119.2,124.7,126.5,0.04961,-0.2484,-0.1592,0.08251,1.624,1.343,1.337,1.579,-895.6,-0.505,0.3011,0.2578,0.399,0.4761,0.08261,0,0,0  -  Cliente - TelemetriaPulo:71
  23:13:22.451  TEL,13.49,3 DESCIDA SUAVE 3°,179.2,-1.758,1.785,-1.481,116.9,119.2,125.4,127.2,0.06388,-0.2409,-0.1448,0.1174,1.638,1.35,1.352,1.614,-895.2,-1.036,-0.04389,0.2512,0.3574,0.5617,0.1055,0,0,0  -  Cliente - TelemetriaPulo:71
  23:13:22.451  TEL,13.49,3 DESCIDA SUAVE 3°,179.4,-3.617,1.655,-1.397,116.8,119.1,126.1,127.9,0.06693,-0.2251,-0.1346,0.1339,1.641,1.365,1.362,1.63,-896,-1.507,-0.3815,0.2503,0.3042,99,0.1351,0,0,0  -  Cliente - TelemetriaPulo:71
  23:13:22.451  TEL,13.5,3 DESCIDA SUAVE 3°,179.5,-5.431,1.572,-1.356,116.7,119,126.8,128.5,0.05893,-0.2038,-0.1258,0.1345,1.633,1.385,1.371,1.631,-896.8,-1.888,-0.6915,0.2545,0.2408,99,0.1744,0,0,0  -  Cliente - TelemetriaPulo:71
  23:13:22.451  TEL,13.51,3 DESCIDA SUAVE 3°,179.6,-8.455,1.551,-1.37,116.6,118.9,128.1,129.8,0.01473,-0.1547,-0.101,0.104,1.591,1.431,1.395,1.6,-897.3,-2.319,-1.181,0.2735,0.08878,99,0.2662,0,0,0  -  Cliente - TelemetriaPulo:71
  23:13:22.451  TEL,13.51,3 DESCIDA SUAVE 3°,179.8,-9.331,1.506,-1.396,116.5,118.9,128.7,130.5,-0.01396,-0.1267,-0.08384,0.07862,1.564,1.457,1.413,1.575,-898,-2.353,-1.353,0.285,0.00311,99,0.3184,0,0,1  -  Cliente - TelemetriaPulo:71
  23:13:22.451  TEL,13.52,3 DESCIDA SUAVE 3°,179.6,-10.34,1.467,-0.06691,116.4,120,130,131.7,-0.109,-0.2407,-0.07461,0.06115,1.474,1.35,1.422,1.558,-898.8,-2.07,-1.397,0.3004,0.02621,99,0.4193,0,0,1  -  Cliente - TelemetriaPulo:71
  23:13:22.451  TEL,13.52,3 DESCIDA SUAVE 3°,180,-9.161,1.242,0.3264,116.3,121,130.6,132.3,-0.1409,-0.2672,-0.07124,0.05485,1.444,1.326,1.425,1.551,-898.1,-1.665,-1.54,0.2984,0.02675,99,0.4719,0,0,1  -  Cliente - TelemetriaPulo:71
  23:13:22.451  TEL,13.53,3 DESCIDA SUAVE 3°,180.4,-7.762,0.9995,0.5967,116.3,121.2,131.1,132.9,-0.1565,-0.2715,-0.06852,0.04975,1.429,1.322,1.428,1.546,-899.9,-1.129,-1.596,0.288,0.02509,99,0.5233,0,0,1  -  Cliente - TelemetriaPulo:71
  23:13:22.451  TEL,13.53,3 DESCIDA SUAVE 3°,179.9,-7.95,0.9688,1.044,116.2,121.9,132.3,134,-0.1793,-0.2833,-0.05168,0.05562,1.408,1.311,1.445,1.552,-901.8,0.06439,-1.231,0.241,0.01999,99,99,0,0,1  -  Cliente - TelemetriaPulo:71
  23:13:22.451  TEL,13.54,3 DESCIDA SUAVE 3°,180,-7.572,0.785,1.671,116.1,121.8,132.8,134.6,-0.1789,-0.3182,-0.05472,0.06041,1.408,1.28,1.442,1.557,-899.7,0.6539,-1.173,0.2038,0.07258,99,99,0,0,0  -  Cliente - TelemetriaPulo:71
  23:13:22.451  TEL,13.54,3 DESCIDA SUAVE 3°,180,-6.76,0.588,1.668,116,121.6,133.4,135.1,-0.1613,-0.3389,-0.05653,0.06102,1.425,1.26,1.44,1.557,-899.9,1.238,-0.6484,0.1581,0.1068,99,99,0,0,0  -  Cliente - TelemetriaPulo:71
  23:13:22.451  TEL,13.55,3 DESCIDA SUAVE 3°,180.1,-5.707,0.2899,1.917,115.9,121.5,134.4,136.1,-0.09332,-0.2929,-0.05363,0.05408,1.489,1.302,1.443,1.55,-899.8,2.193,0.6319,0.04919,0.1222,99,99,0,0,1  -  Cliente - TelemetriaPulo:71
  23:13:22.451  TEL,13.56,3 DESCIDA SUAVE 3°,180.1,-5.862,0.2143,2.058,115.9,121.5,134.9,136.6,-0.05498,-0.2411,-0.05135,0.04939,1.525,1.35,1.445,1.546,-900.4,2.553,1.378,-0.009423,0.1083,99,99,0,0,1  -  Cliente - TelemetriaPulo:71
  23:13:22.451  TEL,13.56,3 DESCIDA SUAVE 3°,179.2,-6.458,0.1853,2.084,124.2,121.4,135.4,137.1,-0.08868,-0.1814,-0.04755,0.04223,1.493,1.406,1.449,1.539,-900.5,3.179,2.163,0.004198,0.08486,99,99,0,0,1  -  Cliente - TelemetriaPulo:71
  23:13:22.451  TEL,13.57,3 DESCIDA SUAVE 3°,179.6,-7.291,0.1189,0.6289,116.9,121.3,136.3,138,-0.1959,-0.07778,-0.004178,-0.002394,1.392,1.503,1.492,1.494,-895.8,3.543,3.228,0.08841,0.02327,99,99,0,0,1  -  Cliente - TelemetriaPulo:71
  23:13:22.451  TEL,13.57,3 DESCIDA SUAVE 3°,179.7,-7.68,0.07312,-0.1189,116.8,120.8,136.8,138.5,-0.2124,-0.09119,0.03236,-0.03878,1.377,1.49,1.529,1.458,-898.2,3.355,3.446,0.1128,0.01893,99,99,0,0,1  -  Cliente - TelemetriaPulo:71
  23:13:22.451  TEL,13.58,3 DESCIDA SUAVE 3°,180.1,-7.945,-0.08465,1.011,116.7,120.5,137.7,139.4,-0.2342,-0.07709,0.06327,-0.06774,1.357,1.504,1.56,1.429,-898.5,2.486,2.491,0.1253,0.06799,99,99,0,0,0  -  Cliente - TelemetriaPulo:71
  23:13:22.451  TEL,13.58,3 DESCIDA SUAVE 3°,180.2,-8.1,-0.1611,1.176,116.6,120.5,138.1,139.8,-0.2312,-0.06879,0.06394,-0.06808,1.36,1.512,1.56,1.428,-900.4,1.998,2.152,0.1131,0.08798,99,99,0,0,0  -  Cliente - TelemetriaPulo:71
  23:13:22.451  TEL,13.59,3 DESCIDA SUAVE 3°,180.4,-8.42,-0.2241,1.212,116.6,120.4,138.5,140.2,-0.2168,-0.05747,0.06008,-0.0641,1.373,1.522,1.556,1.432,-901.1,1.517,1.804,0.08922,0.1058,99,99,0,0,0  -  Cliente - TelemetriaPulo:71
  23:13:22.452  TEL,13.59,3 DESCIDA SUAVE 3°,180.5,-8.955,-0.2679,1.175,116.5,120.4,138.9,140.6,-0.1924,-0.04655,0.05338,-0.05768,1.396,1.533,1.55,1.439,-901.8,1.066,1.455,0.05514,0.1223,99,99,0,0,0  -  Cliente - TelemetriaPulo:71
  23:13:22.452  TEL,13.6,3 DESCIDA SUAVE 3°,180.5,-10.73,-0.2815,-0.1773,119,120.3,139.8,141.5,-0.2073,-0.05364,0.05344,-0.05907,1.381,1.526,1.55,1.437,-902.4,1.432,0.8129,0.07656,0.1531,99,99,0,0,0  -  Cliente - TelemetriaPulo:71
  23:13:22.452  TEL,13.61,3 DESCIDA SUAVE 3°,180.3,-10.88,-0.3541,-0.3485,118.6,120.2,140.2,141.9,-0.2486,-0.07141,0.06358,-0.07044,1.344,1.509,1.56,1.426,-902.7,1.23,0.4474,0.1188,0.1657,99,99,0,0,0  -  Cliente - TelemetriaPulo:71
  23:13:22.452  TEL,13.61,3 DESCIDA SUAVE 3°,180.4,-10.61,-0.5464,-0.3494,118.5,120.1,141,142.7,-0.2696,-0.0805,0.06688,-0.07161,1.324,1.501,1.563,1.425,-901.6,1.055,-0.2563,0.1605,0.1804,99,99,0,0,0  -  Cliente - TelemetriaPulo:71
  23:13:22.452  TEL,13.62,3 DESCIDA SUAVE 3°,180.4,-10.61,-0.6394,-0.392,118.4,120.1,141.4,143.1,-0.2533,-0.07713,0.06305,-0.0672,1.339,1.504,1.559,1.429,-901.9,0.8043,-0.5524,0.1601,0.1827,99,99,0,0,0  -  Cliente - TelemetriaPulo:71
  23:13:22.452  TEL,13.62,3 DESCIDA SUAVE 3°,180.4,-10.82,-0.7139,-0.4234,118.4,120.1,141.8,143.5,-0.2235,-0.07032,0.05613,-0.0602,1.367,1.51,1.552,1.436,-902.1,0.4848,-0.8037,0.1475,0.182,99,99,0,0,0  -  Cliente - TelemetriaPulo:71
  23:13:22.452  TEL,13.63,3 DESCIDA SUAVE 3°,180.5,-11.3,-0.7624,-0.4344,118.3,120,142.2,143.9,-0.1843,-0.06218,0.04648,-0.05111,1.403,1.518,1.543,1.445,-902.2,0.1255,-1.003,0.1252,0.1789,99,99,0,0,0  -  Cliente - TelemetriaPulo:71
  23:13:22.452  TEL,13.63,3 DESCIDA SUAVE 3°,180.4,-13.18,-0.7554,-0.391,118.3,120,143,144.7,-0.0983,-0.05095,0.02189,-0.02803,1.484,1.529,1.518,1.468,-902.3,-0.5985,-1.236,0.06172,0.1677,99,99,0,0,0  -  Cliente - TelemetriaPulo:71
  23:13:22.452  TEL,13.64,3 DESCIDA SUAVE 3°,180.4,-14.63,-0.6903,-0.3442,118.2,119.9,143.5,145.2,-0.06187,-0.0527,0.008864,-0.01463,1.518,1.527,1.505,1.482,-902.1,-0.9161,-1.262,0.02563,0.1598,99,99,0,0,1  -  Cliente - TelemetriaPulo:71
  23:13:22.452  TEL,13.64,3 DESCIDA SUAVE 3°,180.2,-16.26,-0.6076,-0.4588,122.2,119.9,143.9,145.6,-0.06344,-0.06342,-0.001443,-0.003489,1.517,1.517,1.495,1.493,-901.8,-0.5557,-1.196,0.02351,0.1502,0.5962,99,0,0,1  -  Cliente - TelemetriaPulo:71
  23:13:22.452  TEL,13.65,3 DESCIDA SUAVE 3°,180.1,-18.46,-0.5818,-0.7384,121.5,119.8,144.7,146.4,-0.07989,-0.09873,-0.01156,0.005639,1.501,1.483,1.485,1.502,-901.2,-0.4301,-0.9568,0.01826,0.1205,0.5094,0.5766,0,0,1  -  Cliente - TelemetriaPulo:71
  23:13:22.452  TEL,13.66,3 DESCIDA SUAVE 3°,180.3,-18.61,-0.7248,-0.7653,121.2,119.8,145.1,146.8,-0.08733,-0.1083,-0.01719,0.005298,1.494,1.474,1.479,1.502,-900.6,-0.5118,-0.8283,0.01634,0.09818,0.4588,0.4974,0,0,1  -  Cliente - TelemetriaPulo:71
  23:13:22.452  TEL,13.66,3 DESCIDA SUAVE 3°,180.4,-19.06,-0.7289,-0.7893,121.1,119.7,145.6,147.3,-0.09563,-0.1143,-0.01961,0.005923,1.486,1.469,1.477,1.502,-901.7,-0.6222,-0.6953,0.01425,0.07036,0.403,0.4149,0,0,1  -  Cliente - TelemetriaPulo:71
  23:13:22.452  TEL,13.67,3 DESCIDA SUAVE 3°,180.7,-19.39,-0.8621,-1.119,121.1,119.7,146.4,148.1,-0.1546,-0.112,-0.01607,0.003358,1.431,1.471,1.48,1.5,-901.9,-0.5293,-0.4015,0.05723,-0.001778,0.2766,0.2408,0,0,1  -  Cliente - TelemetriaPulo:71
  23:13:22.452  TEL,13.67,3 DESCIDA SUAVE 3°,180.3,-19.42,-0.9721,-1.647,121.1,123.9,147.3,148.9,-0.1555,-0.1766,-0.003995,-0.01002,1.43,1.41,1.492,1.486,-903.4,-0.6177,-0.5345,0.06591,0.0168,0.207,0.1487,0,0,1  -  Cliente - TelemetriaPulo:71
  23:13:22.452  TEL,13.68,3 DESCIDA SUAVE 3°,180.2,-19.61,-0.9455,-0.09443,121,120.9,148.1,149.8,-0.1742,-0.2484,-0.0107,0.004442,1.413,1.346,1.486,1.501,-901.7,-0.8181,-0.8902,0.06604,0.1008,0.1346,0.05121,0,0,0  -  Cliente - TelemetriaPulo:71
  23:13:22.452  TEL,13.68,3 DESCIDA SUAVE 3°,180.1,-17.68,-1.367,-4.47,121,120.5,149.7,124.7,-0.09274,-0.4581,0.02788,-0.3806,1.49,1.151,1.524,1.116,-901.2,-0.8965,0.2808,0.03544,0.2145,-0.02661,0.207,0,0,2  -  Cliente - TelemetriaPulo:71
  23:13:22.452  TEL,13.69,3 DESCIDA SUAVE 3°,181.2,-6.14,0.05955,8.15,120.9,120.6,126.7,124.5,-0.1954,-0.3422,-0.2562,-0.3841,1.389,1.256,1.24,1.112,-900.3,-1.287,-0.2005,0.01727,0.2273,0.1528,0.3459,0,0,1  -  Cliente - TelemetriaPulo:71
  23:13:22.453  TEL,13.69,3 DESCIDA SUAVE 3°,179.9,7.036,1.891,5.777,122.5,120.4,126.6,125,-0.2492,-0.2503,-0.2763,-0.2733,1.342,1.341,1.22,1.223,-906.1,-0.6322,0.5454,0.002918,0.2291,0.2423,0.4607,0,0,1  -  Cliente - TelemetriaPulo:71
  23:13:22.453  TEL,13.7,3 DESCIDA SUAVE 3°,180.6,12.8,2.068,0.2354,119.3,120.1,127.7,126.2,-0.3359,-0.1349,-0.08403,-0.08529,1.263,1.449,1.412,1.411,-899.3,0.5106,2.094,0.1089,0.2039,0.3718,99,0,0,0  -  Cliente - TelemetriaPulo:71
  23:13:22.453  TEL,13.71,3 DESCIDA SUAVE 3°,181.2,12.03,1.424,-0.7246,119.1,120.1,128.4,126.8,-0.3392,-0.08289,0.01125,-0.05715,1.26,1.498,1.508,1.439,-902.8,0.7419,2.488,0.1661,0.1831,0.4363,99,0,0,0  -  Cliente - TelemetriaPulo:71
  23:13:22.453  TEL,13.71,3 DESCIDA SUAVE 3°,181.7,10.53,0.8474,-1.153,119,120,129,127.5,-0.3124,-0.02628,0.07601,-0.06019,1.284,1.552,1.572,1.436,-906.2,0.8366,2.613,0.2011,0.1575,0.5074,99,0,0,0  -  Cliente - TelemetriaPulo:71
  23:13:22.453  TEL,13.72,3 DESCIDA SUAVE 3°,181.1,4.837,0.6502,-0.9808,118.8,119.9,130.3,128.8,-0.2517,0.04567,0.1335,-0.08624,1.34,1.62,1.63,1.41,-908.6,0.4648,2.265,0.2263,0.1136,99,99,0,0,0  -  Cliente - TelemetriaPulo:71
  23:13:22.453  TEL,13.72,3 DESCIDA SUAVE 3°,181.1,3.09,0.5803,-0.7722,118.8,119.9,130.9,129.4,-0.2156,0.0719,0.1292,-0.09926,1.374,1.645,1.626,1.397,-905.5,0.1467,1.849,0.2169,0.09481,99,99,0,0,0  -  Cliente - TelemetriaPulo:71
  23:13:22.453  TEL,13.73,3 DESCIDA SUAVE 3°,181,1.384,0.6574,-0.6135,118.7,119.9,131.4,130,-0.1818,0.08452,0.1152,-0.1032,1.406,1.657,1.612,1.393,-905.4,-0.203,1.344,0.1984,0.08314,99,99,0,0,0  -  Cliente - TelemetriaPulo:71
  23:13:22.453  TEL,13.73,3 DESCIDA SUAVE 3°,180.5,-2.124,0.953,-0.4805,118.7,119.8,132.6,131.2,-0.1302,0.05998,0.07723,-0.08371,1.454,1.634,1.574,1.413,-904.8,-0.9013,0.2272,0.1316,0.07308,99,99,0,0,0  -  Cliente - TelemetriaPulo:71
  23:13:22.453  TEL,13.74,3 DESCIDA SUAVE 3°,180.3,-3.782,1.075,-0.4578,118.6,119.7,133.2,131.7,-0.1128,0.02592,0.05646,-0.06483,1.47,1.601,1.553,1.432,-902.6,-1.213,-0.3143,0.0892,0.0732,99,99,0,0,0  -  Cliente - TelemetriaPulo:71
  23:13:22.453  TEL,13.75,3 DESCIDA SUAVE 3°,180.6,-4.899,0.9621,-0.7943,122.1,119.7,134.3,132.8,-0.09925,-0.04593,0.01169,-0.03449,1.483,1.533,1.508,1.462,-901.6,-0.9415,-1.247,0.03201,0.06588,99,99,0,0,1  -  Cliente - TelemetriaPulo:71
  23:13:22.453  TEL,13.75,3 DESCIDA SUAVE 3°,180.3,-5.442,0.9826,-0.9342,121.3,119.6,134.9,133.4,-0.1269,-0.09103,0.0007607,-0.02136,1.457,1.491,1.497,1.475,-902.9,-0.9005,-1.556,0.0282,0.05754,99,99,0,0,1  -  Cliente - TelemetriaPulo:71
  23:13:22.453  TEL,13.76,3 DESCIDA SUAVE 3°,180.3,-5.47,0.899,-0.9827,121.5,119.6,135.4,133.9,-0.1533,-0.1276,-0.009103,-0.008205,1.432,1.456,1.487,1.488,-901.5,-0.7698,-1.765,0.02603,0.0382,99,99,0,0,2  -  Cliente - TelemetriaPulo:71
  23:13:22.453  TEL,13.76,3 DESCIDA SUAVE 3°,180.1,-5.092,0.7503,-1.148,121.7,121.9,135.9,134.4,-0.1718,-0.1716,-0.01588,0.0005018,1.415,1.415,1.48,1.497,-901.3,-0.6858,-2.039,0.02238,0.03724,99,99,0,1,2  -  Cliente - TelemetriaPulo:71
  23:13:22.453  TEL,13.77,3 DESCIDA SUAVE 3°,179.9,-0.7409,0.08103,-1.179,121.7,120.5,136.9,135.4,-0.1445,-0.207,-0.04824,-0.007128,1.44,1.382,1.448,1.489,-900.5,-0.6248,-1.702,0.02531,0.03057,99,99,0,0,2  -  Cliente - TelemetriaPulo:71
  23:13:22.453  TEL,13.77,3 DESCIDA SUAVE 3°,180,-0.0628,0.019,-0.9955,121.6,120.3,137.4,135.9,-0.1349,-0.2376,-0.04507,0.006147,1.45,1.354,1.451,1.503,-899.6,-0.7426,-1.764,0.0268,0.05349,99,99,0,1,1  -  Cliente - TelemetriaPulo:71
  23:13:22.453  TEL,13.78,3 DESCIDA SUAVE 3°,180,0.4704,-0.1632,-0.5737,121.6,120.3,137.9,136.4,-0.1209,-0.2542,-0.04841,0.02401,1.463,1.338,1.448,1.52,-899.8,-0.7941,-1.465,0.02454,0.06202,99,99,0,0,1  -  Cliente - TelemetriaPulo:71
  23:13:22.453  TEL,13.78,3 DESCIDA SUAVE 3°,180.4,0.6637,-0.4531,-0.4307,121.5,120.1,138.8,137.3,-0.1079,-0.2197,-0.05338,0.04645,1.475,1.37,1.443,1.543,-900.1,-0.8233,-0.8794,0.04481,0.03991,99,99,0,0,2  -  Cliente - TelemetriaPulo:71
  23:13:22.453  TEL,13.79,3 DESCIDA SUAVE 3°,180.3,-0.1699,-0.4431,-0.2238,121.2,120.2,139.2,137.8,-0.09783,-0.2043,-0.05409,0.05453,1.484,1.385,1.442,1.551,-901.9,-0.8228,-0.7426,0.04703,0.03953,99,99,0,0,2  -  Cliente - TelemetriaPulo:71
  23:13:22.454  TEL,13.8,3 DESCIDA SUAVE 3°,180.4,-1.277,-0.6018,0.06485,121.2,120.4,140.1,138.6,-0.07897,-0.1911,-0.05895,0.05926,1.502,1.397,1.437,1.556,-901.4,-0.7076,-0.2639,0.04613,0.03822,99,99,0,0,2  -  Cliente - TelemetriaPulo:71
  23:13:22.454  TEL,13.8,3 DESCIDA SUAVE 3°,180.4,-1.786,-0.6506,0.1074,121.1,120.3,140.5,139.1,-0.06917,-0.1855,-0.05893,0.05676,1.511,1.402,1.437,1.553,-901.8,-0.5455,-0.1291,0.04366,0.04271,99,99,0,0,2  -  Cliente - TelemetriaPulo:71
  23:13:22.454  TEL,13.81,3 DESCIDA SUAVE 3°,180.5,-2.345,-0.6828,0.2426,121.2,120.1,140.9,139.5,-0.06622,-0.1773,-0.05744,0.05284,1.514,1.409,1.439,1.549,-902.2,-0.4083,-0.01159,0.04375,0.04485,99,99,0,0,2  -  Cliente - TelemetriaPulo:71
  23:13:22.454  TEL,13.81,3 DESCIDA SUAVE 3°,180.5,-2.906,-0.7096,0.3215,121.1,120,141.3,139.9,-0.0644,-0.1652,-0.0538,0.04765,1.516,1.421,1.443,1.544,-902.3,-0.2179,0.1003,0.04307,0.04276,99,99,0,0,2  -  Cliente - TelemetriaPulo:71
  23:13:22.454  TEL,13.82,3 DESCIDA SUAVE 3°,180.5,-4.181,-0.7519,0.5167,121.1,119.8,142.2,140.7,-0.0723,-0.1658,-0.04196,0.03463,1.508,1.42,1.454,1.531,-902.5,0.08317,0.115,0.04141,0.06464,99,99,0,0,1  -  Cliente - TelemetriaPulo:71
  23:13:22.454  TEL,13.82,3 DESCIDA SUAVE 3°,180.5,-4.638,-0.791,0.722,121.1,119.7,142.6,141.2,-0.07719,-0.1686,-0.0376,0.03046,1.504,1.418,1.459,1.527,-902.4,0.2221,0.1832,0.03607,0.07924,99,99,0,0,1  -  Cliente - TelemetriaPulo:71
  23:13:22.454  TEL,13.83,3 DESCIDA SUAVE 3°,180.5,-5.57,-0.8791,0.822,121.1,119.7,143.4,142,-0.1022,-0.1505,-0.02708,0.02098,1.48,1.435,1.469,1.517,-902.5,0.5356,0.5439,0.0347,0.08353,99,99,0,0,1  -  Cliente - TelemetriaPulo:71
  23:13:22.454  TEL,13.83,3 DESCIDA SUAVE 3°,180.5,-6.056,-0.9224,0.7339,121,119.6,143.8,142.4,-0.1108,-0.1339,-0.01903,0.01301,1.472,1.45,1.477,1.509,-902.5,0.623,0.7721,0.02872,0.0751,99,99,0,0,1  -  Cliente - TelemetriaPulo:71
  23:13:22.454  TEL,13.84,3 DESCIDA SUAVE 3°,180.5,-6.626,-0.9572,0.5854,121.1,119.6,144.2,142.8,-0.125,-0.1151,-0.009061,0.002911,1.459,1.468,1.487,1.499,-902.5,0.7857,0.9951,0.032,0.06137,99,99,0,0,1  -  Cliente - TelemetriaPulo:71
  23:13:22.454  TEL,13.85,3 DESCIDA SUAVE 3°,180.6,-7.782,-1.021,0.3397,121,119.5,145.1,143.6,-0.1508,-0.07661,0.01438,-0.02102,1.435,1.504,1.511,1.475,-902.7,0.8695,1.317,0.03215,0.02172,99,99,0,0,2  -  Cliente - TelemetriaPulo:71
  23:13:22.454  TEL,13.85,3 DESCIDA SUAVE 3°,180.5,-8.43,-1.047,-0.2391,121,119.9,145.5,144.1,-0.1973,-0.09335,0.0317,-0.03862,1.391,1.488,1.528,1.458,-903,1.15,1.498,0.07528,0.01871,99,99,0,0,1  -  Cliente - TelemetriaPulo:71
  23:13:22.454  TEL,13.86,3 DESCIDA SUAVE 3°,180.6,-8.373,-1.13,-0.3229,121,119.8,145.9,144.5,-0.2294,-0.1004,0.04912,-0.05515,1.361,1.482,1.545,1.441,-902.6,1.104,1.229,0.1041,0.02314,99,99,0,0,1  -  Cliente - TelemetriaPulo:71
  23:13:22.454  TEL,13.86,3 DESCIDA SUAVE 3°,180.7,-8.112,-1.337,-0.1427,120.9,119.6,146.7,145.3,-0.2487,-0.1073,0.06358,-0.06678,1.343,1.475,1.56,1.43,-902.9,0.8163,0.9337,0.1218,0.02429,99,99,0,0,1  -  Cliente - TelemetriaPulo:71
  23:13:22.454  TEL,13.87,3 DESCIDA SUAVE 3°,180.8,-8.089,-1.438,-0.03545,120.8,119.6,147.1,145.7,-0.2371,-0.1071,0.0617,-0.06419,1.354,1.476,1.558,1.432,-903.6,0.583,0.8043,0.1111,0.02793,99,99,0,0,1  -  Cliente - TelemetriaPulo:71
  23:13:22.454  TEL,13.87,3 DESCIDA SUAVE 3°,180.8,-8.22,-1.523,0.08566,120.8,119.5,147.5,146.1,-0.214,-0.101,0.05438,-0.05691,1.376,1.481,1.551,1.439,-903.8,0.3361,0.6927,0.089,0.03011,99,99,0,0,1  -  Cliente - TelemetriaPulo:71
  23:13:22.454  TEL,13.88,3 DESCIDA SUAVE 3°,180.8,-9.176,-1.638,0.3002,120.7,119.4,149.2,147.8,-0.1469,-0.08851,0.02624,-0.03315,1.438,1.493,1.523,1.463,-904,-0.08144,0.6662,0.01838,0.03522,0.4211,0.551,0,0,2  -  Cliente - TelemetriaPulo:71
  23:13:22.454  TEL,13.88,3 DESCIDA SUAVE 3°,180.8,-9.916,-1.655,-0.04893,124.1,119.3,150.1,148.6,-0.1577,-0.09299,0.01553,-0.02501,1.428,1.489,1.512,1.471,-904.2,0.4031,0.7583,0.03434,0.03661,0.3219,0.4346,0,0,2  -  Cliente - TelemetriaPulo:71
  23:13:22.454  TEL,13.89,3 DESCIDA SUAVE 3°,180.7,-10.28,-1.696,-0.3798,124,119.2,150.8,149.4,-0.1632,-0.09651,0.01202,-0.02296,1.423,1.486,1.508,1.473,-903.8,0.4697,0.7339,0.0419,0.03369,0.2189,0.314,0,0,2  -  Cliente - TelemetriaPulo:71
  23:13:22.455  TEL,13.89,3 DESCIDA SUAVE 3°,180.7,-10.65,-1.74,-0.4778,123.9,119.2,151.6,150.2,-0.1569,-0.09638,0.009197,-0.02024,1.429,1.486,1.506,1.476,-903.4,0.5034,0.6444,0.04156,0.02687,0.1125,0.1894,0,0,2  -  Cliente - TelemetriaPulo:71
  23:13:22.455  TEL,13.9,3 DESCIDA SUAVE 3°,185.3,-11.61,-1.789,-1.662,123.9,118.7,125.9,151.7,-0.1054,-0.1231,-0.1063,-0.02859,1.477,1.461,1.39,1.468,-903.3,0.9748,-0.1398,0.02005,0.02135,0.01803,-0.07265,0,0,4  -  Cliente - TelemetriaPulo:71
  23:13:22.455  TEL,13.91,3 DESCIDA SUAVE 3°,188.6,-8.528,-1.19,-0.9986,123.6,120.5,124.7,127.7,-0.103,-0.1374,-0.1783,-0.1971,1.479,1.447,1.318,1.299,-926.6,1.408,-1.62,0.02066,0.01897,0.02176,-0.002439,0,0,4  -  Cliente - TelemetriaPulo:71
  23:13:22.455  TEL,13.91,3 DESCIDA SUAVE 3°,186.8,-1.869,0.1286,1.514,123.7,122.6,126,125.1,-0.1302,-0.1294,-0.2023,-0.2087,1.454,1.455,1.294,1.288,-943.1,1.601,-2.865,0.01814,0.02273,0.01989,0.02835,0,0,4  -  Cliente - TelemetriaPulo:71
  23:13:22.455  TEL,13.92,3 DESCIDA SUAVE 3°,185.5,5.32,0.8726,0.8495,124.7,122.6,125,126.3,-0.174,-0.1558,-0.1415,-0.08307,1.413,1.43,1.355,1.413,-934.1,1.503,-3.399,0.01462,0.06789,0.02707,0.05182,0,0,2  -  Cliente - TelemetriaPulo:71
  23:13:22.455  TEL,13.92,3 DESCIDA SUAVE 3°,185.3,5.97,0.7225,0.2724,124.8,122.5,124.6,126.9,-0.1776,-0.176,-0.09344,-0.03441,1.409,1.411,1.403,1.462,-927.6,0.8661,-3.227,0.01316,0.09753,0.03192,0.05907,0,0,2  -  Cliente - TelemetriaPulo:71
  23:13:22.455  TEL,13.93,3 DESCIDA SUAVE 3°,185.3,5.819,0.3932,-0.1992,126.5,122.4,125.1,127.6,-0.1606,-0.1863,-0.0493,-0.004514,1.426,1.401,1.447,1.492,-926.3,0.5745,-2.766,0.01266,0.1177,0.0321,0.06633,0,0,2  -  Cliente - TelemetriaPulo:71
  23:13:22.455  TEL,13.93,3 DESCIDA SUAVE 3°,184.9,2.771,0.06874,-0.2638,126.5,122.3,125.9,129,-0.1382,-0.1845,0.002551,0.01648,1.447,1.403,1.499,1.513,-926.3,-0.2949,-1.383,0.01285,0.124,0.03071,0.07781,0,0,2  -  Cliente - TelemetriaPulo:71
  23:13:22.455  TEL,13.94,3 DESCIDA SUAVE 3°,185.1,1.839,-0.1348,-0.6126,126.5,122.3,126,129.7,-0.1663,-0.1731,0.01309,0.007219,1.42,1.414,1.509,1.504,-924.5,-0.4504,-0.6189,0.05919,0.1124,0.03077,0.08061,0,0,1  -  Cliente - TelemetriaPulo:71
  23:13:22.455  TEL,13.95,3 DESCIDA SUAVE 3°,185.2,1.578,-0.279,-0.563,126.4,122.2,126.7,130.3,-0.1783,-0.1516,0.01913,-0.005682,1.409,1.434,1.515,1.491,-925.6,-0.8904,0.08089,0.08428,0.08824,0.02906,0.07929,0,0,1  -  Cliente - TelemetriaPulo:71
  23:13:22.455  TEL,13.95,3 DESCIDA SUAVE 3°,185.8,1.136,-0.4207,-0.6909,126.3,122.1,126.7,131.6,-0.1666,-0.08738,0.02132,-0.02826,1.42,1.494,1.518,1.468,-925.8,-1.498,1.113,0.1002,0.01868,0.02478,0.0607,0,0,2  -  Cliente - TelemetriaPulo:71
  23:13:22.455  TEL,13.96,3 DESCIDA SUAVE 3°,186,0.7375,-0.4107,-0.2476,126.2,124.4,126.2,132.2,-0.1578,-0.07682,0.01063,-0.02726,1.428,1.504,1.507,1.469,-928.8,-1.701,0.991,0.09375,0.01586,0.02637,0.04226,0,0,3  -  Cliente - TelemetriaPulo:71
  23:13:22.455  TEL,13.96,3 DESCIDA SUAVE 3°,186.2,0.3713,-0.3854,-0.226,126.2,124.2,126.2,132.8,-0.1427,-0.09402,-0.003503,-0.01942,1.442,1.488,1.493,1.477,-930.1,-1.801,1.173,0.07673,0.01305,0.02615,0.01907,0,0,3  -  Cliente - TelemetriaPulo:71
  23:13:22.455  TEL,13.97,3 DESCIDA SUAVE 3°,187.7,1.26,-0.0814,0.574,126.1,124.3,125.5,126.4,-0.1111,-0.1127,-0.01598,-0.06706,1.472,1.47,1.48,1.429,-931,-1.573,0.2756,0.02154,0.02289,0.0241,0.05759,0,0,3  -  Cliente - TelemetriaPulo:71
  23:13:22.455  TEL,13.97,3 DESCIDA SUAVE 3°,187.5,1.566,0.05196,0.5996,122.9,125.1,125.9,127,-0.1483,-0.1257,-0.01429,-0.05532,1.437,1.458,1.482,1.441,-938.3,-1.716,0.07335,0.02441,0.03046,0.02205,0.0632,0,0,3  -  Cliente - TelemetriaPulo:71
  23:13:22.456  TEL,13.98,3 DESCIDA SUAVE 3°,187.7,1.975,0.004545,0.1119,125.4,125.1,125.7,127.7,-0.1948,-0.1321,-0.01099,-0.04436,1.393,1.452,1.485,1.452,-937.7,-0.9182,-0.09667,0.06567,0.02529,0.02433,0.06345,0,0,2  -  Cliente - TelemetriaPulo:71
  23:13:22.456  ===== fim =====  -  Cliente - TelemetriaPulo:72
  23:13:24.101  ##### PULO #4  trecho=4 VALE 2.8° / CRISTA 2.8°  vel=206  impulso no frame t=14.745 (ΔVy=2.9, assoalho=0, asa=0, rodas no chão antes=4)  -  Cliente - TelemetriaPulo:215
  23:13:24.101  ===== PULO #4 =====  -  Cliente - TelemetriaPulo:69
  23:13:24.102  TEL,t,trecho,vel,vyChassi,arfagem,rolagem,wFD,wFE,wTD,wTE,posFD,posFE,posTD,posTE,molaFD,molaFE,molaTD,molaTE,downforce,dirFD,dirFE,chaoFD,chaoFE,chaoTD,chaoTE,assoalho,asa,rodasNoChao  -  Cliente - TelemetriaPulo:70
  23:13:24.102  TEL,14.64,3 DESCIDA SUAVE 3°,199.8,0.6082,-0.07579,-0.03458,133.6,133.6,133.5,133.6,-0.133,-0.1314,-0.01997,-0.01789,1.451,1.453,1.476,1.478,-998.6,0.004455,-0.004434,-0.001029,-0.0009375,-0.0009681,-0.003509,0,0,4  -  Cliente - TelemetriaPulo:71
  23:13:24.102  TEL,14.65,3 DESCIDA SUAVE 3°,200,0.3529,-0.05015,-0.0784,133.7,133.7,133.7,133.8,-0.1265,-0.1257,-0.02273,-0.02268,1.457,1.458,1.474,1.474,-999,-0.01165,0.004883,-0.0009507,-0.0008286,0.0007966,-0.001126,0,0,4  -  Cliente - TelemetriaPulo:71
  23:13:24.102  TEL,14.66,3 DESCIDA SUAVE 3°,200,0.3021,-0.0163,-0.06474,133.7,133.7,134.2,133.8,-0.1233,-0.1255,-0.01868,-0.02248,1.46,1.458,1.478,1.474,-999.8,0.005275,0.03129,-0.005689,-0.0009892,-0.002645,-0.0006994,0,0,4  -  Cliente - TelemetriaPulo:71
  23:13:24.102  TEL,14.66,3 DESCIDA SUAVE 3°,199.9,0.02467,-0.01119,-0.6313,134.5,134.7,133.9,134.1,-0.1384,-0.1796,-0.01446,-0.03036,1.446,1.407,1.482,1.466,-999.9,0.174,-0.01322,-0.01447,0.00129,0.0005116,-0.002494,0,0,4  -  Cliente - TelemetriaPulo:71
  23:13:24.102  TEL,14.67,3 DESCIDA SUAVE 3°,200.1,1.562,-0.1247,0.06833,134.7,134.5,133.8,134,-0.2062,-0.2328,-0.0155,-0.0272,1.383,1.358,1.481,1.469,-999.6,0.2185,-0.1887,-0.01963,-0.0029,0.002631,-0.001161,0,0,4  -  Cliente - TelemetriaPulo:71
  23:13:24.102  TEL,14.67,3 DESCIDA SUAVE 3°,200.1,2.705,-0.2338,0.3862,134.8,134.9,134.3,133.7,-0.2384,-0.2434,-0.01443,-0.02256,1.353,1.348,1.482,1.474,-1000,0.1371,-0.2269,-0.02189,-0.006031,-0.001835,-0.00021,0,0,4  -  Cliente - TelemetriaPulo:71
  23:13:24.102  TEL,14.68,3 DESCIDA SUAVE 3°,200.4,3.814,-0.3735,0.1389,135,134.8,133.9,133.6,-0.2489,-0.2629,-0.01785,-0.01682,1.343,1.33,1.479,1.48,-1001,0.3888,-0.032,-0.02267,-0.008009,-0.001379,-0.0008072,0,0,4  -  Cliente - TelemetriaPulo:71
  23:13:24.102  TEL,14.68,3 DESCIDA SUAVE 3°,200.6,6.434,-0.6353,0.4027,135.1,134.7,133.6,133.9,-0.2661,-0.3303,-0.02477,-0.00702,1.327,1.269,1.472,1.489,-1002,0.3829,-0.3513,-0.02221,0.07613,-0.001403,-0.001441,0,0,3  -  Cliente - TelemetriaPulo:71
  23:13:24.102  TEL,14.69,3 DESCIDA SUAVE 3°,200.7,8.205,-0.8297,0.5071,135,134.6,133.4,133.9,-0.2604,-0.3621,-0.035,-0.002736,1.333,1.239,1.461,1.494,-1003,0.2444,-0.2442,-0.0262,0.1226,0.001952,0.002693,0,0,3  -  Cliente - TelemetriaPulo:71
  23:13:24.102  TEL,14.69,3 DESCIDA SUAVE 3°,200.9,10.17,-0.9904,0.3783,135.2,134.5,133.5,133.9,-0.2398,-0.357,-0.04301,0.005135,1.351,1.243,1.453,1.502,-1003,0.4478,-0.1371,-0.02169,0.1494,0.004492,0.004576,0,0,3  -  Cliente - TelemetriaPulo:71
  23:13:24.102  TEL,14.7,3 DESCIDA SUAVE 3°,201.1,11.69,-1.133,0.243,135.3,134.4,133.6,133.8,-0.2126,-0.3274,-0.04362,0.008899,1.377,1.27,1.453,1.505,-1005,0.4198,-4.69e-06,-0.01793,0.158,0.005718,0.005298,0,0,3  -  Cliente - TelemetriaPulo:71
  23:13:24.102  TEL,14.71,3 DESCIDA SUAVE 3°,201.3,12.96,-1.348,-0.0366,134.6,134.3,133.7,134.4,-0.1573,-0.2127,-0.0404,0.01132,1.429,1.377,1.456,1.508,-1005,0.3659,0.2445,0.01511,0.1332,0.003833,0.004306,0,0,3  -  Cliente - TelemetriaPulo:71
  23:13:24.102  TEL,14.71,3 DESCIDA SUAVE 3°,201.4,12.8,-1.357,-0.3351,134.6,134.3,133.6,134.2,-0.1158,-0.1457,-0.03749,0.004829,1.467,1.439,1.459,1.501,-1006,0.311,0.2713,0.02426,0.1078,0.004022,0.004136,0,0,3  -  Cliente - TelemetriaPulo:71
  23:13:24.102  TEL,14.72,3 DESCIDA SUAVE 3°,201.4,10.28,-1.11,-0.6417,134.2,134.2,133.6,134.6,-0.03279,-0.03231,-0.02321,-0.01222,1.546,1.546,1.473,1.484,-1007,0.2175,0.1042,0.02583,0.04996,0.001564,0.0009896,0,0,4  -  Cliente - TelemetriaPulo:71
  23:13:24.102  TEL,14.72,3 DESCIDA SUAVE 3°,201.2,8.112,-0.8673,-0.6618,134.2,134.2,133.7,134.6,-0.007288,0.0006422,-0.01445,-0.02118,1.57,1.577,1.482,1.475,-1007,0.2521,-0.04233,0.02797,0.02314,2.503e-05,-8.929e-05,0,0,4  -  Cliente - TelemetriaPulo:71
  23:13:24.102  TEL,14.73,3 DESCIDA SUAVE 3°,201.4,7.125,-0.9088,-0.445,134.1,135.2,134.2,134.6,0.008752,0.007357,-0.01856,-0.03677,1.585,1.584,1.478,1.46,-1006,0.2106,-0.2082,0.03112,0.02366,0.002558,0.002543,0,0,4  -  Cliente - TelemetriaPulo:71
  23:13:24.102  TEL,14.73,4 VALE 2.8° / CRISTA 2.8°,201.3,4.761,-0.4767,0.07129,134.1,135.1,134.4,134.5,-0.01259,-0.01042,-0.02013,-0.0409,1.565,1.567,1.476,1.455,-1007,0.09478,-0.3596,0.04381,0.02986,-0.005965,0.002637,0,0,4  -  Cliente - TelemetriaPulo:71
  23:13:24.103  TEL,14.74,4 VALE 2.8° / CRISTA 2.8°,201,3.697,-0.3393,1.691,134,135.1,135.5,135.3,-0.063,-0.007036,-0.07852,-0.05223,1.517,1.57,1.418,1.444,-1006,0.01563,-0.3372,0.05033,0.03355,-0.0123,-0.001354,0,0,3  -  Cliente - TelemetriaPulo:71
  23:13:24.103  TEL,14.75,4 VALE 2.8° / CRISTA 2.8°,200.3,6.583,0.4721,-0.3531,133.9,135,136,135.5,-0.09862,-0.0699,-0.102,-0.08576,1.484,1.511,1.394,1.411,-1005,0.1257,-0.01976,0.0489,0.04018,0.01308,0.0163,0,0,4  -  Cliente - TelemetriaPulo:71
  23:13:24.103  TEL,14.75,4 VALE 2.8° / CRISTA 2.8°,200.5,7.681,0.7184,-0.5136,133.9,135,134.9,135,-0.1089,-0.1019,-0.07132,-0.07847,1.474,1.48,1.425,1.418,-1002,0.09252,-0.04244,0.04075,0.03764,0.01133,0.02149,0,0,4  -  Cliente - TelemetriaPulo:71
  23:13:24.103  TEL,14.76,4 VALE 2.8° / CRISTA 2.8°,200.6,7.959,0.7581,-0.459,133.9,134.9,135,134.8,-0.1156,-0.1263,-0.04905,-0.06293,1.468,1.457,1.447,1.433,-1002,0.03328,-0.08441,0.02706,0.02886,0.01884,0.02234,0,0,4  -  Cliente - TelemetriaPulo:71
  23:13:24.103  TEL,14.76,4 VALE 2.8° / CRISTA 2.8°,200.8,7.693,0.5867,0.4899,135.1,135.2,135.1,134.8,-0.1497,-0.1579,-0.02617,-0.02872,1.436,1.428,1.47,1.468,-1003,-0.01653,-0.1417,0.003929,0.01928,0.02377,0.02958,0,0,4  -  Cliente - TelemetriaPulo:71
  23:13:24.103  TEL,14.77,4 VALE 2.8° / CRISTA 2.8°,201.1,8.063,0.4178,0.1153,135.1,135.1,134.5,135.2,-0.1598,-0.1789,-0.02022,-0.01611,1.426,1.408,1.476,1.48,-1004,0.2221,-0.01229,0.0008875,0.02273,0.02454,0.02972,0,0,4  -  Cliente - TelemetriaPulo:71
  23:13:24.103  TEL,14.77,4 VALE 2.8° / CRISTA 2.8°,200.8,7.245,0.4947,0.0003301,135,134.9,134.6,135.7,-0.1859,-0.2057,-0.008578,-0.005052,1.402,1.383,1.488,1.491,-1006,0.1198,0.09348,2.468e-05,0.02411,0.02461,0.02655,0,0,4  -  Cliente - TelemetriaPulo:71
  23:13:24.103  TEL,14.78,4 VALE 2.8° / CRISTA 2.8°,200.9,7.351,0.3037,-0.03008,135.2,135,134.5,136.2,-0.1979,-0.2226,-0.006525,0.002361,1.39,1.368,1.49,1.499,-1004,0.1703,0.1615,-0.001989,0.02382,0.02478,0.0208,0,0,4  -  Cliente - TelemetriaPulo:71
  23:13:24.103  TEL,14.78,4 VALE 2.8° / CRISTA 2.8°,201.5,8.556,0.01026,0.02008,135.3,135,134.7,135,-0.2112,-0.2415,-0.01186,-0.01092,1.378,1.35,1.485,1.485,-1005,0.1286,0.1907,-0.005157,0.02294,0.02424,0.02342,0,0,4  -  Cliente - TelemetriaPulo:71
  23:13:24.103  TEL,14.79,4 VALE 2.8° / CRISTA 2.8°,201.6,9.57,-0.06907,0.07258,135.3,134.9,134.7,135,-0.2135,-0.2436,-0.01596,-0.01525,1.376,1.348,1.48,1.481,-1007,0.01134,0.2357,-0.007104,0.02323,0.02441,0.0241,0,0,4  -  Cliente - TelemetriaPulo:71
  23:13:24.103  TEL,14.79,4 VALE 2.8° / CRISTA 2.8°,201.8,10.65,-0.1399,-0.4251,135.3,134.9,134.8,134.8,-0.249,-0.239,-0.01439,-0.02196,1.342,1.352,1.482,1.474,-1008,0.3837,0.1858,0.0517,0.02413,0.02547,0.02324,0,0,3  -  Cliente - TelemetriaPulo:71
  23:13:24.103  TEL,14.8,4 VALE 2.8° / CRISTA 2.8°,201.8,13.51,-0.3318,-0.2235,135,134.9,135.1,135,-0.2756,-0.2132,-0.001373,-0.03776,1.318,1.376,1.495,1.459,-1009,0.1754,0.1333,0.1214,0.02552,0.0255,0.02803,0,0,3  -  Cliente - TelemetriaPulo:71
  23:13:24.103  TEL,14.81,4 VALE 2.8° / CRISTA 2.8°,202,14.46,-0.4349,-0.1561,134.9,134.8,134.8,135,-0.2574,-0.1872,0.0002539,-0.0386,1.335,1.401,1.497,1.458,-1009,0.1176,0.1197,0.1347,0.02718,0.02746,0.02835,0,0,3  -  Cliente - TelemetriaPulo:71
  23:13:24.103  TEL,14.81,4 VALE 2.8° / CRISTA 2.8°,202.1,15.07,-0.4975,-0.06416,134.9,134.8,134.8,135,-0.2237,-0.1545,0.0009452,-0.03809,1.367,1.431,1.497,1.458,-1010,0.05909,0.1097,0.1359,0.02775,0.02816,0.02868,0,0,3  -  Cliente - TelemetriaPulo:71
  23:13:24.103  TEL,14.82,4 VALE 2.8° / CRISTA 2.8°,202.3,14.82,-0.5095,0.1678,134.8,134.8,134.9,135,-0.1348,-0.08438,-0.001337,-0.03325,1.45,1.497,1.495,1.463,-1011,-0.01292,0.08874,0.1126,0.02747,0.02769,0.02801,0,0,3  -  Cliente - TelemetriaPulo:71
  23:13:24.103  TEL,14.82,4 VALE 2.8° / CRISTA 2.8°,202.3,13.88,-0.4284,0.2665,134.7,134.7,135,134.9,-0.09204,-0.05581,-0.004939,-0.02936,1.49,1.524,1.491,1.467,-1011,-0.01199,0.06376,0.09374,0.02742,0.02674,0.02725,0,0,3  -  Cliente - TelemetriaPulo:71
  23:13:24.103  TEL,14.83,4 VALE 2.8° / CRISTA 2.8°,202.2,12.46,-0.2886,0.3364,134.7,134.6,135.1,134.9,-0.05758,-0.03419,-0.009203,-0.02485,1.522,1.544,1.487,1.472,-1011,0.002271,-0.03495,0.07313,0.02748,0.02582,0.02611,0,0,3  -  Cliente - TelemetriaPulo:71
  23:13:24.104  TEL,14.83,4 VALE 2.8° / CRISTA 2.8°,202.1,10.72,-0.1123,0.3789,134.7,134.6,135.1,135,-0.0352,-0.02035,-0.01379,-0.02006,1.544,1.557,1.483,1.476,-1011,0.01782,-0.1682,0.05229,0.02942,0.02487,0.02504,0,0,3  -  Cliente - TelemetriaPulo:71
  23:13:24.104  TEL,14.84,4 VALE 2.8° / CRISTA 2.8°,202.2,8.52,-0.04617,0.1856,134.6,134.5,135.3,135.3,-0.0139,-0.02264,-0.03065,-0.02062,1.564,1.555,1.466,1.476,-1010,0.05465,-0.251,0.01147,0.03132,0.02514,0.02538,0,0,4  -  Cliente - TelemetriaPulo:71
  23:13:24.104  TEL,14.84,4 VALE 2.8° / CRISTA 2.8°,202.2,7.596,0.1505,-0.08255,135.4,134.5,135.3,135.3,-0.02204,-0.03799,-0.03372,-0.02474,1.556,1.541,1.463,1.472,-1011,0.1628,-0.2664,0.009358,0.03205,0.02532,0.02537,0,0,4  -  Cliente - TelemetriaPulo:71
  23:13:24.104  TEL,14.85,4 VALE 2.8° / CRISTA 2.8°,202.1,6.317,0.3998,-0.1797,135.7,134.4,135.2,135.4,-0.07438,-0.08205,-0.02741,-0.02781,1.506,1.499,1.469,1.469,-1011,0.1827,-0.315,0.01873,0.02671,0.02444,0.02463,0,0,4  -  Cliente - TelemetriaPulo:71
  23:13:24.104  TEL,14.86,4 VALE 2.8° / CRISTA 2.8°,202.1,5.981,0.453,-0.09495,135.5,134.4,135.3,135.4,-0.1053,-0.1019,-0.02498,-0.02634,1.477,1.48,1.471,1.47,-1010,0.1653,-0.3123,0.03679,0.02421,0.0247,0.02425,0,0,4  -  Cliente - TelemetriaPulo:71
  23:13:24.104  TEL,14.86,4 VALE 2.8° / CRISTA 2.8°,202.1,6.002,0.4491,-0.03675,135.5,134.3,135.3,135.4,-0.1263,-0.1158,-0.02302,-0.02485,1.458,1.467,1.473,1.472,-1010,0.1363,-0.2808,0.07223,0.05079,0.02471,0.02466,0,0,2  -  Cliente - TelemetriaPulo:71
  23:13:24.104  TEL,14.87,4 VALE 2.8° / CRISTA 2.8°,202.3,6.388,0.3771,0.06606,135.4,134.3,135.4,135.5,-0.1444,-0.1177,-0.02097,-0.02225,1.441,1.466,1.475,1.474,-1011,0.06001,-0.1897,0.1217,0.08598,0.02464,0.02476,0,0,2  -  Cliente - TelemetriaPulo:71
  23:13:24.104  TEL,14.87,4 VALE 2.8° / CRISTA 2.8°,202.4,6.472,0.3531,0.0643,135.3,134.2,135.5,135.6,-0.1409,-0.1082,-0.0214,-0.02114,1.444,1.475,1.475,1.475,-1012,0.01955,-0.1218,0.1356,0.09537,0.0261,0.02459,0,0,2  -  Cliente - TelemetriaPulo:71
  23:13:24.104  TEL,14.88,4 VALE 2.8° / CRISTA 2.8°,202.5,6.365,0.3575,-0.07391,135.3,134.2,135.5,135.6,-0.1296,-0.0967,-0.0199,-0.02243,1.454,1.485,1.476,1.474,-1012,-0.03165,-0.05909,0.1429,0.1003,0.02609,0.02446,0,0,2  -  Cliente - TelemetriaPulo:71
  23:13:24.104  TEL,14.88,4 VALE 2.8° / CRISTA 2.8°,202.3,5.262,0.5497,-0.1187,135.3,134.2,136,135.6,-0.1217,-0.09162,-0.01034,-0.02139,1.462,1.49,1.486,1.475,-1013,-0.1132,0.01423,0.1447,0.1015,0.02147,0.02505,0,0,2  -  Cliente - TelemetriaPulo:71
  23:13:24.104  TEL,14.89,4 VALE 2.8° / CRISTA 2.8°,202.5,3.934,0.5869,0.07,135.2,134.1,135.8,135.7,-0.105,-0.07446,-0.01684,-0.02056,1.478,1.506,1.48,1.476,-1011,-0.2246,0.1208,0.1328,0.09345,0.02445,0.02491,0,0,2  -  Cliente - TelemetriaPulo:71
  23:13:24.104  TEL,14.9,4 VALE 2.8° / CRISTA 2.8°,202.5,3.245,0.6604,0.0853,135.2,134.1,135.8,135.8,-0.09666,-0.06814,-0.01918,-0.0201,1.485,1.512,1.477,1.476,-1012,-0.25,0.165,0.1201,0.08527,0.02462,0.02477,0,0,2  -  Cliente - TelemetriaPulo:71
  23:13:24.104  TEL,14.9,4 VALE 2.8° / CRISTA 2.8°,202.5,2.476,0.7489,-0.1102,135.1,134,135.8,135.9,-0.0872,-0.06764,-0.01776,-0.0223,1.494,1.513,1.479,1.474,-1013,-0.2703,0.1888,0.1036,0.07472,0.02453,0.02481,0,0,2  -  Cliente - TelemetriaPulo:71
  23:13:24.104  TEL,14.91,4 VALE 2.8° / CRISTA 2.8°,202.6,0.8493,0.9358,0.09269,135.1,134,136,136,-0.08077,-0.07113,-0.02055,-0.02034,1.5,1.509,1.476,1.476,-1013,-0.2853,0.1921,0.06097,0.04564,0.02507,0.0251,0,0,3  -  Cliente - TelemetriaPulo:71
  23:13:24.104  TEL,14.91,4 VALE 2.8° / CRISTA 2.8°,202.6,0.05661,1.017,-0.03086,135.1,133.9,136,136.1,-0.07945,-0.07806,-0.01994,-0.02078,1.502,1.503,1.476,1.476,-1013,-0.2668,0.1876,0.03477,0.02677,0.02539,0.02709,0,0,4  -  Cliente - TelemetriaPulo:71
  23:13:24.104  TEL,14.92,4 VALE 2.8° / CRISTA 2.8°,202.8,-0.5865,1.047,0.01876,135,133.9,136.2,136.7,-0.07264,-0.08162,-0.0253,-0.01765,1.508,1.5,1.471,1.479,-1013,-0.2033,0.1437,-0.02689,-0.02139,0.02623,0.02224,0,0,4  -  Cliente - TelemetriaPulo:71
  23:13:24.104  TEL,14.92,4 VALE 2.8° / CRISTA 2.8°,202.7,-1.282,1.1,0.311,136.6,135.8,136.2,136.6,-0.1124,-0.09993,-0.03187,-0.01972,1.471,1.483,1.465,1.477,-1014,-0.2357,-0.1365,-0.0318,-0.02526,0.02803,0.02634,0,0,4  -  Cliente - TelemetriaPulo:71
  23:13:24.104  TEL,14.93,4 VALE 2.8° / CRISTA 2.8°,202.7,-1.001,1.127,-0.1016,136.5,135.8,136.6,136.5,-0.1334,-0.1386,-0.03091,-0.01755,1.451,1.446,1.465,1.479,-1014,0.1446,-0.09515,-0.03577,-0.027,0.0236,0.02907,0,0,4  -  Cliente - TelemetriaPulo:71
  23:13:24.104  TEL,14.93,4 VALE 2.8° / CRISTA 2.8°,202.8,0.6463,0.9609,-0.2148,137.1,136.3,136.5,136.8,-0.1773,-0.1884,-0.03302,-0.01797,1.41,1.399,1.463,1.478,-1013,0.2448,-0.2314,-0.03888,-0.02956,0.05013,0.0404,0,0,3  -  Cliente - TelemetriaPulo:71
  23:13:24.104  TEL,14.94,4 VALE 2.8° / CRISTA 2.8°,202.4,0.5988,1.058,-0.005069,137,136.5,136.9,137.2,-0.2032,-0.2041,-0.02025,-0.006523,1.386,1.385,1.476,1.49,-1014,0.1154,-0.3733,-0.03978,-0.03081,0.08535,0.07277,0,0,2  -  Cliente - TelemetriaPulo:71
  23:13:24.104  TEL,14.94,4 VALE 2.8° / CRISTA 2.8°,202.4,0.8775,0.878,-0.2978,137.3,136.5,137.3,137.6,-0.2126,-0.235,-0.009343,-0.0001541,1.377,1.356,1.487,1.496,-1012,0.1822,-0.1801,-0.04221,-0.03058,0.1169,0.1026,0,0,2  -  Cliente - TelemetriaPulo:71
  23:13:24.104  TEL,14.95,4 VALE 2.8° / CRISTA 2.8°,202.6,1.698,0.4804,-0.2343,137.4,136.7,138.1,138.4,-0.2243,-0.2518,-0.001948,0.006405,1.366,1.34,1.494,1.503,-1012,0.05769,0.005321,-0.04605,-0.03278,0.1707,0.1536,0,0,2  -  Cliente - TelemetriaPulo:71
  23:13:24.105  TEL,14.96,4 VALE 2.8° / CRISTA 2.8°,202.7,2.233,0.2995,0.1517,137.4,136.9,138.5,138.8,-0.2252,-0.2392,-0.00358,0.008135,1.365,1.352,1.493,1.504,-1013,-0.1154,-0.02266,-0.04803,-0.03472,0.1925,0.1745,0,0,2  -  Cliente - TelemetriaPulo:71
  23:13:24.105  TEL,14.96,4 VALE 2.8° / CRISTA 2.8°,202.8,2.708,0.1398,-0.1463,137.5,136.9,138.9,139.2,-0.2116,-0.2392,-0.003062,0.006117,1.378,1.352,1.493,1.502,-1013,-0.03736,0.208,-0.04978,-0.03684,0.2102,0.1926,0,0,2  -  Cliente - TelemetriaPulo:71
  23:13:24.105  TEL,14.97,4 VALE 2.8° / CRISTA 2.8°,203,3.322,-0.1112,-0.08528,137.5,137,139.7,140,-0.1825,-0.2059,-0.005323,0.00417,1.405,1.383,1.491,1.501,-1014,-0.04919,0.3245,-0.05125,-0.04056,0.2341,0.2183,0,0,2  -  Cliente - TelemetriaPulo:71
  23:13:24.105  TEL,14.97,4 VALE 2.8° / CRISTA 2.8°,203.1,3.365,-0.2025,0.1697,137.5,136.9,140.1,140.4,-0.167,-0.177,-0.006697,0.003771,1.42,1.41,1.49,1.5,-1015,-0.1189,0.2157,-0.05158,-0.04193,0.24,0.2258,0,0,2  -  Cliente - TelemetriaPulo:71
  23:13:24.105  TEL,14.98,4 VALE 2.8° / CRISTA 2.8°,203.2,3.147,-0.2709,-0.01333,137.5,137.1,140.4,140.7,-0.1454,-0.1583,-0.006622,0.002135,1.44,1.427,1.49,1.498,-1016,0.0181,0.304,-0.05133,-0.04626,0.2417,0.23,0,0,2  -  Cliente - TelemetriaPulo:71
  23:13:24.105  TEL,14.98,4 VALE 2.8° / CRISTA 2.8°,203.2,2.438,-0.3714,0.02276,136.8,136.5,141.2,141.5,-0.1407,-0.1428,-0.005436,-0.001464,1.444,1.442,1.491,1.495,-1016,-0.05586,0.1199,-0.01829,-0.01688,0.2334,0.2271,0,0,2  -  Cliente - TelemetriaPulo:71
  23:13:24.105  TEL,14.99,4 VALE 2.8° / CRISTA 2.8°,203.3,1.896,-0.4054,0.03981,136.6,136.4,141.6,141.9,-0.1363,-0.1371,-0.005229,-0.002175,1.448,1.447,1.491,1.494,-1016,-0.1342,0.1692,-0.006991,-0.006434,0.2235,0.22,0,0,2  -  Cliente - TelemetriaPulo:71
  23:13:24.105  TEL,15,4 VALE 2.8° / CRISTA 2.8°,203.4,1.339,-0.4383,0.04476,136.3,136.1,141.9,142.2,-0.1243,-0.1225,-0.00481,-0.002562,1.459,1.461,1.492,1.494,-1016,-0.1348,0.1627,-0.002739,-0.002815,0.2097,0.2089,0,0,2  -  Cliente - TelemetriaPulo:71
  23:13:24.105  TEL,15,4 VALE 2.8° / CRISTA 2.8°,203.5,-0.1768,-0.4744,0.06491,135.9,135.8,142.7,143,-0.1019,-0.09792,-0.004131,-0.003372,1.481,1.484,1.492,1.493,-1017,-0.1158,0.1465,-0.001422,-0.0009488,0.1707,0.1754,0,0,2  -  Cliente - TelemetriaPulo:71
  23:13:24.105  TEL,15.01,4 VALE 2.8° / CRISTA 2.8°,203.5,-1.093,-0.4779,0.05896,135.8,135.7,143.1,143.4,-0.09588,-0.08926,-0.003709,-0.003997,1.486,1.492,1.493,1.492,-1017,-0.0578,0.1007,-0.0003481,-0.001012,0.1455,0.1529,0,0,2  -  Cliente - TelemetriaPulo:71
  23:13:24.105  TEL,15.01,4 VALE 2.8° / CRISTA 2.8°,203.5,-2.066,-0.4732,0.01331,135.7,135.8,143.4,143.7,-0.0928,-0.08654,-0.002548,-0.005357,1.489,1.495,1.494,1.491,-1018,0.0009343,0.04606,0.0003051,-0.0003892,0.1165,0.1265,0,0,2  -  Cliente - TelemetriaPulo:71
  23:13:24.105  TEL,15.02,4 VALE 2.8° / CRISTA 2.8°,203.5,-3.925,-0.4725,-0.03574,135.6,135.7,144.2,144.5,-0.09575,-0.09192,0.0003746,-0.008814,1.486,1.49,1.497,1.488,-1018,0.07103,-0.08866,-0.0001419,-0.0001036,0.04789,0.06142,0,0,3  -  Cliente - TelemetriaPulo:71
  23:13:24.105  TEL,15.02,4 VALE 2.8° / CRISTA 2.8°,203.5,-4.714,-0.4871,-0.004637,135.8,135.7,144.6,144.9,-0.1032,-0.0988,0.0007177,-0.009689,1.479,1.483,1.497,1.487,-1018,0.06071,-0.1318,-0.0001892,-0.000174,0.008348,0.02259,0,0,4  -  Cliente - TelemetriaPulo:71
  23:13:24.105  TEL,15.03,4 VALE 2.8° / CRISTA 2.8°,203.5,-5.331,-0.5193,-0.03924,135.8,135.7,144.9,145.2,-0.1112,-0.1082,0.0009077,-0.01055,1.472,1.475,1.497,1.486,-1018,0.05949,-0.1388,-0.000514,-0.0001098,-0.03476,-0.02047,0,0,4  -  Cliente - TelemetriaPulo:71
  23:13:24.105  TEL,15.03,4 VALE 2.8° / CRISTA 2.8°,205.3,-3.458,-0.1216,0.4547,136.6,136,139.2,138.2,-0.1205,-0.1379,-0.05104,-0.09168,1.463,1.447,1.445,1.405,-1018,0.4782,-0.7582,0.001303,-0.0003754,-0.03591,-0.02172,0,0,4  -  Cliente - TelemetriaPulo:71
  23:13:24.105  TEL,15.04,4 VALE 2.8° / CRISTA 2.8°,204.8,-1.551,0.2067,0.6329,137.2,136.6,139.5,138.1,-0.1378,-0.1462,-0.05563,-0.0932,1.447,1.439,1.441,1.403,-1027,0.6831,-0.6818,0.0008326,0.001374,-0.03773,-0.008338,0,0,4  -  Cliente - TelemetriaPulo:71
  23:13:24.105  TEL,15.04,4 VALE 2.8° / CRISTA 2.8°,204.9,-0.2364,0.3495,0.5933,137,136.5,139.1,137.4,-0.1562,-0.1438,-0.07499,-0.07427,1.429,1.441,1.421,1.422,-1024,0.8513,-0.5931,-0.0003644,-0.004011,-0.01436,-0.004622,0,0,4  -  Cliente - TelemetriaPulo:71
  23:13:24.105  TEL,15.05,4 VALE 2.8° / CRISTA 2.8°,204.9,0.7877,0.4058,0.001034,137.3,137.1,137.9,137.3,-0.1686,-0.1593,-0.04482,-0.0404,1.418,1.427,1.452,1.456,-1025,0.6652,-0.4385,-0.002806,-0.005056,-0.003408,-0.0004174,0,0,4  -  Cliente - TelemetriaPulo:71
  23:13:24.105  TEL,15.06,4 VALE 2.8° / CRISTA 2.8°,204.4,0.7958,0.3232,-0.4245,137.2,140.8,137.7,137.2,-0.1567,-0.2326,-0.02413,-0.02924,1.429,1.357,1.472,1.467,-1024,0.5032,-0.6324,0.02894,0.08128,-0.001881,-0.0007517,0,0,3  -  Cliente - TelemetriaPulo:71
  23:13:24.105  TEL,15.06,4 VALE 2.8° / CRISTA 2.8°,204.9,1.211,-0.006954,0.4971,137.1,140.6,137.4,137,-0.1256,-0.2577,-0.02497,-0.001428,1.458,1.335,1.471,1.495,-1022,0.1781,-0.9142,0.07172,0.2221,0.0009748,0.001974,0,0,2  -  Cliente - TelemetriaPulo:71
  23:13:24.106  TEL,15.07,4 VALE 2.8° / CRISTA 2.8°,205,1.428,-0.09132,0.6704,137.1,140.5,137.4,136.9,-0.09883,-0.2479,-0.03802,0.009104,1.483,1.344,1.458,1.505,-1025,0.1022,-0.7122,0.08494,0.2724,0.00435,0.004923,0,0,2  -  Cliente - TelemetriaPulo:71
  23:13:24.106  TEL,15.07,4 VALE 2.8° / CRISTA 2.8°,205,1.51,-0.1218,0.7173,137.1,140.5,137.5,137.3,-0.06786,-0.2249,-0.0502,0.0202,1.513,1.365,1.446,1.517,-1025,0.05302,-0.4298,0.0952,0.3096,0.007415,0.005369,0,0,2  -  Cliente - TelemetriaPulo:71
  23:13:24.106  TEL,15.08,4 VALE 2.8° / CRISTA 2.8°,205.2,0.3952,-0.08442,0.6273,137,140.4,137.7,137.2,-0.01016,-0.1576,-0.07278,0.0339,1.567,1.428,1.424,1.53,-1025,0.04658,0.201,0.1142,0.3577,0.008701,0.01054,0,0,2  -  Cliente - TelemetriaPulo:71
  23:13:24.106  TEL,15.08,4 VALE 2.8° / CRISTA 2.8°,205.2,-0.5814,0.06754,0.4224,136.9,140.3,137.6,137.3,0.009718,-0.1277,-0.0811,0.03801,1.586,1.456,1.415,1.534,-1026,0.06489,0.4863,0.126,0.3718,0.011,0.01231,0,0,2  -  Cliente - TelemetriaPulo:71
  23:13:24.106  TEL,15.09,4 VALE 2.8° / CRISTA 2.8°,205.4,-2.637,0.2388,0.01928,136.8,140.3,137.5,138.1,0.02779,-0.08688,-0.08438,0.04051,1.603,1.495,1.412,1.537,-1026,0.04545,0.8521,0.1582,0.3868,0.0127,0.01298,0,0,2  -  Cliente - TelemetriaPulo:71
  23:13:24.106  TEL,15.09,4 VALE 2.8° / CRISTA 2.8°,205.4,-3.894,0.3748,-0.1585,136.8,140.2,137.5,138.5,0.02568,-0.07557,-0.08191,0.03853,1.601,1.505,1.414,1.535,-1027,0.0003774,0.9083,0.1789,0.3895,0.0122,0.01144,0,0,2  -  Cliente - TelemetriaPulo:71
  23:13:24.106  TEL,15.1,4 VALE 2.8° / CRISTA 2.8°,205.5,-5.179,0.4975,-0.3638,136.7,140.2,137.6,138.4,0.01544,-0.07297,-0.07672,0.03294,1.592,1.508,1.42,1.529,-1027,-0.06118,0.8736,0.2021,0.3897,0.01146,0.01038,0,0,2  -  Cliente - TelemetriaPulo:71
  23:13:24.106  TEL,15.11,4 VALE 2.8° / CRISTA 2.8°,205.6,-6.315,0.6118,-0.4633,136.7,140.2,138,138.1,-0.002609,-0.07658,-0.06329,0.026,1.574,1.504,1.433,1.522,-1028,-0.1411,0.765,0.2258,0.387,0.003409,0.009201,0,0,2  -  Cliente - TelemetriaPulo:71
  23:13:24.106  TEL,15.11,4 VALE 2.8° / CRISTA 2.8°,205.7,-7.49,0.6739,-0.5492,136.6,140.1,138.1,138,-0.02562,-0.08459,-0.06129,0.01546,1.553,1.497,1.435,1.512,-1028,-0.2384,0.5894,0.2505,0.3809,0.005795,0.008184,0,0,2  -  Cliente - TelemetriaPulo:71
  23:13:24.106  TEL,15.12,4 VALE 2.8° / CRISTA 2.8°,205.9,-8.511,0.8379,-0.6493,136.5,140.1,138.1,138.2,-0.07701,-0.104,-0.04536,-0.0001748,1.504,1.478,1.451,1.496,-1029,-0.4388,0.1316,0.2938,0.3563,0.004234,0.001915,0,0,2  -  Cliente - TelemetriaPulo:71
  23:13:24.106  TEL,15.12,4 VALE 2.8° / CRISTA 2.8°,205.9,-8.841,0.8642,-0.721,136.5,140,138.1,138.4,-0.09912,-0.1114,-0.0348,-0.01176,1.483,1.472,1.462,1.485,-1029,-0.5379,-0.1142,0.3093,0.3367,0.002243,0.001518,0,0,2  -  Cliente - TelemetriaPulo:71
  23:13:24.106  TEL,15.13,4 VALE 2.8° / CRISTA 2.8°,206,-8.923,0.8797,-0.7082,136.5,140,138.2,138.4,-0.1163,-0.114,-0.02446,-0.02177,1.467,1.469,1.472,1.475,-1030,-0.6274,-0.3548,0.3193,0.3117,0.0003266,0.000188,0,0,2  -  Cliente - TelemetriaPulo:71
  23:13:24.106  TEL,15.13,4 VALE 2.8° / CRISTA 2.8°,206.2,-9.066,0.8691,-0.3963,136.4,139.9,138.8,138.8,-0.1383,-0.09873,-0.007051,-0.03981,1.446,1.483,1.489,1.457,-1030,-0.7625,-0.729,0.3199,0.2467,0.05744,0.056,0,0,0  -  Cliente - TelemetriaPulo:71
  23:13:24.106   ▶ TEL,15.14,4 VALE 2.8° / CRISTA 2.8°,206.2,-9.395,0.8488,-0.3226,136.4,139.8,139.2,139.2,-0.142,-0.08365,0.004115,-0.03522,1.443,1.498,1.5,1.461,-1031,-0.7818,-0.815,0.3098,0.2082,0.08828,0.0842,0,0,0 (x2)  -  Cliente - TelemetriaPulo:71
  23:13:24.106  TEL,15.15,4 VALE 2.8° / CRISTA 2.8°,206.1,-10.59,0.9,-0.3626,136.3,139.8,139.5,139.6,-0.1444,-0.07288,0.01534,-0.02917,1.441,1.508,1.512,1.467,-1031,-0.782,-0.8279,0.2926,0.167,0.117,0.1074,0,0,0  -  Cliente - TelemetriaPulo:71
  23:13:24.106  TEL,15.15,4 VALE 2.8° / CRISTA 2.8°,206.2,-12.73,0.7862,-0.4999,136.2,139.7,140.3,140.3,-0.134,-0.05673,0.02552,-0.02715,1.45,1.523,1.522,1.469,-1030,-0.7423,-0.7457,0.2378,0.07821,0.1696,0.1388,0,0,0  -  Cliente - TelemetriaPulo:71
  23:13:24.106  TEL,15.16,4 VALE 2.8° / CRISTA 2.8°,206.3,-13.8,0.7632,-0.5336,136.2,139.7,140.6,140.7,-0.1241,-0.05248,0.02571,-0.0283,1.46,1.527,1.522,1.468,-1031,-0.7142,-0.6751,0.2011,0.03122,0.1932,0.1476,0,0,1  -  Cliente - TelemetriaPulo:71
  23:13:24.106  TEL,15.16,4 VALE 2.8° / CRISTA 2.8°,206.3,-14.89,0.7708,-0.03082,136.2,139.4,141,141,-0.1208,-0.07716,0.01641,-0.02111,1.463,1.504,1.513,1.475,-1031,-0.6847,-0.5725,0.1592,0.02699,0.2146,0.1511,0,0,1  -  Cliente - TelemetriaPulo:71
  23:13:24.106  TEL,15.17,4 VALE 2.8° / CRISTA 2.8°,206.3,-15.51,0.7372,0.1669,136.1,139.3,141.4,141.4,-0.1184,-0.1315,0.002248,-0.00951,1.465,1.452,1.499,1.487,-1032,-0.5971,-0.09778,0.1118,0.02812,0.2323,0.1507,0,0,1  -  Cliente - TelemetriaPulo:71
  23:13:24.107  TEL,15.17,4 VALE 2.8° / CRISTA 2.8°,206.6,-15.94,0.6254,0.4481,136,139.6,142.1,142.1,-0.09933,-0.2047,-0.02259,0.01521,1.483,1.384,1.474,1.512,-1031,-0.2779,0.1119,0.002115,0.02982,0.2523,0.1415,0,0,2  -  Cliente - TelemetriaPulo:71
  23:13:24.107  TEL,15.18,4 VALE 2.8° / CRISTA 2.8°,206.5,-16.04,0.5477,1.22,138.8,139.4,142.5,142.5,-0.1497,-0.2272,-0.04323,0.03665,1.436,1.363,1.453,1.533,-1033,-0.09152,0.1855,-0.007012,0.02792,0.2534,0.1345,0,0,2  -  Cliente - TelemetriaPulo:71
  23:13:24.107  TEL,15.18,4 VALE 2.8° / CRISTA 2.8°,206.7,-15.44,0.4066,0.3654,138.3,139.3,142.8,142.8,-0.1703,-0.2475,-0.04678,0.04259,1.416,1.344,1.45,1.539,-1032,0.5388,0.2147,-0.01261,0.02695,0.2463,0.1282,0,0,2  -  Cliente - TelemetriaPulo:71
  23:13:24.107  TEL,15.19,4 VALE 2.8° / CRISTA 2.8°,206.6,-13.95,0.06852,0.02681,139.6,139.2,143.5,143.6,-0.2206,-0.29,-0.03603,0.0343,1.369,1.305,1.46,1.531,-1033,0.509,0.3741,-0.01279,0.02724,0.2124,0.1126,0,0,2  -  Cliente - TelemetriaPulo:71
  23:13:24.107  TEL,15.19,4 VALE 2.8° / CRISTA 2.8°,206.7,-12.99,-0.123,0.109,139.7,139.2,143.9,143.9,-0.2581,-0.2973,-0.03003,0.02947,1.335,1.298,1.466,1.526,-1033,0.5302,0.461,0.01368,0.02745,0.1882,0.1017,0,0,2  -  Cliente - TelemetriaPulo:71
  23:13:24.107  TEL,15.2,4 VALE 2.8° / CRISTA 2.8°,207.1,-10.88,-0.5236,0.2006,138.3,139.1,144.6,144.7,-0.257,-0.2825,-0.01685,0.01775,1.336,1.312,1.48,1.514,-1033,0.2157,0.6241,0.01591,0.02653,0.1266,0.07171,0,0,2  -  Cliente - TelemetriaPulo:71
  23:13:24.107  TEL,15.21,4 VALE 2.8° / CRISTA 2.8°,207.3,-10.03,-0.7049,0.2321,138.4,139.1,145,145,-0.2487,-0.2617,-0.01226,0.0131,1.343,1.331,1.484,1.509,-1035,0.1872,0.6917,0.02278,0.02581,0.08993,0.05189,0,0,2  -  Cliente - TelemetriaPulo:71
  23:13:24.107  TEL,15.21,4 VALE 2.8° / CRISTA 2.8°,207.5,-9.388,-0.8642,0.2584,138.1,139,145.3,145.4,-0.2282,-0.2347,-0.007808,0.008057,1.362,1.356,1.489,1.504,-1036,0.1623,0.7001,0.02402,0.02541,0.04956,0.02856,0,0,4  -  Cliente - TelemetriaPulo:71
  23:13:24.107  TEL,15.22,4 VALE 2.8° / CRISTA 2.8°,209.9,-9.133,-1.076,1.206,137.8,138.8,139.7,140.8,-0.1887,-0.148,-0.05615,-0.01635,1.399,1.437,1.44,1.48,-1038,0.4325,0.2479,0.02763,0.02293,0.001308,-0.001662,0,0,4  -  Cliente - TelemetriaPulo:71
  23:13:24.107  TEL,15.22,4 VALE 2.8° / CRISTA 2.8°,209.5,-7.291,-0.762,-0.8081,137.8,139.2,140.1,141.5,-0.1374,-0.1226,-0.05931,-0.04424,1.447,1.461,1.437,1.452,-1049,0.6457,0.0656,0.02169,0.02117,-0.001393,-0.003295,0,0,4  -  Cliente - TelemetriaPulo:71
  23:13:24.107  TEL,15.23,4 VALE 2.8° / CRISTA 2.8°,209.2,-6.534,-0.4622,-0.8173,138.5,139.8,140.4,141.3,-0.09962,-0.1046,-0.04918,-0.07646,1.483,1.478,1.447,1.42,-1048,0.7321,-0.1786,0.01971,0.02221,-0.003784,0.01257,0,0,4  -  Cliente - TelemetriaPulo:71
  23:13:24.107  TEL,15.23,4 VALE 2.8° / CRISTA 2.8°,208.9,-6.866,0.04552,0.1014,138.9,139.6,139.9,140.4,-0.07024,-0.07917,-0.0458,-0.06069,1.51,1.502,1.451,1.436,-1046,0.7341,-0.2877,0.02233,0.02287,0.01622,0.02109,0,0,4  -  Cliente - TelemetriaPulo:71
  23:13:24.107  TEL,15.24,4 VALE 2.8° / CRISTA 2.8°,209.1,-6.945,-0.02394,0.1561,139.1,139.6,140.1,140.2,-0.05797,-0.06333,-0.04114,-0.04688,1.522,1.517,1.455,1.449,-1044,0.7447,-0.2996,0.02179,0.02259,0.02178,0.02304,0,0,4  -  Cliente - TelemetriaPulo:71
  23:13:24.107  TEL,15.24,4 VALE 2.8° / CRISTA 2.8°,209.1,-8.019,0.06296,0.2283,139.2,139.7,140,140,-0.05286,-0.05298,-0.03416,-0.03225,1.527,1.527,1.462,1.464,-1045,0.7149,-0.3097,0.02091,0.02236,0.02299,0.02365,0,0,4  -  Cliente - TelemetriaPulo:71
  23:13:24.107  TEL,15.25,4 VALE 2.8° / CRISTA 2.8°,209.2,-10.55,0.1696,-0.05569,139.4,139.6,139.9,140.1,-0.05426,-0.05653,-0.01981,-0.01999,1.526,1.523,1.477,1.476,-1046,0.6795,-0.2089,-0.04039,-0.03458,0.0243,0.02439,0,0,4  -  Cliente - TelemetriaPulo:71
  23:13:24.107  TEL,15.26,4 VALE 2.8° / CRISTA 2.8°,208.8,-11.69,0.2095,-0.7316,140.4,143,140,140.4,-0.08109,-0.1223,-0.00614,-0.02451,1.5,1.461,1.49,1.472,-1046,0.958,-0.2122,-0.04707,-0.03952,0.02254,0.02009,0,0,4  -  Cliente - TelemetriaPulo:71
  23:13:24.107  TEL,15.26,4 VALE 2.8° / CRISTA 2.8°,209,-11.63,0.1011,0.1545,140.3,142.7,139.9,140.1,-0.1431,-0.1567,-0.007028,-0.02947,1.442,1.43,1.489,1.467,-1044,0.7974,-0.2951,-0.04733,-0.0432,0.02627,0.02047,0,0,4  -  Cliente - TelemetriaPulo:71
  23:13:24.107  TEL,15.27,4 VALE 2.8° / CRISTA 2.8°,209.4,-8.743,-0.2219,0.2743,140.6,143.3,139.8,140.1,-0.2264,-0.2258,-0.02185,-0.02936,1.364,1.365,1.475,1.467,-1045,1.624,0.5482,-0.03968,-0.04555,0.02542,0.02392,0,0,4  -  Cliente - TelemetriaPulo:71
  23:13:24.107  TEL,15.27,4 VALE 2.8° / CRISTA 2.8°,208.9,-8.552,-0.02687,-0.05156,141.6,143.1,139.5,139.9,-0.2627,-0.2725,-0.01704,-0.02462,1.33,1.321,1.479,1.472,-1047,1.989,1.194,-0.03788,-0.04783,0.02532,0.02484,0,0,4  -  Cliente - TelemetriaPulo:71
  23:13:24.107  TEL,15.28,4 VALE 2.8° / CRISTA 2.8°,209.3,-6.95,-0.2075,0.1395,140.8,143.7,139.5,140.1,-0.2872,-0.2862,-0.01085,-0.02108,1.307,1.309,1.486,1.475,-1045,2.338,1.407,-0.03834,-0.0469,0.02549,0.02565,0,0,4  -  Cliente - TelemetriaPulo:71
  23:13:24.107  TEL,15.28,4 VALE 2.8° / CRISTA 2.8°,209.4,-5.489,-0.4055,0.09719,140.8,145.4,139.5,140.2,-0.3016,-0.3129,-0.009808,-0.01505,1.294,1.283,1.487,1.481,-1046,2.726,1.71,-0.037,-0.04136,0.02566,0.02519,0,0,4  -  Cliente - TelemetriaPulo:71
  23:13:24.108  TEL,15.29,4 VALE 2.8° / CRISTA 2.8°,209.8,-2.407,-0.8111,0.1226,140.3,144.6,139.3,140.6,-0.2939,-0.3048,-0.01028,-0.01004,1.301,1.29,1.486,1.486,-1047,3.466,2.387,-0.03627,-0.04226,0.02472,0.02433,0,0,4  -  Cliente - TelemetriaPulo:71
  23:13:24.108  TEL,15.29,4 VALE 2.8° / CRISTA 2.8°,210.1,-0.9533,-0.9841,0.1606,140.1,144.5,139.3,140.8,-0.2731,-0.2744,-0.0108,-0.01182,1.321,1.319,1.486,1.485,-1049,3.809,2.507,-0.03639,-0.04291,0.02466,0.02454,0,0,4  -  Cliente - TelemetriaPulo:71
  23:13:24.108  TEL,15.3,4 VALE 2.8° / CRISTA 2.8°,210.4,1,-1.197,-0.001047,139.9,144.5,139.2,141.1,-0.2088,-0.2545,-0.01237,-0.0182,1.38,1.337,1.484,1.478,-1051,4.421,2.987,-0.03446,-0.01257,0.02524,0.02522,0,0,4  -  Cliente - TelemetriaPulo:71
  23:13:24.108  TEL,15.31,4 VALE 2.8° / CRISTA 2.8°,210.5,1.692,-1.256,0.1365,139.8,144,139.2,141.3,-0.1707,-0.2034,-0.01276,-0.0204,1.416,1.385,1.484,1.476,-1052,4.703,3.091,-0.03419,-0.01456,0.02566,0.02381,0,0,4  -  Cliente - TelemetriaPulo:71
  23:13:24.108  TEL,15.31,4 VALE 2.8° / CRISTA 2.8°,210.6,1.74,-1.263,-0.005395,139.7,143.4,139.2,141.2,-0.1326,-0.1685,-0.01458,-0.02488,1.452,1.418,1.482,1.471,-1053,5,3.565,-0.03231,-0.01309,0.02588,0.02715,0,0,4  -  Cliente - TelemetriaPulo:71
  23:13:24.108  TEL,15.32,4 VALE 2.8° / CRISTA 2.8°,210.4,0.7316,-1.148,-0.01094,139.6,143.7,139.3,141.6,-0.06557,-0.1035,-0.01279,-0.02793,1.515,1.479,1.484,1.468,-1053,5.35,4.237,-0.02816,-0.01256,0.02685,0.02632,0,0,4  -  Cliente - TelemetriaPulo:71
  23:13:24.108  TEL,15.32,4 VALE 2.8° / CRISTA 2.8°,210.4,-0.3874,-1.009,0.03344,139.6,143.6,139.4,141.6,-0.04552,-0.07976,-0.01185,-0.02902,1.534,1.501,1.485,1.467,-1052,5.367,4.456,-0.02516,-0.01271,0.01596,0.01406,0,0,4  -  Cliente - TelemetriaPulo:71
  23:13:24.108  TEL,15.33,4 VALE 2.8° / CRISTA 2.8°,209.7,-3.567,-0.7508,1.797,139.5,143.4,141.3,143.4,-0.06389,-0.03115,-0.07285,-0.03722,1.516,1.547,1.424,1.459,-1052,4.97,4.638,-0.01943,-0.01562,-0.03739,-0.03906,0,0,4  -  Cliente - TelemetriaPulo:71
  23:13:24.108  TEL,15.33,4 VALE 2.8° / CRISTA 2.8°,210,-1.2,-0.4448,-0.5428,139.5,143.3,140.7,142.3,-0.0495,-0.02942,-0.08373,-0.06705,1.53,1.549,1.413,1.429,-1048,4.921,4.705,-0.01455,-0.01613,-0.03954,-0.03894,0,0,4  -  Cliente - TelemetriaPulo:71
  23:13:24.108  TEL,15.34,4 VALE 2.8° / CRISTA 2.8°,209.7,-0.1739,-0.008251,-0.6874,139.4,143.2,140.9,142.8,-0.0444,-0.0386,-0.1013,-0.07662,1.535,1.54,1.395,1.42,-1050,4.559,4.505,-0.01629,-0.01704,-0.01415,-0.04222,0,0,4  -  Cliente - TelemetriaPulo:71
  23:13:24.108  TEL,15.35,4 VALE 2.8° / CRISTA 2.8°,209.8,0.3396,0.5664,-0.1149,139.6,143,140.6,142.5,-0.05471,-0.06261,-0.06794,-0.07131,1.525,1.517,1.428,1.425,-1048,3.735,3.592,-0.01777,-0.01884,-0.003949,-0.01325,0,0,4  -  Cliente - TelemetriaPulo:71
  23:13:24.108  TEL,15.35,4 VALE 2.8° / CRISTA 2.8°,209.9,-0.3176,0.652,-0.1039,139.7,142.8,140,142.6,-0.07121,-0.07821,-0.04221,-0.05723,1.509,1.503,1.454,1.439,-1049,3.294,3.029,-0.01839,-0.01975,-0.003439,-0.00379,0,0,4  -  Cliente - TelemetriaPulo:71
  23:13:24.108  TEL,15.36,4 VALE 2.8° / CRISTA 2.8°,209.9,-1.261,0.6454,-0.07565,140,142.5,140.3,142.4,-0.09286,-0.1014,-0.02433,-0.03871,1.489,1.481,1.472,1.458,-1050,2.807,2.525,-0.01812,-0.02002,-0.0005848,-0.0009663,0,0,4  -  Cliente - TelemetriaPulo:71
  23:13:24.108  TEL,15.36,4 VALE 2.8° / CRISTA 2.8°,210.3,-2.441,0.4147,-0.09927,141.2,141.8,140.2,142.2,-0.1333,-0.1456,-0.003995,-0.02187,1.451,1.439,1.492,1.474,-1050,1.944,1.556,-0.01861,-0.02247,0.001017,0.0009708,0,0,4  -  Cliente - TelemetriaPulo:71
  23:13:24.108  TEL,15.37,4 VALE 2.8° / CRISTA 2.8°,210.5,-2.335,0.2639,0.097,141.6,141.2,140.2,142.2,-0.1513,-0.1525,-0.004203,-0.01948,1.434,1.433,1.492,1.477,-1052,1.564,1.131,-0.01877,-0.02502,0.001077,0.001008,0,0,4  -  Cliente - TelemetriaPulo:71
  23:13:24.108  TEL,15.37,4 VALE 2.8° / CRISTA 2.8°,210.4,-2.963,0.3508,-0.02104,141.9,141.2,140.1,142,-0.1713,-0.1743,-0.003346,-0.01644,1.415,1.412,1.493,1.48,-1052,1.261,0.948,-0.01808,-0.02862,0.001002,0.00104,0,0,4  -  Cliente - TelemetriaPulo:71
  23:13:24.108  TEL,15.38,4 VALE 2.8° / CRISTA 2.8°,210.5,-2.688,0.2545,0.2127,141.7,141.6,140.2,142,-0.2076,-0.1789,-0.00473,-0.01497,1.382,1.409,1.492,1.481,-1052,0.8439,0.5991,-0.007007,-0.03077,-0.0003232,0.0006152,0,0,4  -  Cliente - TelemetriaPulo:71
  23:13:24.108  TEL,15.38,4 VALE 2.8° / CRISTA 2.8°,210.7,-1.309,0.07091,0.09644,141.5,141.9,140.5,142.2,-0.2358,-0.1935,-0.01371,-0.01014,1.355,1.395,1.483,1.486,-1052,0.6231,0.3951,-0.001609,-0.0339,-0.0005028,-0.004539,0,0,4  -  Cliente - TelemetriaPulo:71
  23:13:24.108  TEL,15.39,4 VALE 2.8° / CRISTA 2.8°,210.9,-0.6407,-0.02501,-0.007422,141.3,141.9,140.7,141.7,-0.2384,-0.2027,-0.01998,-0.01452,1.353,1.386,1.476,1.482,-1054,0.5591,0.4949,-5.472e-05,-0.03569,-0.0006269,-0.00216,0,0,4  -  Cliente - TelemetriaPulo:71
  23:13:24.108  TEL,15.4,4 VALE 2.8° / CRISTA 2.8°,211.2,1.155,-0.1404,-0.08336,141.2,142.2,141.1,141.4,-0.2219,-0.1913,-0.02024,-0.02084,1.368,1.396,1.476,1.476,-1054,0.4303,0.4102,-0.0006838,-0.03872,-0.000959,-0.0007601,0,0,4  -  Cliente - TelemetriaPulo:71
  23:13:24.109  TEL,15.4,4 VALE 2.8° / CRISTA 2.8°,211.3,1.901,-0.186,-0.06984,141.2,142.3,140.9,141.4,-0.2094,-0.1718,-0.01663,-0.02268,1.38,1.415,1.48,1.474,-1056,0.3234,0.1867,-0.0005831,-0.03964,-0.00127,-0.001575,0,0,4  -  Cliente - TelemetriaPulo:71
  23:13:24.109  TEL,15.41,4 VALE 2.8° / CRISTA 2.8°,211.4,2.257,-0.2221,0.006075,141.2,142.4,141.1,141.5,-0.1946,-0.1612,-0.01888,-0.02141,1.394,1.425,1.477,1.475,-1057,0.2663,0.2262,-0.0001264,-0.04107,-0.0007062,-0.0007443,0,0,4  -  Cliente - TelemetriaPulo:71
  23:13:24.109  TEL,15.41,4 VALE 2.8° / CRISTA 2.8°,211.5,2.533,-0.2463,0.124,141.2,142.5,141.1,141.5,-0.1794,-0.1354,-0.01893,-0.02063,1.408,1.449,1.477,1.476,-1057,0.2146,0.03891,-0.000235,-0.04213,-0.0004715,-0.0003494,0,0,4  -  Cliente - TelemetriaPulo:71
  23:13:24.109  TEL,15.42,4 VALE 2.8° / CRISTA 2.8°,211.6,2.436,-0.2537,-0.09919,141.3,142.2,141.2,141.4,-0.1456,-0.1326,-0.01929,-0.01811,1.439,1.452,1.477,1.478,-1058,0.1865,0.06475,-0.0008738,-0.01567,-0.0007288,-0.001827,0,0,4  -  Cliente - TelemetriaPulo:71
  23:13:24.109  TEL,15.42,4 VALE 2.8° / CRISTA 2.8°,211.7,2.195,-0.2458,-0.1407,141.3,142.2,141.2,141.6,-0.1299,-0.1256,-0.01678,-0.02208,1.454,1.458,1.48,1.474,-1058,0.1217,0.01986,-0.0007168,-0.005798,-0.001136,-0.001464,0,0,4  -  Cliente - TelemetriaPulo:71
  23:13:24.109  TEL,15.43,4 VALE 2.8° / CRISTA 2.8°,211.7,1.892,-0.2152,0.006421,141.4,141.8,141.5,141.6,-0.1154,-0.117,-0.01946,-0.02239,1.468,1.466,1.477,1.474,-1058,0.1368,0.1032,-0.0009396,-0.002816,-0.0006955,-0.0007794,0,0,4  -  Cliente - TelemetriaPulo:71
  23:13:24.109  TEL,15.43,4 VALE 2.8° / CRISTA 2.8°,211.8,1.088,-0.1138,0.09757,141.5,141.8,141.5,141.6,-0.1007,-0.09752,-0.02368,-0.01965,1.482,1.485,1.473,1.477,-1059,0.1213,0.152,-0.0009799,-0.001232,-0.000232,-0.0009799,0,0,4  -  Cliente - TelemetriaPulo:71
  23:13:24.109  TEL,15.44,4 VALE 2.8° / CRISTA 2.8°,211.8,0.5693,-0.0496,-0.08167,141.6,141.7,141.5,141.7,-0.09575,-0.09598,-0.02402,-0.01833,1.486,1.486,1.472,1.478,-1059,0.1294,0.1704,-0.002408,-0.002469,0.001498,-0.003262,0,0,4  -  Cliente - TelemetriaPulo:71
  23:13:24.109  TEL,15.44,4 VALE 2.8° / CRISTA 2.8°,211.8,0.005529,0.004651,-0.1206,141.7,141.8,141.9,141.8,-0.09634,-0.09846,-0.01863,-0.02168,1.486,1.484,1.478,1.475,-1059,0.08674,0.1321,-0.0008742,-0.001004,-0.001797,-0.001919,0,0,4  -  Cliente - TelemetriaPulo:71
  23:13:24.109  TEL,15.45,4 VALE 2.8° / CRISTA 2.8°,212,-0.8523,0.07966,0.1831,141.8,141.7,141.7,141.9,-0.1081,-0.104,-0.02442,-0.0193,1.475,1.479,1.472,1.477,-1059,0.09712,0.08972,-0.001145,-0.0008323,-0.001221,-0.001183,0,0,4  -  Cliente - TelemetriaPulo:71
  23:13:24.109  TEL,15.46,4 VALE 2.8° / CRISTA 2.8°,212,-1.093,0.1047,-0.05629,141.8,141.8,141.8,141.9,-0.1142,-0.1125,-0.02419,-0.02121,1.469,1.47,1.472,1.475,-1060,0.1222,0.07864,-0.0006993,-0.0004475,-0.000562,-0.0004475,0,0,4  -  Cliente - TelemetriaPulo:71
  23:13:24.109  TEL,15.46,4 VALE 2.8° / CRISTA 2.8°,212.1,-1.157,0.118,-0.1315,141.8,141.9,141.8,141.9,-0.1206,-0.1216,-0.02143,-0.02399,1.463,1.462,1.475,1.472,-1060,0.08923,0.02822,-0.0009086,-0.000695,-0.0008171,9.084e-05,0,0,4  -  Cliente - TelemetriaPulo:71
  23:13:24.109  TEL,15.47,4 VALE 2.8° / CRISTA 2.8°,212.2,-1.105,0.115,-0.005374,141.9,141.9,142,141.9,-0.1267,-0.1295,-0.02175,-0.02361,1.457,1.455,1.475,1.473,-1060,0.09791,-0.000793,-0.001156,-0.0007058,-0.0006372,0.0001258,0,0,4  -  Cliente - TelemetriaPulo:71
  23:13:24.109  TEL,15.47,4 VALE 2.8° / CRISTA 2.8°,212.2,-1.448,0.1409,0.1698,142.1,142,142.1,142.1,-0.1462,-0.1431,-0.02339,-0.01872,1.439,1.442,1.473,1.478,-1061,0.01717,0.007301,-0.001267,-0.0005041,-0.0019,-0.002335,0,0,4  -  Cliente - TelemetriaPulo:71
  23:13:24.109  TEL,15.48,4 VALE 2.8° / CRISTA 2.8°,212.3,-1.261,0.1329,-0.08028,142.1,142,142.1,142.1,-0.1532,-0.1531,-0.02263,-0.02132,1.432,1.432,1.474,1.475,-1061,0.0177,0.01795,-0.00104,-0.0002844,-0.000994,-0.0009634,0,0,4  -  Cliente - TelemetriaPulo:71
  23:13:24.109  TEL,15.48,4 VALE 2.8° / CRISTA 2.8°,212.5,-0.6537,0.09827,0.02236,142.2,142.1,142.2,142.1,-0.1642,-0.1654,-0.02021,-0.02133,1.422,1.421,1.476,1.475,-1061,-0.0336,-0.02744,-0.00147,-0.000936,-0.0005394,-0.0004021,0,0,4  -  Cliente - TelemetriaPulo:71
  23:13:24.109  TEL,15.49,4 VALE 2.8° / CRISTA 2.8°,212.6,-0.3661,0.06924,0.1134,142.3,142.1,142.2,142.1,-0.1693,-0.169,-0.02056,-0.01806,1.417,1.417,1.476,1.478,-1062,-0.04504,-0.0007915,-0.001428,-0.0009627,-0.0007489,-0.0007186,0,0,4  -  Cliente - TelemetriaPulo:71
  23:13:24.110  TEL,15.5,4 VALE 2.8° / CRISTA 2.8°,212.7,-0.07582,0.02737,-0.05488,142.2,142.2,142.2,142.2,-0.1712,-0.1686,-0.01871,-0.01843,1.415,1.418,1.478,1.478,-1063,-0.01836,-0.03155,0.0008014,-0.00119,-0.000671,-0.0005871,0,0,4  -  Cliente - TelemetriaPulo:71
  23:13:24.110  TEL,15.5,4 VALE 2.8° / CRISTA 2.8°,212.8,0.1924,-0.009916,-0.08867,142.2,142.3,142.2,142.2,-0.1621,-0.17,-0.01755,-0.01901,1.424,1.417,1.479,1.477,-1063,-0.04585,-0.01622,-0.006173,-0.001473,-0.0003133,-0.0007939,0,0,4  -  Cliente - TelemetriaPulo:71
  23:13:24.110  TEL,15.51,4 VALE 2.8° / CRISTA 2.8°,212.9,0.551,-0.06563,0.1052,142.4,142.4,142.3,142.3,-0.1636,-0.1594,-0.02099,-0.01485,1.423,1.426,1.475,1.482,-1064,0.0007994,0.007822,-0.001456,-0.001074,-0.001006,-0.001082,0,0,4  -  Cliente - TelemetriaPulo:71
  23:13:24.110  TEL,15.51,4 VALE 2.8° / CRISTA 2.8°,212.9,0.7053,-0.0878,-0.1179,142.4,142.4,142.5,142.4,-0.1567,-0.1572,-0.01909,-0.01814,1.429,1.428,1.477,1.478,-1064,0.004024,0.03039,-0.001652,-0.0007819,-0.0007819,-0.0007668,0,0,4  -  Cliente - TelemetriaPulo:71
  23:13:24.110  TEL,15.52,5 QUINAS 0.0016 / 0.0043 / 0.01,213,0.8181,-0.09904,0.1466,142.4,142.4,142.5,142.4,-0.1534,-0.1483,-0.02256,-0.03261,1.432,1.437,1.474,1.464,-1065,-0.02127,0.01195,-0.00145,-0.001114,-0.001595,0.01346,0,0,4  -  Cliente - TelemetriaPulo:71
  23:13:24.110  TEL,15.52,5 QUINAS 0.0016 / 0.0043 / 0.01,213,1.547,0.002179,0.05659,142.4,142.4,142.5,143.1,-0.1438,-0.1333,-0.01487,-0.02927,1.441,1.451,1.482,1.467,-1065,0.004094,0.03093,0.0001287,-0.001496,0.0004034,0.02367,0,0,4  -  Cliente - TelemetriaPulo:71
  23:13:24.110  TEL,15.53,5 QUINAS 0.0016 / 0.0043 / 0.01,213.1,1.285,-0.01413,-0.04049,142.4,142.5,142.5,143.4,-0.1354,-0.1299,-0.009888,-0.0228,1.449,1.454,1.486,1.474,-1065,0.006483,0.04102,-0.001627,-0.0007267,0.0003796,0.02125,0,0,4  -  Cliente - TelemetriaPulo:71
  23:13:24.110  TEL,15.53,5 QUINAS 0.0016 / 0.0043 / 0.01,213.2,0.232,-0.09131,-0.2066,142.5,142.5,142.5,144.2,-0.1229,-0.1264,-0.004874,-0.01258,1.461,1.457,1.491,1.484,-1065,-0.001764,-0.02351,-0.000971,-0.0008413,-0.0006887,0.004164,0,0,4  -  Cliente - TelemetriaPulo:71
  23:13:24.110  TEL,15.54,5 QUINAS 0.0016 / 0.0043 / 0.01,213.3,-0.3488,-0.1283,-0.1053,142.6,142.4,142.5,144.5,-0.1215,-0.1249,-0.01008,-0.006493,1.462,1.459,1.486,1.49,-1066,-0.05509,-0.06969,-0.0004497,-0.0004345,-0.0003506,-0.01013,0,0,4  -  Cliente - TelemetriaPulo:71
  23:13:24.110  TEL,15.55,5 QUINAS 0.0016 / 0.0043 / 0.01,213.5,-0.8514,-0.1501,0.04081,142.6,142.6,142.7,143.3,-0.1206,-0.1247,-0.02107,-0.01512,1.463,1.459,1.475,1.481,-1066,-0.01733,-0.06616,-0.0005785,-0.0004565,-0.0006777,-0.01016,0,0,4  -  Cliente - TelemetriaPulo:71
  23:13:24.110  TEL,15.55,5 QUINAS 0.0016 / 0.0043 / 0.01,213.5,-0.4749,0.001519,0.1423,142.6,142.8,142.8,142.9,-0.1273,-0.1237,-0.03233,-0.02602,1.457,1.46,1.464,1.47,-1068,0.06818,-0.04207,-0.0005277,-0.000398,-0.0008405,-0.002252,0,0,4  -  Cliente - TelemetriaPulo:71
  23:13:24.110  TEL,15.56,5 QUINAS 0.0016 / 0.0043 / 0.01,213.5,-0.335,0.05586,-0.06513,142.7,142.9,142.8,142.9,-0.1302,-0.1237,-0.03001,-0.02793,1.454,1.46,1.466,1.468,-1068,0.06448,-0.03481,-0.0006328,-0.00344,-0.0005946,-0.0009761,0,0,4  -  Cliente - TelemetriaPulo:71
  23:13:24.110  TEL,15.56,5 QUINAS 0.0016 / 0.0043 / 0.01,213.6,-0.3092,0.09455,-0.2158,142.8,143,142.9,142.9,-0.1296,-0.1323,-0.02442,-0.028,1.454,1.452,1.472,1.468,-1068,0.08294,-0.01239,-0.001132,-0.001903,-0.0009111,-0.001026,0,0,4  -  Cliente - TelemetriaPulo:71
  23:13:24.110  TEL,15.57,5 QUINAS 0.0016 / 0.0043 / 0.01,213.6,-0.3833,0.1051,0.1074,143,143,142.9,142.9,-0.1416,-0.1415,-0.02204,-0.02067,1.443,1.443,1.474,1.476,-1068,0.03733,0.03574,5.841e-06,0.0001889,-0.0007113,-0.0007342,0,0,4  -  Cliente - TelemetriaPulo:71
  23:13:24.110  TEL,15.57,5 QUINAS 0.0016 / 0.0043 / 0.01,213.7,-0.3892,0.08699,-0.05688,142.9,143,143,143,-0.1441,-0.1446,-0.01919,-0.01963,1.441,1.44,1.477,1.477,-1068,0.03926,0.0413,-0.0006307,-0.0001272,-0.0006994,-0.0009969,0,0,4  -  Cliente - TelemetriaPulo:71
  23:13:24.111  TEL,15.58,5 QUINAS 0.0016 / 0.0043 / 0.01,213.8,-0.4125,0.0679,0.07908,143,143,143,143,-0.1487,-0.1487,-0.01969,-0.01749,1.437,1.436,1.477,1.479,-1069,0.01253,0.07676,-0.001016,-0.0003452,-0.0007876,-0.0007876,0,0,4  -  Cliente - TelemetriaPulo:71
  23:13:24.111  TEL,15.58,5 QUINAS 0.0016 / 0.0043 / 0.01,214,-0.2841,0.02766,0.06514,143.1,143.1,143.1,143.1,-0.1527,-0.1533,-0.01914,-0.01745,1.433,1.432,1.477,1.479,-1069,0.0166,0.06592,-0.00118,-0.0003183,-0.0007989,-0.0006311,0,0,4  -  Cliente - TelemetriaPulo:71
  23:13:24.111  TEL,15.59,5 QUINAS 0.0016 / 0.0043 / 0.01,214.1,-0.1453,0.007994,-0.08368,143.1,143.1,143.1,143.2,-0.152,-0.1532,-0.0174,-0.01921,1.433,1.432,1.479,1.477,-1070,0.03982,0.02838,-0.001218,-0.0005927,-0.0008597,-0.0006232,0,0,4  -  Cliente - TelemetriaPulo:71
  23:13:24.111  TEL,15.6,5 QUINAS 0.0016 / 0.0043 / 0.01,214.1,-0.05102,-0.007205,0.07379,143.2,143.2,143.2,143.2,-0.1535,-0.1536,-0.01927,-0.01846,1.432,1.432,1.477,1.478,-1070,0.01985,0.0444,-0.001203,-0.000883,-0.0008525,-0.0005854,0,0,4  -  Cliente - TelemetriaPulo:71
  23:13:24.111  TEL,15.6,5 QUINAS 0.0016 / 0.0043 / 0.01,214.2,0.2898,-0.0145,0.04647,143.2,143.2,143.3,143.6,-0.1505,-0.1514,-0.01809,-0.0196,1.435,1.434,1.478,1.477,-1071,0.006694,0.03155,-0.001167,-0.00119,-0.000694,2.384e-07,0,0,4  -  Cliente - TelemetriaPulo:71
  23:13:24.111  TEL,15.61,5 QUINAS 0.0016 / 0.0043 / 0.01,214.4,0.2965,-0.03726,0.1063,143.3,143.3,143.4,143.3,-0.1491,-0.1461,-0.01994,-0.01793,1.436,1.439,1.476,1.478,-1071,0.04097,0.008058,-0.001016,-0.001413,-0.0009097,-0.0002761,0,0,4  -  Cliente - TelemetriaPulo:71
  23:13:24.111  TEL,15.61,5 QUINAS 0.0016 / 0.0043 / 0.01,214.4,0.3316,-0.04258,-0.06799,143.3,143.4,143.4,143.4,-0.1463,-0.146,-0.0189,-0.02199,1.439,1.439,1.477,1.474,-1072,0.02028,0.02692,-0.001217,-0.001141,-0.000828,0.002003,0,0,4  -  Cliente - TelemetriaPulo:71
  23:13:24.111  TEL,15.62,5 QUINAS 0.0016 / 0.0043 / 0.01,214.5,0.3394,-0.04562,-0.1361,143.4,143.4,143.4,143.5,-0.1401,-0.1414,-0.01832,-0.0202,1.445,1.443,1.478,1.476,-1072,0.01223,0.01439,-0.0009538,-0.001259,-0.0009004,-0.0008317,0,0,4  -  Cliente - TelemetriaPulo:71
  23:13:24.111  TEL,15.62,5 QUINAS 0.0016 / 0.0043 / 0.01,214.6,0.3202,-0.04305,0.04324,143.5,143.4,143.5,143.5,-0.1376,-0.1377,-0.02005,-0.0201,1.447,1.447,1.476,1.476,-1073,0.03369,-0.01211,-0.001132,-0.001063,-0.0006812,-0.0005133,0,0,4  -  Cliente - TelemetriaPulo:71
  23:13:24.111  TEL,15.63,5 QUINAS 0.0016 / 0.0043 / 0.01,214.7,0.2789,-0.0319,0.1203,143.6,143.5,143.5,143.5,-0.1372,-0.1359,-0.02166,-0.01816,1.447,1.448,1.475,1.478,-1073,0.0252,0.01436,0.000317,0.0007212,-0.0008579,-0.0008503,0,0,4  -  Cliente - TelemetriaPulo:71
  23:13:24.111  TEL,15.63,5 QUINAS 0.0016 / 0.0043 / 0.01,214.8,-0.007259,-0.004489,-0.2242,143.8,143.8,143.6,143.6,-0.1268,-0.1393,-0.01754,-0.02233,1.457,1.445,1.479,1.474,-1073,0.05977,0.002657,-0.003331,0.001613,-0.00105,-0.001035,0,0,4  -  Cliente - TelemetriaPulo:71
  23:13:24.111  ===== fim =====  -  Cliente - TelemetriaPulo:72
  23:13:27.006  ##### PULO #5  trecho=7 MUITOS TRIÂNGULOS (4 studs, ±0.3°, erro 0.001)  vel=247  impulso no frame t=17.822 (ΔVy=3.0, assoalho=0, asa=0, rodas no chão antes=3)  -  Cliente - TelemetriaPulo:215
  23:13:27.006  ===== PULO #5 =====  -  Cliente - TelemetriaPulo:69
  23:13:27.006  TEL,t,trecho,vel,vyChassi,arfagem,rolagem,wFD,wFE,wTD,wTE,posFD,posFE,posTD,posTE,molaFD,molaFE,molaTD,molaTE,downforce,dirFD,dirFE,chaoFD,chaoFE,chaoTD,chaoTE,assoalho,asa,rodasNoChao  -  Cliente - TelemetriaPulo:70
  23:13:27.006  TEL,17.54,6 POUCOS TRIÂNGULOS (40 studs, ±1°),243.8,-4.786,0.04029,0.02173,164.9,167.4,162.7,163.4,-0.1581,-0.1645,-0.02103,-0.02331,1.428,1.422,1.475,1.473,-1220,2.035,1.284,-0.02076,-0.009527,0.02395,0.02454,0,0,4  -  Cliente - TelemetriaPulo:71
  23:13:27.006  TEL,17.54,6 POUCOS TRIÂNGULOS (40 studs, ±1°),243.8,-4.385,0.01619,0.009283,163.3,165.7,162.7,163.6,-0.1774,-0.1905,-0.02107,-0.02318,1.41,1.397,1.475,1.473,-1219,2.27,1.676,-0.02081,-0.01114,0.02446,0.02476,0,0,4  -  Cliente - TelemetriaPulo:71
  23:13:27.006  TEL,17.55,6 POUCOS TRIÂNGULOS (40 studs, ±1°),244,-2.843,-0.114,-0.07099,162.8,166.2,162.4,164.1,-0.1966,-0.2275,-0.0116,-0.02788,1.392,1.363,1.485,1.468,-1219,2.843,2.17,-0.01886,-0.0006591,0.02616,0.02633,0,0,4  -  Cliente - TelemetriaPulo:71
  23:13:27.006  TEL,17.56,6 POUCOS TRIÂNGULOS (40 studs, ±1°),244.1,-2.08,-0.1993,0.017,162.6,165.7,162.3,164.2,-0.2005,-0.2337,-0.008982,-0.02711,1.388,1.357,1.487,1.469,-1220,3.098,2.674,-0.01853,-0.002721,0.02651,0.02623,0,0,4  -  Cliente - TelemetriaPulo:71
  23:13:27.006  TEL,17.56,6 POUCOS TRIÂNGULOS (40 studs, ±1°),244.2,-1.337,-0.2907,0.03006,162.6,168,162.3,164.2,-0.1965,-0.2299,-0.006892,-0.02683,1.392,1.361,1.489,1.47,-1220,3.411,2.777,-0.01899,-0.002527,0.02643,0.02646,0,0,4  -  Cliente - TelemetriaPulo:71
  23:13:27.006  TEL,17.57,6 POUCOS TRIÂNGULOS (40 studs, ±1°),244.3,-0.1863,-0.4429,0.00473,162.4,167.1,162.3,164.3,-0.1767,-0.2163,-0.004921,-0.02837,1.41,1.374,1.491,1.468,-1221,3.998,3.688,-0.0195,-0.001366,0.02656,0.02672,0,0,4  -  Cliente - TelemetriaPulo:71
  23:13:27.006  TEL,17.57,6 POUCOS TRIÂNGULOS (40 studs, ±1°),244.4,0.2265,-0.4945,0.04625,162.3,166.8,162.3,164.4,-0.1615,-0.2058,-0.004478,-0.03054,1.425,1.383,1.492,1.466,-1222,4.275,4.184,-0.02084,-0.002326,0.02695,0.02693,0,0,4  -  Cliente - TelemetriaPulo:71
  23:13:27.006  TEL,17.58,6 POUCOS TRIÂNGULOS (40 studs, ±1°),244.5,0.5074,-0.5224,0.03594,162.3,166.8,162.3,164.5,-0.1445,-0.1907,-0.004181,-0.03207,1.441,1.397,1.492,1.464,-1222,4.569,4.569,-0.02124,-0.001404,0.02701,0.027,0,0,4  -  Cliente - TelemetriaPulo:71
  23:13:27.006  TEL,17.58,6 POUCOS TRIÂNGULOS (40 studs, ±1°),244.5,0.6017,-0.5329,0.07292,162.3,166.7,162.3,164.6,-0.1273,-0.176,-0.004561,-0.03345,1.457,1.411,1.492,1.463,-1222,4.872,4.99,-0.02193,-0.002186,0.02714,0.02717,0,0,4  -  Cliente - TelemetriaPulo:71
  23:13:27.006  TEL,17.59,6 POUCOS TRIÂNGULOS (40 studs, ±1°),244.7,0.2931,-0.4985,0.111,162.2,166.6,162.4,164.7,-0.09551,-0.1462,-0.005431,-0.03481,1.487,1.439,1.491,1.462,-1223,5.501,5.682,-0.02398,-0.002689,0.02719,0.02725,0,0,4  -  Cliente - TelemetriaPulo:71
  23:13:27.006  TEL,17.6,6 POUCOS TRIÂNGULOS (40 studs, ±1°),244.7,-0.1083,-0.4585,0.1092,162.2,166.5,162.5,164.8,-0.08983,-0.1341,-0.005843,-0.03493,1.492,1.45,1.491,1.461,-1223,5.817,5.98,-0.01909,-0.002699,0.01991,0.02719,0,0,4  -  Cliente - TelemetriaPulo:71
  23:13:27.006  TEL,17.6,6 POUCOS TRIÂNGULOS (40 studs, ±1°),244.7,-0.5801,-0.4126,0.1113,162.1,166.4,162.7,164.9,-0.08575,-0.1253,-0.001822,-0.03559,1.496,1.458,1.495,1.461,-1224,6.083,6.223,-0.0155,-0.003473,-0.003084,0.008734,0,0,4  -  Cliente - TelemetriaPulo:71
  23:13:27.006  TEL,17.61,6 POUCOS TRIÂNGULOS (40 studs, ±1°),244.6,-1.317,-0.2391,0.2324,162,166.2,162.7,165.7,-0.09489,-0.1133,-0.04579,-0.05104,1.487,1.47,1.451,1.445,-1224,6.317,6.414,-0.00783,-0.004099,-0.000544,-0.00529,0,0,4  -  Cliente - TelemetriaPulo:71
  23:13:27.006  TEL,17.61,6 POUCOS TRIÂNGULOS (40 studs, ±1°),244.5,-0.5873,0.01792,0.2181,162,166,162.7,165.2,-0.1041,-0.1134,-0.04809,-0.05537,1.479,1.47,1.448,1.441,-1223,6.237,6.256,-0.005396,-0.003054,-1.776e-05,-0.00178,0,0,4  -  Cliente - TelemetriaPulo:71
  23:13:27.006  TEL,17.62,6 POUCOS TRIÂNGULOS (40 studs, ±1°),244.6,-0.1453,0.2362,-0.06489,162,165.5,162.8,165.1,-0.1184,-0.1253,-0.03619,-0.03818,1.465,1.458,1.46,1.458,-1223,5.75,5.643,-0.004073,-0.002799,-0.0004182,-0.0008378,0,0,4  -  Cliente - TelemetriaPulo:71
  23:13:27.006  TEL,17.62,6 POUCOS TRIÂNGULOS (40 studs, ±1°),244.6,-0.1801,0.2273,0.03288,162,165.2,162.7,165.2,-0.1265,-0.1277,-0.02683,-0.03132,1.458,1.456,1.47,1.465,-1223,5.214,5.102,-0.005255,-0.004347,-0.0001733,-0.0002878,0,0,4  -  Cliente - TelemetriaPulo:71
  23:13:27.007  TEL,17.63,6 POUCOS TRIÂNGULOS (40 studs, ±1°),244.8,-0.3269,0.1867,-0.1683,162.3,164.9,162.7,165.3,-0.1272,-0.1365,-0.02059,-0.02641,1.457,1.448,1.476,1.47,-1223,4.751,4.573,-0.006574,-0.005681,0.0003235,5.651e-05,0,0,4  -  Cliente - TelemetriaPulo:71
  23:13:27.007  TEL,17.63,6 POUCOS TRIÂNGULOS (40 studs, ±1°),245,-0.4147,0.0766,-0.1816,162.9,164.3,162.8,165.4,-0.1304,-0.1485,-0.01416,-0.02475,1.454,1.436,1.482,1.472,-1224,3.665,3.468,-0.009256,-0.006708,0.000967,0.000906,0,0,4  -  Cliente - TelemetriaPulo:71
  23:13:27.007  TEL,17.64,6 POUCOS TRIÂNGULOS (40 studs, ±1°),245,-0.2609,0.02227,0.02286,163.2,163.9,162.7,165.5,-0.1352,-0.1441,-0.01239,-0.02659,1.449,1.441,1.484,1.47,-1225,3.078,2.847,-0.00879,-0.008408,0.001007,0.00103,0,0,4  -  Cliente - TelemetriaPulo:71
  23:13:27.007  TEL,17.64,6 POUCOS TRIÂNGULOS (40 studs, ±1°),244.9,-0.8564,0.1394,-0.1062,163.6,164,162.8,165.4,-0.138,-0.1544,-0.009905,-0.02471,1.447,1.431,1.486,1.472,-1225,2.689,2.427,-0.009736,-0.00995,0.0005342,0.001289,0,0,4  -  Cliente - TelemetriaPulo:71
  23:13:27.007  TEL,17.65,6 POUCOS TRIÂNGULOS (40 studs, ±1°),245,-0.8474,0.07627,-0.0005169,164.3,164.1,162.9,165.5,-0.1485,-0.1579,-0.009137,-0.02453,1.437,1.428,1.487,1.472,-1224,1.956,1.548,-0.009863,-0.01149,-0.0005478,0.001169,0,0,4  -  Cliente - TelemetriaPulo:71
  23:13:27.007  TEL,17.66,6 POUCOS TRIÂNGULOS (40 studs, ±1°),245,-0.7912,0.05037,0.01474,164,164.1,162.9,165.4,-0.1631,-0.165,-0.01136,-0.0261,1.423,1.421,1.485,1.47,-1225,1.505,1.299,-0.003528,-0.01194,0.0002413,0.001164,0,0,4  -  Cliente - TelemetriaPulo:71
  23:13:27.007  TEL,17.66,6 POUCOS TRIÂNGULOS (40 studs, ±1°),245.1,-0.4726,0.02935,0.06196,164.1,164.4,163,165.3,-0.1691,-0.1577,-0.01139,-0.02584,1.417,1.428,1.485,1.471,-1225,1.315,1.002,-0.00152,-0.01371,-0.001817,0.001051,0,0,4  -  Cliente - TelemetriaPulo:71
  23:13:27.007  TEL,17.67,6 POUCOS TRIÂNGULOS (40 studs, ±1°),245.1,0.07093,-0.018,0.09561,163.8,164.9,163.3,164.8,-0.1724,-0.1723,-0.01904,-0.02245,1.414,1.414,1.477,1.474,-1225,1.087,1.029,-0.0008816,-0.002453,-0.000729,0.0005832,0,0,4  -  Cliente - TelemetriaPulo:71
  23:13:27.007  TEL,17.67,6 POUCOS TRIÂNGULOS (40 studs, ±1°),245.2,0.4119,-0.04282,0.2147,163.6,164.8,163.4,164.8,-0.1732,-0.1679,-0.02145,-0.01888,1.414,1.419,1.475,1.477,-1226,0.9692,1.029,-0.001105,-0.00125,-0.001067,-7.546e-05,0,0,4  -  Cliente - TelemetriaPulo:71
  23:13:27.007  TEL,17.68,6 POUCOS TRIÂNGULOS (40 studs, ±1°),245.5,0.8557,-0.09244,-0.03761,163.7,164.6,163.4,164.6,-0.1634,-0.1594,-0.0219,-0.01892,1.423,1.426,1.474,1.477,-1226,0.8253,0.9876,-0.00087,-0.0005802,-0.0005649,-9.191e-05,0,0,4  -  Cliente - TelemetriaPulo:71
  23:13:27.007  TEL,17.68,6 POUCOS TRIÂNGULOS (40 studs, ±1°),245.6,1,-0.1038,-0.1594,163.8,164.5,163.4,164.6,-0.1534,-0.1549,-0.0196,-0.02099,1.432,1.431,1.477,1.475,-1227,0.7809,0.9008,-0.001037,-0.000205,-0.0005027,-0.0002584,0,0,4  -  Cliente - TelemetriaPulo:71
  23:13:27.007  TEL,17.69,6 POUCOS TRIÂNGULOS (40 studs, ±1°),245.6,1.03,-0.1115,-0.02077,163.9,164.4,163.8,164.7,-0.1458,-0.149,-0.01962,-0.02186,1.439,1.436,1.477,1.475,-1228,0.7157,0.8161,-0.001034,-3.445e-05,-0.0004312,-0.0001031,0,0,4  -  Cliente - TelemetriaPulo:71
  23:13:27.007  TEL,17.69,6 POUCOS TRIÂNGULOS (40 studs, ±1°),245.6,1.038,-0.1046,0.06844,163.9,164.3,163.8,164.8,-0.1371,-0.1396,-0.019,-0.02092,1.447,1.445,1.477,1.475,-1228,0.653,0.7095,-0.006174,-0.003275,-0.001665,-0.0003607,0,0,4  -  Cliente - TelemetriaPulo:71
  23:13:27.007  TEL,17.7,6 POUCOS TRIÂNGULOS (40 studs, ±1°),245.6,0.7032,-0.07676,-0.8052,163.2,165.3,163.9,164.6,-0.1924,-0.1627,-0.009861,-0.02945,1.395,1.423,1.487,1.467,-1228,0.9787,0.3521,0.07705,0.01268,-0.002558,-0.002474,0,0,3  -  Cliente - TelemetriaPulo:71
  23:13:27.007  TEL,17.71,6 POUCOS TRIÂNGULOS (40 studs, ±1°),245.5,1.383,-0.1606,-0.3246,162.9,164.6,163.8,164.8,-0.2657,-0.1764,-0.00476,-0.0471,1.328,1.411,1.492,1.449,-1228,0.2411,0.1841,0.1484,0.02569,0.002585,0.003226,0,0,3  -  Cliente - TelemetriaPulo:71
  23:13:27.007  TEL,17.71,6 POUCOS TRIÂNGULOS (40 studs, ±1°),245.6,2.827,-0.2241,-0.3255,162.8,164.5,163.7,164.8,-0.3012,-0.1773,-0.0013,-0.04711,1.295,1.409,1.495,1.449,-1227,0.08442,0.1631,0.2048,0.0329,0.00411,0.003859,0,0,3  -  Cliente - TelemetriaPulo:71
  23:13:27.007  TEL,17.72,6 POUCOS TRIÂNGULOS (40 studs, ±1°),246,4.95,-0.4066,-0.5884,162.6,164.4,163.9,164.7,-0.2948,-0.1267,0.01894,-0.06024,1.3,1.457,1.515,1.436,-1228,-0.1917,-0.1507,0.2697,0.02288,0.008856,0.008017,0,0,3  -  Cliente - TelemetriaPulo:71
  23:13:27.007  TEL,17.72,6 POUCOS TRIÂNGULOS (40 studs, ±1°),246.1,5.38,-0.4574,-0.4372,162.6,164.4,164.2,164.7,-0.2647,-0.09147,0.02843,-0.06492,1.328,1.491,1.525,1.431,-1230,-0.3326,-0.2865,0.2795,0.02262,0.01012,0.009525,0,0,3  -  Cliente - TelemetriaPulo:71
  23:13:27.008  TEL,17.73,6 POUCOS TRIÂNGULOS (40 studs, ±1°),246,5.266,-0.4815,-0.3926,162.5,164.4,164.4,164.6,-0.2243,-0.07556,0.03517,-0.0691,1.366,1.505,1.532,1.427,-1230,-0.429,-0.1192,0.2756,0.02336,0.01032,0.01168,0,0,3  -  Cliente - TelemetriaPulo:71
  23:13:27.008  TEL,17.73,6 POUCOS TRIÂNGULOS (40 studs, ±1°),246.2,3.819,-0.447,-0.09026,162.4,164.5,164.4,164.8,-0.1327,-0.03197,0.0361,-0.07223,1.452,1.546,1.532,1.424,-1230,-0.4476,-0.3321,0.24,0.02554,0.01169,0.009325,0,0,3  -  Cliente - TelemetriaPulo:71
  23:13:27.008  TEL,17.74,6 POUCOS TRIÂNGULOS (40 studs, ±1°),246.1,2.642,-0.2972,0.09149,162.3,164.5,164.7,164.6,-0.09392,-0.01669,0.03514,-0.07319,1.488,1.561,1.532,1.423,-1231,-0.3813,-0.4655,0.2149,0.02674,0.01063,0.009981,0,0,3  -  Cliente - TelemetriaPulo:71
  23:13:27.008  TEL,17.74,6 POUCOS TRIÂNGULOS (40 studs, ±1°),246.1,1.043,-0.1231,0.3371,162.3,164.4,164.5,164.5,-0.06815,-0.009082,0.03057,-0.06925,1.512,1.568,1.527,1.427,-1231,-0.2679,-0.5236,0.1904,0.03146,0.009829,0.009944,0,0,3  -  Cliente - TelemetriaPulo:71
  23:13:27.008  TEL,17.75,6 POUCOS TRIÂNGULOS (40 studs, ±1°),246.2,-1.096,-0.04968,0.6428,162.2,164.3,164.6,164.5,-0.04297,-0.01611,0.01045,-0.05601,1.536,1.562,1.507,1.44,-1230,0.0824,-0.3316,0.1394,0.04451,0.006575,0.006415,0,0,3  -  Cliente - TelemetriaPulo:71
  23:13:27.008  TEL,17.76,7 MUITOS TRIÂNGULOS (4 studs, ±0.3°, erro 0.001),246.2,-2.183,0.1035,0.736,162.2,164.3,164.7,164.5,-0.03949,-0.02547,-0.002083,-0.04851,1.539,1.553,1.494,1.448,-1231,0.2869,-0.1605,0.113,0.05148,0.003492,0.004156,0,0,2  -  Cliente - TelemetriaPulo:71
  23:13:27.008  TEL,17.76,7 MUITOS TRIÂNGULOS (4 studs, ±0.3°, erro 0.001),245.8,-3.185,0.2374,1.055,162.2,164.2,165.9,165.7,-0.04787,-0.03722,-0.02208,-0.0418,1.531,1.542,1.474,1.455,-1231,0.4367,0.08626,0.08554,0.0573,0.001084,0.004533,0,0,2  -  Cliente - TelemetriaPulo:71
  23:13:27.008  TEL,17.77,7 MUITOS TRIÂNGULOS (4 studs, ±0.3°, erro 0.001),245.9,-3.772,0.5865,0.2517,162.1,164.1,165.1,164.9,-0.05889,-0.08525,-0.05197,-0.03704,1.521,1.496,1.444,1.459,-1229,0.8554,0.5688,0.02566,0.06386,0.01778,0.01648,0,0,3  -  Cliente - TelemetriaPulo:71
  23:13:27.008  TEL,17.77,7 MUITOS TRIÂNGULOS (4 studs, ±0.3°, erro 0.001),245.8,-3.993,0.697,0.301,162,164,165.4,165.2,-0.06587,-0.1118,-0.04942,-0.0322,1.514,1.471,1.447,1.464,-1230,0.9129,0.6768,-0.007757,0.06001,0.01896,0.02342,0,0,3  -  Cliente - TelemetriaPulo:71
  23:13:27.008  TEL,17.78,7 MUITOS TRIÂNGULOS (4 studs, ±0.3°, erro 0.001),245.8,-4.249,0.7598,-0.272,164.5,164,165.4,165.4,-0.102,-0.1432,-0.03827,-0.02563,1.48,1.442,1.458,1.471,-1229,1.376,0.7421,0.0008111,0.04526,0.02391,0.02551,0,0,4  -  Cliente - TelemetriaPulo:71
  23:13:27.008  TEL,17.78,7 MUITOS TRIÂNGULOS (4 studs, ±0.3°, erro 0.001),246.1,-3.728,0.4791,-0.2855,164.9,164.4,164.6,165,-0.1722,-0.2063,-0.0156,-0.02449,1.415,1.382,1.481,1.472,-1229,0.9491,0.6897,0.003078,0.0181,0.02346,0.02456,0,0,4  -  Cliente - TelemetriaPulo:71
  23:13:27.008  TEL,17.79,7 MUITOS TRIÂNGULOS (4 studs, ±0.3°, erro 0.001),246.2,-2.42,0.2698,0.1441,165.6,164.3,164.6,165.2,-0.1961,-0.2096,-0.01553,-0.02731,1.392,1.38,1.481,1.469,-1231,0.8525,0.19,0.001797,0.01793,0.02502,0.02678,0,0,4  -  Cliente - TelemetriaPulo:71
  23:13:27.008  TEL,17.79,7 MUITOS TRIÂNGULOS (4 studs, ±0.3°, erro 0.001),245.7,-2.759,0.4531,0.1317,166.6,164.3,164.4,164.9,-0.2303,-0.2465,-0.01777,-0.01899,1.36,1.345,1.479,1.477,-1231,0.7717,0.2979,0.002193,0.01711,0.02456,0.02649,0,0,4  -  Cliente - TelemetriaPulo:71
  23:13:27.008  TEL,17.8,7 MUITOS TRIÂNGULOS (4 studs, ±0.3°, erro 0.001),246.1,-0.4759,0.1386,-0.2132,165.8,164.5,164.4,165.1,-0.2633,-0.2743,-0.01752,-0.01481,1.33,1.319,1.479,1.482,-1229,0.511,0.2064,-9.727e-05,0.008112,0.02574,0.02398,0,0,4  -  Cliente - TelemetriaPulo:71
  23:13:27.008  TEL,17.81,7 MUITOS TRIÂNGULOS (4 studs, ±0.3°, erro 0.001),246.1,0.9298,0.001013,0.05383,165.9,165,164.6,165,-0.2859,-0.2667,-0.01327,-0.01656,1.309,1.327,1.483,1.48,-1230,0.2012,-0.04599,0.01447,0.006952,0.02301,0.02478,0,0,4  -  Cliente - TelemetriaPulo:71
  23:13:27.008  TEL,17.81,7 MUITOS TRIÂNGULOS (4 studs, ±0.3°, erro 0.001),246.3,2.166,-0.1464,-0.2211,165.8,164.9,164.5,165.1,-0.2737,-0.2733,-0.01112,-0.0158,1.32,1.32,1.485,1.481,-1231,0.1713,0.1404,0.01291,0.00385,0.0238,0.02547,0,0,4  -  Cliente - TelemetriaPulo:71
  23:13:27.008  TEL,17.82,7 MUITOS TRIÂNGULOS (4 studs, ±0.3°, erro 0.001),246.3,3.919,-0.4345,-1.414,165.3,165.2,164.3,164.8,-0.2114,-0.4131,-0.003147,-0.04529,1.378,1.188,1.493,1.451,-1231,0.03438,-0.01371,0.006903,0.1381,0.03052,0.03747,0,0,3  -  Cliente - TelemetriaPulo:71
  23:13:27.008  TEL,17.82,7 MUITOS TRIÂNGULOS (4 studs, ±0.3°, erro 0.001),246.5,6.903,-0.5413,0.7502,165,164.7,164.6,165.1,-0.1825,-0.4392,-0.001205,-0.04188,1.405,1.169,1.495,1.454,-1232,-0.3314,-1.263,0.002811,0.2319,0.03374,0.04096,0,0,3  -  Cliente - TelemetriaPulo:71
  23:13:27.008  TEL,17.83,7 MUITOS TRIÂNGULOS (4 studs, ±0.3°, erro 0.001),246.5,8.672,-0.7166,2.2,165.6,164.7,164.9,165.4,-0.1601,-0.4292,-0.02755,-0.00155,1.426,1.178,1.469,1.495,-1233,-0.228,-1.388,-0.002891,0.3015,0.03343,0.04071,0,0,3  -  Cliente - TelemetriaPulo:71
  23:13:27.008  TEL,17.83,7 MUITOS TRIÂNGULOS (4 studs, ±0.3°, erro 0.001),246.8,10.11,-1.087,1.02,164.9,164.5,162.7,165.8,-0.1157,-0.3444,-0.06972,0.04458,1.468,1.255,1.427,1.541,-1232,-0.04387,-0.6315,0.02553,0.3801,0.02946,0.04244,0,0,3  -  Cliente - TelemetriaPulo:71
  23:13:27.008  TEL,17.84,7 MUITOS TRIÂNGULOS (4 studs, ±0.3°, erro 0.001),246.5,10.62,-1.12,0.6209,164.3,164.4,164.6,166.1,-0.06411,-0.2847,-0.08281,0.05059,1.516,1.31,1.414,1.547,-1234,0.07444,-0.1814,0.02694,0.3933,0.0285,0.04128,0,0,3  -  Cliente - TelemetriaPulo:71
  23:13:27.008  TEL,17.84,7 MUITOS TRIÂNGULOS (4 studs, ±0.3°, erro 0.001),246.5,10.42,-1.088,0.1332,164.2,164.3,164.7,166.4,-0.00655,-0.2218,-0.099,0.04987,1.571,1.368,1.397,1.546,-1233,0.2848,0.2148,0.02859,0.3927,0.0367,0.03829,0,0,3  -  Cliente - TelemetriaPulo:71
  23:13:27.009  TEL,17.85,7 MUITOS TRIÂNGULOS (4 studs, ±0.3°, erro 0.001),246.4,7.807,-0.6396,-0.1075,164.1,164.2,164.4,165.9,0.06945,-0.1105,-0.09931,0.04824,1.643,1.472,1.397,1.545,-1233,0.6107,0.6443,0.04894,0.371,0.03977,0.03739,0,0,3  -  Cliente - TelemetriaPulo:71
  23:13:27.009  TEL,17.86,7 MUITOS TRIÂNGULOS (4 studs, ±0.3°, erro 0.001),246.2,5.467,-0.3666,-0.2115,164,164.2,164.3,166,0.07584,-0.07625,-0.08744,0.04896,1.649,1.505,1.409,1.545,-1232,0.6121,0.744,0.07025,0.3572,0.03231,0.03344,0,0,2  -  Cliente - TelemetriaPulo:71
  23:13:27.009  TEL,17.86,7 MUITOS TRIÂNGULOS (4 studs, ±0.3°, erro 0.001),246.6,4.59,-0.512,-0.4719,163.9,164.1,164.7,165.3,0.08029,-0.04373,-0.09311,0.03343,1.653,1.535,1.403,1.53,-1231,0.591,0.7113,0.09929,0.3442,0.03512,0.03118,0,0,2  -  Cliente - TelemetriaPulo:71
  23:13:27.009  TEL,17.87,7 MUITOS TRIÂNGULOS (4 studs, ±0.3°, erro 0.001),246.4,2.303,0.06499,-0.8899,163.8,164.1,164.7,165.1,0.04413,-0.02727,-0.08758,0.006995,1.619,1.551,1.409,1.503,-1233,0.2815,0.3896,0.1737,0.3192,0.05398,0.0313,0,0,1  -  Cliente - TelemetriaPulo:71
  23:13:27.009  TEL,17.87,7 MUITOS TRIÂNGULOS (4 studs, ±0.3°, erro 0.001),246.3,1.008,0.2455,-0.8619,163.7,164,165,165.1,0.006568,-0.03488,-0.06581,0.001179,1.583,1.544,1.431,1.498,-1232,0.03713,0.1464,0.2169,0.3076,0.05139,0.03127,0,0,1  -  Cliente - TelemetriaPulo:71
  23:13:27.009  TEL,17.88,7 MUITOS TRIÂNGULOS (4 studs, ±0.3°, erro 0.001),246.3,-0.2881,0.3354,-0.7375,163.7,164,165.3,165.4,-0.04027,-0.04733,-0.04276,0.0006863,1.539,1.532,1.454,1.497,-1232,-0.2218,-0.09667,0.2601,0.2959,0.04358,0.02625,0,0,2  -  Cliente - TelemetriaPulo:71
  23:13:27.009  TEL,17.88,7 MUITOS TRIÂNGULOS (4 studs, ±0.3°, erro 0.001),246.4,-2.397,0.2814,-0.903,163.6,163.9,165.8,165.3,-0.1286,-0.08102,-0.0008256,-0.02538,1.456,1.5,1.496,1.471,-1231,-0.6547,-0.5314,0.3324,0.2649,0.01848,0.02103,0,0,2  -  Cliente - TelemetriaPulo:71
  23:13:27.009  TEL,17.89,7 MUITOS TRIÂNGULOS (4 studs, ±0.3°, erro 0.001),246.7,-2.573,0.2209,-0.3895,163.5,163.9,165.3,165.4,-0.1688,-0.08584,-0.006113,-0.04567,1.418,1.496,1.49,1.451,-1232,-0.8075,-0.7266,0.3578,0.244,0.0209,0.02827,0,0,2  -  Cliente - TelemetriaPulo:71
  23:13:27.009  TEL,17.89,7 MUITOS TRIÂNGULOS (4 studs, ±0.3°, erro 0.001),246.7,-1.769,0.2785,-0.4203,163.5,163.8,165.4,165.2,-0.1948,-0.08564,-0.009523,-0.05507,1.393,1.496,1.487,1.441,-1233,-0.8552,-0.8307,0.373,0.22,0.02729,0.02958,0,0,2  -  Cliente - TelemetriaPulo:71
  23:13:27.009  TEL,17.9,7 MUITOS TRIÂNGULOS (4 studs, ±0.3°, erro 0.001),246.9,-0.7642,0.2695,-0.4923,163.4,163.7,165.2,165.6,-0.2056,-0.07048,0.00288,-0.06669,1.383,1.51,1.499,1.43,-1234,-0.859,-0.938,0.3701,0.162,0.03171,0.02985,0,0,2  -  Cliente - TelemetriaPulo:71
  23:13:27.009  TEL,17.91,7 MUITOS TRIÂNGULOS (4 studs, ±0.3°, erro 0.001),246.7,-1.382,0.4767,-0.05235,163.3,163.7,165.2,165.2,-0.2078,-0.06014,0.01101,-0.09442,1.381,1.52,1.507,1.402,-1234,-0.832,-0.9149,0.3563,0.1317,0.02804,0.05922,0,0,1  -  Cliente - TelemetriaPulo:71
  23:13:27.009  TEL,17.91,7 MUITOS TRIÂNGULOS (4 studs, ±0.3°, erro 0.001),246.5,-0.7643,0.6807,0.1173,163.2,163.6,165.4,165.7,-0.1914,-0.03214,0.03182,-0.08813,1.397,1.546,1.528,1.408,-1233,-0.5869,-0.6493,0.2962,0.06761,0.03134,0.08325,0,0,1  -  Cliente - TelemetriaPulo:71
  23:13:27.009  TEL,17.92,7 MUITOS TRIÂNGULOS (4 studs, ±0.3°, erro 0.001),246.5,-1.551,0.6789,-0.02476,163.1,163.5,165.6,165.9,-0.1713,-0.0246,0.044,-0.07759,1.415,1.553,1.54,1.419,-1233,-0.436,-0.459,0.2524,0.03502,0.03171,0.08341,0,0,2  -  Cliente - TelemetriaPulo:71
  23:13:27.009  TEL,17.92,7 MUITOS TRIÂNGULOS (4 studs, ±0.3°, erro 0.001),246.5,-2.818,0.6545,-0.06333,163.1,163.5,165.9,166.2,-0.1479,-0.02234,0.05018,-0.06722,1.437,1.556,1.547,1.429,-1232,-0.3066,-0.2777,0.2021,0.002869,0.0356,0.08072,0,0,2  -  Cliente - TelemetriaPulo:71
  23:13:27.009  TEL,17.93,7 MUITOS TRIÂNGULOS (4 studs, ±0.3°, erro 0.001),246.5,-4.325,0.6427,0.344,163,165.8,166.2,166.5,-0.1304,-0.04126,0.04408,-0.05149,1.454,1.538,1.54,1.445,-1233,-0.1967,-0.4565,0.145,0.0007687,0.03889,0.07184,0,0,2  -  Cliente - TelemetriaPulo:71
  23:13:27.009  TEL,17.93,7 MUITOS TRIÂNGULOS (4 studs, ±0.3°, erro 0.001),246.4,-6.432,0.5624,0.5956,162.9,166.4,166.7,167,-0.09871,-0.1095,0.01408,-0.01879,1.484,1.473,1.51,1.478,-1233,0.08134,-0.2428,0.01565,-0.00501,0.03914,0.04065,0,0,4  -  Cliente - TelemetriaPulo:71
  23:13:27.009  TEL,17.94,7 MUITOS TRIÂNGULOS (4 studs, ±0.3°, erro 0.001),246.1,-7.181,0.5208,1.499,165.8,166.7,167,167.3,-0.1652,-0.165,-0.01605,0.008664,1.422,1.421,1.48,1.505,-1232,0.3988,-0.1556,0.01483,0.02626,0.0349,0.02208,0,0,4  -  Cliente - TelemetriaPulo:71
  23:13:27.010  TEL,17.94,7 MUITOS TRIÂNGULOS (4 studs, ±0.3°, erro 0.001),246.7,-5.595,0.4022,-0.2929,164.6,165.4,165.3,165.4,-0.2144,-0.2308,-0.02604,-0.02659,1.375,1.36,1.47,1.47,-1230,0.6936,0.05107,0.01121,0.02449,0.02228,0.02331,0,0,4  -  Cliente - TelemetriaPulo:71
  23:13:27.010  TEL,17.95,7 MUITOS TRIÂNGULOS (4 studs, ±0.3°, erro 0.001),246.6,-3.785,0.3815,0.0435,166.1,165.4,165.1,165.3,-0.2391,-0.2459,-0.02982,-0.032,1.352,1.346,1.467,1.464,-1234,0.6547,0.0638,0.01109,0.0232,0.02205,0.02329,0,0,4  -  Cliente - TelemetriaPulo:71
  23:13:27.010  TEL,17.96,7 MUITOS TRIÂNGULOS (4 studs, ±0.3°, erro 0.001),246.7,-2.113,0.3317,0.06973,165,165.3,165.2,165.3,-0.2555,-0.2662,-0.03161,-0.02862,1.337,1.327,1.465,1.468,-1233,0.4967,0.3269,0.01313,0.02126,0.0233,0.02384,0,0,4  -  Cliente - TelemetriaPulo:71
  23:13:27.010  TEL,17.96,7 MUITOS TRIÂNGULOS (4 studs, ±0.3°, erro 0.001),246.7,0.7669,0.1067,-0.557,166.3,165.4,164.9,165.5,-0.2482,-0.2636,-0.02016,-0.06542,1.344,1.329,1.476,1.431,-1233,0.2235,0.5127,0.008711,0.01179,0.02641,0.06225,0,0,3  -  Cliente - TelemetriaPulo:71
  23:13:27.010  TEL,17.97,7 MUITOS TRIÂNGULOS (4 studs, ±0.3°, erro 0.001),246.8,3.139,0.1896,0.5465,166,165.6,165.2,165.7,-0.2565,-0.237,-0.009126,-0.06684,1.336,1.354,1.487,1.43,-1234,-0.06526,0.342,0.01773,0.009356,0.02687,0.09015,0,0,3  -  Cliente - TelemetriaPulo:71
  23:13:27.010  TEL,17.97,7 MUITOS TRIÂNGULOS (4 studs, ±0.3°, erro 0.001),246.9,4.323,0.1321,0.5012,165.9,165.6,165.4,166,-0.2524,-0.2268,0.007305,-0.05749,1.34,1.363,1.504,1.439,-1234,-0.09808,0.5002,0.02338,0.01107,0.02516,0.1118,0,0,3  -  Cliente - TelemetriaPulo:71
  23:13:27.010  TEL,17.98,7 MUITOS TRIÂNGULOS (4 studs, ±0.3°, erro 0.001),247.2,4.662,-0.1497,-0.4139,165.3,165.5,165.4,166.5,-0.2059,-0.2528,0.038,-0.05233,1.383,1.338,1.534,1.444,-1235,-0.1573,0.2797,0.0247,0.07815,0.02524,0.1377,0,0,2  -  Cliente - TelemetriaPulo:71
  23:13:27.010  TEL,17.98,7 MUITOS TRIÂNGULOS (4 studs, ±0.3°, erro 0.001),247.5,5.195,-0.3372,0.4364,165.3,165.3,165.5,166.8,-0.1784,-0.2551,0.04448,-0.04427,1.409,1.337,1.541,1.452,-1236,-0.1264,-0.3859,0.02643,0.1337,0.02732,0.1412,0,0,2  -  Cliente - TelemetriaPulo:71
  23:13:27.010  TEL,17.99,7 MUITOS TRIÂNGULOS (4 studs, ±0.3°, erro 0.001),247.5,5.206,-0.5111,1.254,165,165.2,165.7,167.1,-0.1587,-0.2407,0.02212,-0.02215,1.427,1.351,1.518,1.474,-1237,-0.1081,-0.4521,0.02992,0.1791,0.02774,0.1393,0,0,2  -  Cliente - TelemetriaPulo:71
  23:13:27.010  TEL,17.99,7 MUITOS TRIÂNGULOS (4 studs, ±0.3°, erro 0.001),247.6,4.908,-0.6549,0.613,164.9,165.1,165,167.6,-0.09505,-0.19,-0.01957,0.002303,1.487,1.398,1.477,1.499,-1238,0.124,-0.1367,0.0294,0.2371,0.03193,0.127,0,0,2  -  Cliente - TelemetriaPulo:71
  23:13:27.010  TEL,18,7 MUITOS TRIÂNGULOS (4 studs, ±0.3°, erro 0.001),247.5,4.509,-0.6325,0.2886,164.9,165,165.3,167.9,-0.06364,-0.1625,-0.02794,0.007256,1.517,1.423,1.468,1.504,-1238,0.1441,0.02873,0.03055,0.2505,0.03135,0.1189,0,0,2  -  Cliente - TelemetriaPulo:71
  23:13:27.010  TEL,18.01,7 MUITOS TRIÂNGULOS (4 studs, ±0.3°, erro 0.001),247.5,3.597,-0.5764,0.02942,164.8,165,165.3,168.1,-0.03402,-0.1362,-0.03933,0.01066,1.545,1.448,1.457,1.507,-1238,0.2336,0.1659,0.03078,0.2574,0.03542,0.1087,0,0,2  -  Cliente - TelemetriaPulo:71
  23:13:27.010  TEL,18.01,7 MUITOS TRIÂNGULOS (4 studs, ±0.3°, erro 0.001),247.4,2.361,-0.4544,-0.4972,164.7,165,165.1,168.4,-1.3e-05,-0.1196,-0.08133,0.009698,1.577,1.464,1.415,1.506,-1237,0.4469,0.2432,0.03061,0.2592,0.07658,0.09588,0,0,1  -  Cliente - TelemetriaPulo:71
  23:13:27.010  TEL,18.02,7 MUITOS TRIÂNGULOS (4 studs, ±0.3°, erro 0.001),247.2,1.731,-0.0765,-0.7737,164.6,164.9,165.5,169,0.04071,-0.1036,-0.09101,0.03313,1.616,1.479,1.405,1.529,-1237,0.4628,0.1319,0.03919,0.2482,0.1228,0.0642,0,0,1  -  Cliente - TelemetriaPulo:71
  23:13:27.010  TEL,18.02,7 MUITOS TRIÂNGULOS (4 studs, ±0.3°, erro 0.001),247.1,0.2822,0.03778,-0.749,164.5,164.8,165.8,169.2,0.04391,-0.09866,-0.08441,0.04388,1.619,1.484,1.412,1.54,-1236,0.3053,0.01057,0.04815,0.2345,0.133,0.0481,0,0,2  -  Cliente - TelemetriaPulo:71
  23:13:27.010  TEL,18.03,7 MUITOS TRIÂNGULOS (4 studs, ±0.3°, erro 0.001),247,-1.454,0.09646,-0.7032,164.5,164.8,166,169.5,0.034,-0.09758,-0.07594,0.05061,1.609,1.484,1.42,1.547,-1235,0.1043,-0.125,0.061,0.2165,0.1354,0.03189,0,0,1  -  Cliente - TelemetriaPulo:71
  23:13:27.010  TEL,18.03,7 MUITOS TRIÂNGULOS (4 studs, ±0.3°, erro 0.001),247.1,-4.725,0.1425,-2.596,164.4,164.7,166.6,166.3,0.01668,-0.1319,-0.03049,-0.08619,1.593,1.452,1.466,1.41,-1235,-0.3121,-0.3913,0.09423,0.1702,0.1193,0.1042,0,0,0  -  Cliente - TelemetriaPulo:71
  23:13:27.010   ▶ TEL,18.04,7 MUITOS TRIÂNGULOS (4 studs, ±0.3°, erro 0.001),246.7,-2.306,0.6637,0.3252,164.3,164.6,166.8,166.3,-0.04059,-0.1162,-0.002377,-0.1281,1.538,1.467,1.494,1.368,-1235,-0.771,-0.8123,0.1159,0.1391,0.1062,0.1703,0,0,0 (x2)  -  Cliente - TelemetriaPulo:71
  23:13:27.011  TEL,18.04,7 MUITOS TRIÂNGULOS (4 studs, ±0.3°, erro 0.001),246.6,-1.531,0.9189,1.779,164.2,164.6,167.1,166.5,-0.1044,-0.07982,0.01663,-0.1199,1.478,1.501,1.513,1.376,-1234,-0.8604,-0.8702,0.1332,0.1037,0.09177,0.221,0,0,0  -  Cliente - TelemetriaPulo:71
  23:13:27.011  TEL,18.05,7 MUITOS TRIÂNGULOS (4 studs, ±0.3°, erro 0.001),246.6,-1.815,0.9639,1.879,164.2,164.6,167.4,166.8,-0.1674,-0.04335,0.03683,-0.1002,1.419,1.536,1.533,1.396,-1233,-0.6635,-0.6469,0.1422,0.06673,0.07714,0.2621,0,0,0  -  Cliente - TelemetriaPulo:71
  23:13:27.011  TEL,18.06,7 MUITOS TRIÂNGULOS (4 studs, ±0.3°, erro 0.001),246.5,-3.527,0.7375,0.4294,164.1,166.3,167.9,167.3,-0.2299,-0.04885,0.08017,-0.09163,1.361,1.53,1.577,1.405,-1233,-0.03217,-0.124,0.1158,0.02475,0.06022,0.3315,0,0,1  -  Cliente - TelemetriaPulo:71
  23:13:27.011  TEL,18.06,7 MUITOS TRIÂNGULOS (4 studs, ±0.3°, erro 0.001),246.8,-3.744,0.5354,0.5467,164,166.2,168.1,167.5,-0.2319,-0.06045,0.09049,-0.0947,1.359,1.52,1.587,1.402,-1233,0.1923,-0.1425,0.08282,0.02444,0.05572,0.3536,0,0,1  -  Cliente - TelemetriaPulo:71
  23:13:27.011  TEL,18.07,7 MUITOS TRIÂNGULOS (4 studs, ±0.3°, erro 0.001),246.7,-4.8,0.568,0.5918,163.9,165.5,168.4,167.8,-0.2314,-0.09317,0.09332,-0.0897,1.359,1.489,1.59,1.407,-1234,0.3733,0.1796,0.03814,0.02684,0.05258,0.3648,0,0,2  -  Cliente - TelemetriaPulo:71
  23:13:27.011  TEL,18.07,7 MUITOS TRIÂNGULOS (4 studs, ±0.3°, erro 0.001),246.8,-4.678,0.2814,0.5678,165.9,165.9,168.9,168.3,-0.2497,-0.2256,0.08015,-0.07811,1.342,1.365,1.577,1.418,-1233,1.088,0.2047,-0.01208,0.1042,0.04864,0.3612,0,0,2  -  Cliente - TelemetriaPulo:71
  23:13:27.011  TEL,18.08,7 MUITOS TRIÂNGULOS (4 studs, ±0.3°, erro 0.001),246.6,-3.714,0.0905,0.546,165.6,165.9,169.2,168.6,-0.2991,-0.2584,0.06798,-0.06882,1.297,1.334,1.564,1.428,-1234,0.8189,0.3277,-0.001454,0.1196,0.04705,0.3487,0,0,2  -  Cliente - TelemetriaPulo:71
  23:13:27.011  TEL,18.08,7 MUITOS TRIÂNGULOS (4 studs, ±0.3°, erro 0.001),246.7,-2.337,-0.1217,0.2659,166,165.8,169.5,168.9,-0.3131,-0.2662,0.0561,-0.05737,1.284,1.327,1.552,1.439,-1233,1.043,0.4368,-0.001502,0.1203,0.04429,0.3303,0,0,2  -  Cliente - TelemetriaPulo:71
  23:13:27.011  TEL,18.09,7 MUITOS TRIÂNGULOS (4 studs, ±0.3°, erro 0.001),247,0.1474,-0.5483,-0.6237,165.3,165.7,168.7,169.4,-0.3356,-0.2338,0.04741,-0.05259,1.263,1.357,1.544,1.444,-1234,0.879,0.4751,0.04952,0.0816,0.035,0.2711,0,0,2  -  Cliente - TelemetriaPulo:71
  23:13:27.011  TEL,18.09,7 MUITOS TRIÂNGULOS (4 studs, ±0.3°, erro 0.001),247.2,1.206,-0.7105,-0.6842,165.2,165.6,168.7,169.7,-0.3071,-0.1873,0.03754,-0.04531,1.289,1.401,1.534,1.451,-1235,0.6913,0.3756,0.04951,0.04573,0.03193,0.2321,0,0,3  -  Cliente - TelemetriaPulo:71
  23:13:27.011  TEL,18.1,7 MUITOS TRIÂNGULOS (4 studs, ±0.3°, erro 0.001),247.3,1.608,-0.8218,-0.9469,165.2,165.6,168.5,169.9,-0.2553,-0.1337,0.03055,-0.03998,1.337,1.451,1.527,1.456,-1236,0.4407,0.2134,0.03506,0.002973,0.02828,0.1887,0,0,3  -  Cliente - TelemetriaPulo:71
  23:13:27.011  TEL,18.11,7 MUITOS TRIÂNGULOS (4 studs, ±0.3°, erro 0.001),247.3,0.784,-0.9043,-1.478,166,166.2,169,170.5,-0.1317,-0.1238,0.02981,-0.03941,1.452,1.46,1.526,1.457,-1237,-0.1236,-0.53,0.004081,0.004287,0.02002,0.09065,0,0,3  -  Cliente - TelemetriaPulo:71
  23:13:27.011  TEL,18.11,7 MUITOS TRIÂNGULOS (4 studs, ±0.3°, erro 0.001),246.9,-0.1044,-0.9134,-1.952,165.5,166.2,168.8,170.7,-0.09466,-0.2476,0.0291,-0.04233,1.488,1.343,1.525,1.454,-1237,-0.577,-0.7815,0.004913,0.1004,0.01447,0.03347,0,0,3  -  Cliente - TelemetriaPulo:71
  23:13:27.011  TEL,18.12,7 MUITOS TRIÂNGULOS (4 studs, ±0.3°, erro 0.001),248.5,0.792,-1.057,1.589,165.4,165.8,165.8,166.8,-0.06434,-0.2936,-0.07096,-0.03173,1.516,1.302,1.425,1.465,-1234,-0.5393,-1.999,0.004838,0.2405,0.009866,-0.02528,0,0,3  -  Cliente - TelemetriaPulo:71
  23:13:27.011  TEL,18.12,7 MUITOS TRIÂNGULOS (4 studs, ±0.3°, erro 0.001),247.4,3.368,-0.7635,1.217,165.4,165.7,167.9,167.8,-0.0483,-0.2924,-0.1036,-0.04054,1.531,1.303,1.393,1.456,-1242,-0.3098,-1.724,0.0021,0.2877,0.007021,-0.01787,0,0,3  -  Cliente - TelemetriaPulo:71
  23:13:27.011  TEL,18.13,7 MUITOS TRIÂNGULOS (4 studs, ±0.3°, erro 0.001),247.5,5.477,-0.4785,1.023,165.6,165.7,166.5,167.8,-0.04561,-0.2772,-0.1242,-0.02099,1.534,1.317,1.372,1.475,-1237,0.02839,-1.349,0.02176,0.3197,0.0126,-0.01602,0,0,3  -  Cliente - TelemetriaPulo:71
  23:13:27.011  TEL,18.13,7 MUITOS TRIÂNGULOS (4 studs, ±0.3°, erro 0.001),247.5,7.189,-0.1548,0.4199,165.5,165.5,166.1,166.2,-0.002623,-0.2252,-0.116,-0.007836,1.574,1.365,1.38,1.489,-1238,0.4217,-0.5151,0.02917,0.3441,0.02633,0.01389,0,0,3  -  Cliente - TelemetriaPulo:71
  23:13:27.011  TEL,18.14,7 MUITOS TRIÂNGULOS (4 studs, ±0.3°, erro 0.001),246.8,6.535,-0.051,-1.334,165.4,165.5,165.7,166.5,0.03995,-0.2157,-0.1864,-0.02078,1.615,1.374,1.31,1.476,-1238,0.5014,-0.03656,0.03511,0.3403,0.1373,0.02759,0,0,2  -  Cliente - TelemetriaPulo:71
  23:13:27.011  TEL,18.14,7 MUITOS TRIÂNGULOS (4 studs, ±0.3°, erro 0.001),246.3,8.47,0.6355,-1.612,165.4,165.4,165.7,166.7,0.06473,-0.2076,-0.1881,0.01604,1.638,1.381,1.308,1.512,-1234,0.3157,0.1288,0.04706,0.3258,0.2224,0.02347,0,0,2  -  Cliente - TelemetriaPulo:71
  23:13:27.011  TEL,18.15,7 MUITOS TRIÂNGULOS (4 studs, ±0.3°, erro 0.001),246.5,7.241,0.6988,-1.478,165.2,165.3,166.1,166.7,0.08554,-0.1741,-0.1527,0.08943,1.658,1.413,1.344,1.586,-1231,-0.2724,0.09911,0.09585,0.2738,0.3525,0.02708,0,0,1  -  Cliente - TelemetriaPulo:71
  23:13:27.012  TEL,18.16,7 MUITOS TRIÂNGULOS (4 studs, ±0.3°, erro 0.001),246.5,5.249,0.7017,-1.513,165.1,165.3,166.4,167,0.07845,-0.1524,-0.1335,0.1048,1.652,1.433,1.363,1.601,-1233,-0.5862,-0.01753,0.1314,0.2372,0.4026,0.03744,0,0,1  -  Cliente - TelemetriaPulo:71
  23:13:27.012  TEL,18.16,7 MUITOS TRIÂNGULOS (4 studs, ±0.3°, erro 0.001),246.6,3.095,0.6773,-1.549,165.1,165.2,166.7,167.2,0.0575,-0.1333,-0.1145,0.1058,1.632,1.451,1.382,1.602,-1233,-0.8993,-0.1825,0.1722,0.1946,0.4436,0.05213,0,0,0  -  Cliente - TelemetriaPulo:71
  23:13:27.012  TEL,18.17,7 MUITOS TRIÂNGULOS (4 studs, ±0.3°, erro 0.001),246.7,-0.5007,0.6514,-1.566,164.9,165.1,167.2,167.8,-0.01288,-0.1029,-0.07776,0.07689,1.565,1.479,1.419,1.573,-1233,-1.455,-0.6009,0.2548,0.08817,0.5017,0.08649,0,0,0  -  Cliente - TelemetriaPulo:71
  23:13:27.012  TEL,18.17,7 MUITOS TRIÂNGULOS (4 studs, ±0.3°, erro 0.001),246.7,-1.774,0.6527,-1.563,164.8,165,167.5,168,-0.05534,-0.09058,-0.05844,0.05453,1.525,1.491,1.438,1.551,-1233,-1.672,-0.8231,0.2941,0.02819,0.5211,0.1032,0,0,1  -  Cliente - TelemetriaPulo:71
  23:13:27.012  TEL,18.18,7 MUITOS TRIÂNGULOS (4 studs, ±0.3°, erro 0.001),246.7,-2.761,0.655,-0.9132,164.8,165.1,167.7,168.3,-0.1071,-0.108,-0.04764,0.04042,1.476,1.476,1.449,1.537,-1234,-1.845,-1.091,0.3286,0.02472,0.5356,0.1166,0,0,1  -  Cliente - TelemetriaPulo:71
  23:13:27.012  TEL,18.18,7 MUITOS TRIÂNGULOS (4 studs, ±0.3°, erro 0.001),246.9,-1.977,0.3684,-0.4511,164.7,165.5,168.3,168.8,-0.1837,-0.1998,-0.03566,0.02064,1.404,1.388,1.461,1.517,-1234,-1.802,-0.6047,0.3762,0.03324,0.553,0.1384,0,0,1  -  Cliente - TelemetriaPulo:71
  23:13:27.012  TEL,18.19,7 MUITOS TRIÂNGULOS (4 studs, ±0.3°, erro 0.001),247.3,-0.8168,0.1538,-0.2483,164.6,165.6,168.5,169.1,-0.1946,-0.2058,-0.0309,0.01262,1.394,1.383,1.465,1.509,-1235,-1.609,-0.7266,0.3853,0.03293,0.5533,0.1442,0,0,1  -  Cliente - TelemetriaPulo:71
  23:13:27.012  TEL,18.2,7 MUITOS TRIÂNGULOS (4 studs, ±0.3°, erro 0.001),246.9,-1.41,0.1455,1.45,164.5,165.1,169.1,169.7,-0.2239,-0.3087,-0.03549,0.03662,1.366,1.291,1.461,1.533,-1236,-1.097,-1.394,0.369,0.1594,0.5398,0.1448,0,0,0  -  Cliente - TelemetriaPulo:71
  23:13:27.012  TEL,18.2,7 MUITOS TRIÂNGULOS (4 studs, ±0.3°, erro 0.001),246.5,-0.2153,-0.1095,1.546,164.4,164.5,169.4,169.9,-0.2217,-0.4156,-0.05361,0.05628,1.368,1.189,1.443,1.553,-1234,-0.6472,-0.6309,0.341,0.2647,0.5235,0.1444,0,0,0  -  Cliente - TelemetriaPulo:71
  23:13:27.012  TEL,18.21,7 MUITOS TRIÂNGULOS (4 studs, ±0.3°, erro 0.001),246.6,1.482,-0.3809,1.654,164.3,164.4,169.6,170.2,-0.1935,-0.4607,-0.06446,0.0683,1.395,1.149,1.432,1.565,-1233,-0.1379,-0.2145,0.3026,0.3446,0.4994,0.1448,0,0,0  -  Cliente - TelemetriaPulo:71
  23:13:27.012  TEL,18.21,7 MUITOS TRIÂNGULOS (4 studs, ±0.3°, erro 0.001),246.9,3.896,-0.826,2.058,164.2,164.2,170.1,170.7,-0.09105,-0.4321,-0.08136,0.0834,1.491,1.175,1.415,1.58,-1233,0.9855,1.034,0.2093,0.4332,0.4304,0.1542,0,0,0  -  Cliente - TelemetriaPulo:71
  23:13:27.012  TEL,18.22,7 MUITOS TRIÂNGULOS (4 studs, ±0.3°, erro 0.001),246.9,4.215,-0.9557,2.229,164.1,164.2,170.4,170.9,-0.03195,-0.3717,-0.08673,0.08614,1.547,1.23,1.41,1.583,-1234,1.57,1.739,0.1619,0.4466,0.3853,0.1639,0,0,0  -  Cliente - TelemetriaPulo:71
  23:13:27.012  TEL,18.22,7 MUITOS TRIÂNGULOS (4 studs, ±0.3°, erro 0.001),246.9,3.8,-1.009,2.321,164,164.1,170.6,171.1,0.02229,-0.2937,-0.08866,0.08473,1.598,1.301,1.408,1.581,-1235,2.141,2.422,0.1177,0.4444,0.3315,0.1751,0,0,0  -  Cliente - TelemetriaPulo:71
  23:13:27.012  TEL,18.23,7 MUITOS TRIÂNGULOS (4 studs, ±0.3°, erro 0.001),246.8,2.538,-0.9608,2.314,164,164.1,170.8,171.4,0.06395,-0.2105,-0.08546,0.07895,1.638,1.378,1.411,1.575,-1234,2.663,3.035,0.07944,0.4303,0.2681,0.1863,0,0,0  -  Cliente - TelemetriaPulo:71
  23:13:27.012  TEL,18.23,7 MUITOS TRIÂNGULOS (4 studs, ±0.3°, erro 0.001),246.4,-2.419,-0.581,2.114,163.9,164,171.3,171.9,0.08438,-0.07483,-0.06091,0.05663,1.657,1.506,1.435,1.553,-1234,3.425,3.933,0.02211,0.3845,0.1136,0.2029,0,0,1  -  Cliente - TelemetriaPulo:71
  23:13:27.012  TEL,18.24,7 MUITOS TRIÂNGULOS (4 studs, ±0.3°, erro 0.001),246.7,-3.812,-0.6948,1.5,164,163.9,171.6,172.1,0.06678,-0.02602,-0.04211,0.02651,1.64,1.552,1.454,1.523,-1232,3.671,4.13,0.02832,0.3603,0.02741,0.2084,0,0,2  -  Cliente - TelemetriaPulo:71
  23:13:27.012  TEL,18.24,7 MUITOS TRIÂNGULOS (4 studs, ±0.3°, erro 0.001),247.5,-5.896,-0.5114,0.1258,163.8,163.8,165.5,172.4,0.04033,-0.01413,-0.08857,-0.02107,1.616,1.563,1.408,1.475,-1234,3.261,4.025,0.0334,0.3374,0.02733,0.2092,0,0,2  -  Cliente - TelemetriaPulo:71
  23:13:27.012  TEL,18.25,7 MUITOS TRIÂNGULOS (4 studs, ±0.3°, erro 0.001),246.7,-4.498,0.4317,-0.1999,163.7,163.7,166.7,172.9,-0.02876,-0.02266,-0.1016,-0.01957,1.55,1.555,1.395,1.477,-1238,2.513,3.129,0.04858,0.2946,0.02536,0.1899,0,0,2  -  Cliente - TelemetriaPulo:71
  23:13:27.012  TEL,18.26,7 MUITOS TRIÂNGULOS (4 studs, ±0.3°, erro 0.001),246.6,-4.973,0.6117,-0.403,163.6,163.6,166.8,173.2,-0.0659,-0.04214,-0.09233,-0.002754,1.515,1.537,1.404,1.494,-1234,1.933,2.504,0.05348,0.2734,0.02632,0.1739,0,0,1  -  Cliente - TelemetriaPulo:71
  23:13:27.012  TEL,18.26,7 MUITOS TRIÂNGULOS (4 studs, ±0.3°, erro 0.001),246.7,-6.411,0.6126,-0.7436,163.5,163.5,167.1,173.7,-0.1241,-0.09426,-0.06422,0.02098,1.46,1.488,1.432,1.517,-1233,0.6396,1.157,0.04704,0.2227,0.01704,0.1313,0,0,2  -  Cliente - TelemetriaPulo:71
  23:13:27.012  TEL,18.27,7 MUITOS TRIÂNGULOS (4 studs, ±0.3°, erro 0.001),246.3,-6.802,0.5408,-2.863,163.4,163.4,165.6,174,-0.1099,-0.1448,-0.1407,-0.002868,1.473,1.44,1.356,1.494,-1233,-0.05715,0.574,0.03234,0.1895,0.1249,0.1063,0,0,1  -  Cliente - TelemetriaPulo:71
  23:13:27.013  TEL,18.27,7 MUITOS TRIÂNGULOS (4 studs, ±0.3°, erro 0.001),245.9,-3.507,1.082,-3.231,165.6,163.3,165.6,174.2,-0.1008,-0.1905,-0.1555,0.009664,1.481,1.397,1.341,1.506,-1232,-0.617,-0.2343,0.02364,0.1478,0.2134,0.07537,0,0,1  -  Cliente - TelemetriaPulo:71
  23:13:27.013  TEL,18.28,7 MUITOS TRIÂNGULOS (4 studs, ±0.3°, erro 0.001),245.7,-1.916,1.238,-3.085,165.8,163.2,165.8,174.5,-0.08522,-0.2206,-0.1467,0.03835,1.496,1.369,1.35,1.535,-1229,-1.309,-1.058,0.01259,0.09378,0.2904,0.04547,0,0,2  -  Cliente - TelemetriaPulo:71
  23:13:27.013  TEL,18.28,7 MUITOS TRIÂNGULOS (4 studs, ±0.3°, erro 0.001),246.7,-1.605,0.9515,-1.082,162.8,162.6,166.3,168.5,-0.2458,-0.2404,-0.1467,0.08518,1.346,1.354,1.35,1.582,-1228,-1.769,-2.418,0.1386,0.01936,0.4157,0.02688,0,0,2  -  Cliente - TelemetriaPulo:71
  23:13:27.013  TEL,18.29,7 MUITOS TRIÂNGULOS (4 studs, ±0.3°, erro 0.001),246.1,-0.3772,0.9744,-2.566,162.6,162.3,166.5,168.5,-0.3433,-0.3296,-0.1206,0.08738,1.256,1.267,1.376,1.584,-1234,-1.396,-1.692,0.2455,0.008243,0.4611,0.0344,0,0,2  -  Cliente - TelemetriaPulo:71
  23:13:27.013  TEL,18.29,7 MUITOS TRIÂNGULOS (4 studs, ±0.3°, erro 0.001),246.4,1.83,0.6253,-2.487,162.6,165.6,166.8,168.5,-0.4025,-0.3591,-0.08652,0.07456,1.202,1.245,1.41,1.571,-1230,-1.412,-2.564,0.3286,0.02001,0.498,0.04327,0,0,2  -  Cliente - TelemetriaPulo:71
  23:13:27.013  TEL,18.3,7 MUITOS TRIÂNGULOS (4 studs, ±0.3°, erro 0.001),246.6,6.298,-0.1473,-1.642,162.4,164.6,167.3,168.8,-0.4159,-0.4196,-0.04361,0.0544,1.19,1.186,1.453,1.551,-1232,-1.705,-2.263,0.4233,0.03142,0.5573,0.05904,0,0,1  -  Cliente - TelemetriaPulo:71
  23:13:27.013  TEL,18.31,7 MUITOS TRIÂNGULOS (4 studs, ±0.3°, erro 0.001),246.9,8.339,-0.4976,-0.6306,162.3,165.3,167.6,169.1,-0.3812,-0.4083,-0.04189,0.05554,1.221,1.201,1.454,1.552,-1233,-1.758,-2.469,0.438,0.07106,0.58,0.06502,0,0,0  -  Cliente - TelemetriaPulo:71
  23:13:27.013  TEL,18.31,7 MUITOS TRIÂNGULOS (4 studs, ±0.3°, erro 0.001),246.9,10.04,-0.8092,-0.6788,162.2,164.9,167.8,169.4,-0.3151,-0.3999,-0.04173,0.05323,1.282,1.204,1.455,1.55,-1235,-1.686,-1.68,0.4373,0.09248,0.5951,0.06977,0,0,0  -  Cliente - TelemetriaPulo:71
  23:13:27.013  TEL,18.32,7 MUITOS TRIÂNGULOS (4 studs, ±0.3°, erro 0.001),247.2,11.29,-1.044,-0.5275,162.1,164.8,168.1,169.7,-0.2234,-0.3419,-0.03876,0.04666,1.367,1.257,1.458,1.543,-1235,-1.559,-1.275,0.4265,0.09767,99,0.07371,0,0,0  -  Cliente - TelemetriaPulo:71
  23:13:27.013  TEL,18.32,7 MUITOS TRIÂNGULOS (4 studs, ±0.3°, erro 0.001),247.3,10.74,-1.203,0.009277,162,164.6,168.7,170.2,-0.03274,-0.168,-0.03967,0.0367,1.546,1.418,1.457,1.533,-1236,-1.091,-0.4371,0.3914,0.0692,99,0.07715,0,0,0  -  Cliente - TelemetriaPulo:71
  23:13:27.013  TEL,18.33,7 MUITOS TRIÂNGULOS (4 studs, ±0.3°, erro 0.001),246.5,5.353,-0.7578,0.4609,161.9,165.8,169.2,170.8,0.07949,-0.03522,-0.04015,0.03515,1.652,1.543,1.456,1.532,-1236,-0.4471,0.2078,0.3692,0.04619,0.5875,0.07242,0,0,1  -  Cliente - TelemetriaPulo:71
  23:13:27.013  TEL,18.33,7 MUITOS TRIÂNGULOS (4 studs, ±0.3°, erro 0.001),246.7,3.653,-0.8445,0.4633,161.8,165.7,169.5,171,0.1059,0.0026,-0.04623,0.02776,1.678,1.579,1.45,1.524,-1233,-0.0697,0.5534,0.3698,0.04786,0.5676,0.06764,0,0,1  -  Cliente - TelemetriaPulo:71
  23:13:27.013  TEL,18.34,7 MUITOS TRIÂNGULOS (4 studs, ±0.3°, erro 0.001),246.9,1.088,-0.6124,0.676,161.8,165.6,169.7,169,0.1031,0.02334,-0.04955,0.01493,1.675,1.599,1.447,1.511,-1233,0.3162,0.8183,0.3793,0.05291,0.5405,0.06963,0,0,0  -  Cliente - TelemetriaPulo:71
  23:13:27.013  TEL,18.35,7 MUITOS TRIÂNGULOS (4 studs, ±0.3°, erro 0.001),246.7,-1.097,-0.3554,0.6027,161.7,165.6,170,169.2,0.08035,0.0246,-0.04379,0.006462,1.653,1.6,1.453,1.503,-1234,0.6688,1.084,0.3989,0.06377,0.5038,0.0647,0,0,0  -  Cliente - TelemetriaPulo:71
  23:13:27.013  TEL,18.35,7 MUITOS TRIÂNGULOS (4 studs, ±0.3°, erro 0.001),246.9,-4.716,-0.02354,0.7584,161.6,165.4,170.5,167.3,-0.0197,-0.01078,-0.02297,-0.01432,1.558,1.567,1.473,1.482,-1234,1.259,1.435,0.4505,0.09514,0.4131,0.05877,0,0,0  -  Cliente - TelemetriaPulo:71
  23:13:27.013  TEL,18.36,7 MUITOS TRIÂNGULOS (4 studs, ±0.3°, erro 0.001),247.1,-5.836,0.05063,0.9424,161.6,165.4,170.8,166.1,-0.08269,-0.03659,-0.01113,-0.02551,1.498,1.542,1.485,1.471,-1235,1.44,1.506,0.4738,0.1106,0.3613,0.05718,0,0,0  -  Cliente - TelemetriaPulo:71
  23:13:27.013  TEL,18.36,7 MUITOS TRIÂNGULOS (4 studs, ±0.3°, erro 0.001),247.2,-6.387,0.01567,1.237,161.5,165.3,171.4,165.3,-0.1936,-0.07926,0.01046,-0.04486,1.394,1.502,1.507,1.452,-1235,1.446,1.451,0.4884,0.1246,0.2473,0.04888,0,0,1  -  Cliente - TelemetriaPulo:71
  23:13:27.013  TEL,18.37,7 MUITOS TRIÂNGULOS (4 studs, ±0.3°, erro 0.001),247.3,-5.857,-0.0687,1.256,161.4,165.2,171.6,165.5,-0.2277,-0.08692,0.01872,-0.05292,1.363,1.495,1.515,1.443,-1236,1.307,1.344,0.4782,0.1254,0.1873,0.04344,0,0,1  -  Cliente - TelemetriaPulo:71
  23:13:27.013  TEL,18.37,7 MUITOS TRIÂNGULOS (4 studs, ±0.3°, erro 0.001),247.3,-5.225,-0.1809,1.439,161.3,165.2,171.9,165.7,-0.2477,-0.08194,0.02378,-0.06153,1.344,1.499,1.52,1.435,-1236,1.081,1.175,0.4533,0.1221,0.1267,0.03873,0,0,1  -  Cliente - TelemetriaPulo:71
  23:13:27.013  TEL,18.38,7 MUITOS TRIÂNGULOS (4 studs, ±0.3°, erro 0.001),247.1,-5.7,-0.02611,1.62,161.3,165.1,172.2,165.8,-0.2613,-0.07732,0.03168,-0.06527,1.332,1.504,1.528,1.431,-1237,0.8037,1.004,0.4178,0.1162,0.06821,0.04152,0,0,1  -  Cliente - TelemetriaPulo:71
  23:13:27.013  TEL,18.38,7 MUITOS TRIÂNGULOS (4 studs, ±0.3°, erro 0.001),248.1,-5.786,-0.1454,2.257,161.1,165,167.4,166.3,-0.2508,-0.04807,-0.01559,-0.04977,1.341,1.531,1.481,1.447,-1235,0.3837,0.5199,0.3071,0.09899,0.002501,0.02406,0,0,2  -  Cliente - TelemetriaPulo:71
  23:13:27.014  TEL,18.39,7 MUITOS TRIÂNGULOS (4 studs, ±0.3°, erro 0.001),248,-4.694,0.05291,1.004,161,164.9,167.5,165.8,-0.2108,-0.04503,-0.04512,-0.05064,1.379,1.534,1.451,1.446,-1241,0.3406,0.3957,0.2322,0.08952,-0.004347,0.02442,0,0,2  -  Cliente - TelemetriaPulo:71
  23:13:27.014  TEL,18.39,7 MUITOS TRIÂNGULOS (4 studs, ±0.3°, erro 0.001),248,-3.912,0.3015,0.4201,161,164.8,167.1,165.5,-0.1607,-0.05189,-0.0613,-0.05337,1.425,1.528,1.435,1.443,-1240,0.07527,0.04948,0.1488,0.07769,-6.64e-05,0.0258,0,0,2  -  Cliente - TelemetriaPulo:71
  23:13:27.014  TEL,18.4,7 MUITOS TRIÂNGULOS (4 studs, ±0.3°, erro 0.001),246.4,-0.7655,1.425,-1.075,160.8,164.7,166,164.7,-0.0209,-0.1327,-0.1763,-0.03981,1.557,1.451,1.32,1.457,-1240,-1.236,-0.9677,-0.02742,0.04432,0.219,0.0261,0,0,3  -  Cliente - TelemetriaPulo:71
  23:13:27.014  TEL,18.41,7 MUITOS TRIÂNGULOS (4 studs, ±0.3°, erro 0.001),246,1.304,1.615,-0.08776,168,164.6,166.3,164.8,-0.07962,-0.1427,-0.1906,0.03031,1.503,1.442,1.306,1.527,-1232,-2.12,-1.543,-0.01055,0.01581,0.3035,0.02849,0,0,3  -  Cliente - TelemetriaPulo:71
  23:13:27.014  TEL,18.41,7 MUITOS TRIÂNGULOS (4 studs, ±0.3°, erro 0.001),245.3,0.7153,1.465,-3.076,157,163.3,166.8,165.4,-0.257,-0.2542,-0.1303,0.08923,1.335,1.337,1.366,1.586,-1230,-1.829,-1.228,0.1825,0.005119,0.4351,0.05623,0,0,1  -  Cliente - TelemetriaPulo:71
  23:13:27.014  TEL,18.42,7 MUITOS TRIÂNGULOS (4 studs, ±0.3°, erro 0.001),245.9,3.275,0.829,-3.406,156.5,165.2,167,165.6,-0.3908,-0.2944,-0.08269,0.06563,1.213,1.303,1.414,1.562,-1227,-3.457,-2.052,0.3457,0.01144,0.4899,0.07585,0,0,1  -  Cliente - TelemetriaPulo:71
  23:13:27.014  TEL,18.42,7 MUITOS TRIÂNGULOS (4 studs, ±0.3°, erro 0.001),245.5,3.897,0.7765,-3.182,156.4,165,167.3,165.9,-0.4888,-0.3644,-0.0411,0.05615,1.125,1.236,1.455,1.553,-1229,-4.362,-2.22,0.4849,0.02047,0.5387,0.0924,0,0,1  -  Cliente - TelemetriaPulo:71
  23:13:27.014  TEL,18.43,7 MUITOS TRIÂNGULOS (4 studs, ±0.3°, erro 0.001),246.2,6.269,0.2693,-2.683,156.3,163.7,167.5,166.1,-0.5387,-0.3834,-0.01323,0.04236,1.08,1.22,1.483,1.539,-1228,-5.187,-2.768,0.5966,0.03031,0.5837,0.1039,0,0,1  -  Cliente - TelemetriaPulo:71
  23:13:27.014  TEL,18.43,7 MUITOS TRIÂNGULOS (4 studs, ±0.3°, erro 0.001),246.9,8.757,-0.1957,-2.167,156.2,163.2,167.7,166.4,-0.5424,-0.3716,0.0001842,0.03077,1.076,1.231,1.497,1.527,-1231,-5.807,-3.246,99,0.03794,99,0.1127,0,0,1  -  Cliente - TelemetriaPulo:71
  23:13:27.014  TEL,18.44,7 MUITOS TRIÂNGULOS (4 studs, ±0.3°, erro 0.001),248,12.93,-0.8929,-1.502,156.1,162.7,168.2,166.9,-0.4301,-0.2904,0.004184,0.01445,1.177,1.304,1.501,1.511,-1235,-6.332,-4.101,99,0.05217,99,0.1208,0,0,0  -  Cliente - TelemetriaPulo:71
  23:13:27.014  TEL,18.44,7 MUITOS TRIÂNGULOS (4 studs, ±0.3°, erro 0.001),248.4,14.02,-1.102,-1.188,156,162.3,168.5,167.1,-0.3308,-0.2281,-0.0006378,0.01123,1.267,1.362,1.496,1.508,-1240,-6.229,-4.55,99,0.06119,99,0.1214,0,0,0  -  Cliente - TelemetriaPulo:71
  23:13:27.014  TEL,18.45,7 MUITOS TRIÂNGULOS (4 studs, ±0.3°, erro 0.001),248.5,14.19,-1.21,-0.9712,155.9,162.1,168.8,167.4,-0.219,-0.1653,-0.007666,0.01068,1.371,1.42,1.489,1.507,-1242,-5.922,-4.863,99,0.06995,99,0.1188,0,0,0  -  Cliente - TelemetriaPulo:71
  23:13:27.014  TEL,18.46,7 MUITOS TRIÂNGULOS (4 studs, ±0.3°, erro 0.001),248.2,11.38,-1.064,-0.7276,155.7,161.8,169.3,167.9,-0.008481,-0.04267,-0.01772,0.0109,1.569,1.536,1.479,1.507,-1243,-4.958,-5.587,99,0.0865,99,0.1053,0,0,0  -  Cliente - TelemetriaPulo:71
  23:13:27.014  TEL,18.46,7 MUITOS TRIÂNGULOS (4 studs, ±0.3°, erro 0.001),247.5,8.186,-0.7843,-0.575,155.7,161.7,169.6,168.2,0.05858,-0.0009222,-0.021,0.01548,1.632,1.576,1.475,1.512,-1241,-4.449,-5.677,99,0.09373,99,0.09431,0,0,0  -  Cliente - TelemetriaPulo:71
  23:13:27.014  TEL,18.47,7 MUITOS TRIÂNGULOS (4 studs, ±0.3°, erro 0.001),247.6,3.59,-0.6453,0.008164,155.6,161.6,170.1,165.7,0.1083,0.04461,-0.04113,0.004865,1.68,1.619,1.455,1.501,-1238,-3.401,-5.157,99,0.1148,99,0.09351,0,0,0  -  Cliente - TelemetriaPulo:71
  23:13:27.014  TEL,18.47,7 MUITOS TRIÂNGULOS (4 studs, ±0.3°, erro 0.001),247.2,1.342,-0.3452,0.08104,155.5,161.5,170.4,165.5,0.09991,0.04424,-0.04442,-0.002704,1.672,1.619,1.452,1.494,-1238,-2.923,-4.605,99,0.133,99,0.09457,0,0,0  -  Cliente - TelemetriaPulo:71
  23:13:27.014  TEL,18.48,7 MUITOS TRIÂNGULOS (4 studs, ±0.3°, erro 0.001),246.9,-0.7416,-0.09178,-0.007324,155.5,161.4,170.7,165.6,0.07255,0.02352,-0.03878,-0.006151,1.646,1.599,1.458,1.49,-1236,-2.497,-3.946,99,0.1563,99,0.09448,0,0,0  -  Cliente - TelemetriaPulo:71
  23:13:27.015  TEL,18.48,7 MUITOS TRIÂNGULOS (4 studs, ±0.3°, erro 0.001),246.8,-4.016,0.1652,0.1645,155.4,161.3,171.2,165.4,-0.02853,-0.04567,-0.02119,-0.0138,1.55,1.534,1.475,1.483,-1235,-1.781,-2.654,99,0.2042,99,0.09309,0,0,0  -  Cliente - TelemetriaPulo:71
  23:13:27.015  TEL,18.49,7 MUITOS TRIÂNGULOS (4 studs, ±0.3°, erro 0.001),246.9,-4.906,0.1931,0.3467,155.3,161.2,171.5,165.2,-0.08763,-0.08067,-0.01283,-0.01936,1.494,1.501,1.484,1.477,-1234,-1.454,-2.083,99,0.2215,99,0.09668,0,0,0  -  Cliente - TelemetriaPulo:71
  23:13:27.015  TEL,18.49,7 MUITOS TRIÂNGULOS (4 studs, ±0.3°, erro 0.001),247,-5.069,0.1536,0.2241,155.3,161.1,171.8,165.4,-0.1361,-0.1117,-0.001539,-0.02344,1.448,1.471,1.495,1.473,-1235,-1.123,-1.546,99,0.2317,99,0.09602,0,0,0  -  Cliente - TelemetriaPulo:71
  23:13:27.015  TEL,18.5,7 MUITOS TRIÂNGULOS (4 studs, ±0.3°, erro 0.001),247.5,-4.333,-0.1239,0.5613,155.2,161,172.3,165.1,-0.2002,-0.1305,0.01033,-0.03923,1.388,1.454,1.507,1.457,-1235,-0.5617,-0.7462,99,0.2306,99,0.09511,0,0,0  -  Cliente - TelemetriaPulo:71
  23:13:27.015  TEL,18.51,7 MUITOS TRIÂNGULOS (4 studs, ±0.3°, erro 0.001),247.7,-3.649,-0.2301,0.4268,155.1,161,172.6,165.3,-0.2052,-0.1219,0.0174,-0.04455,1.384,1.462,1.514,1.452,-1238,-0.2981,-0.4015,99,0.2223,99,0.08623,0,0,0  -  Cliente - TelemetriaPulo:71
  23:13:27.015  TEL,18.51,7 MUITOS TRIÂNGULOS (4 studs, ±0.3°, erro 0.001),247.3,-4.833,-0.03597,0.9972,155,160.9,172.9,165.3,-0.2216,-0.1088,0.02176,-0.04921,1.368,1.474,1.518,1.447,-1238,-0.1382,-0.1391,99,0.2086,99,0.08537,0,0,0  -  Cliente - TelemetriaPulo:71
  23:13:27.015  TEL,18.52,7 MUITOS TRIÂNGULOS (4 studs, ±0.3°, erro 0.001),247.4,-5.004,-0.1158,0.9593,154.9,160.8,173.4,165.7,-0.2087,-0.07048,0.03187,-0.05899,1.38,1.51,1.528,1.437,-1237,0.2384,0.3558,99,0.1686,0.5676,0.07852,0,0,0  -  Cliente - TelemetriaPulo:71
  23:13:27.015  TEL,18.52,7 MUITOS TRIÂNGULOS (4 studs, ±0.3°, erro 0.001),247.5,-5.326,-0.1061,1.021,154.8,160.8,173.7,165.8,-0.1895,-0.04767,0.03455,-0.06393,1.398,1.532,1.531,1.432,-1237,0.3979,0.5275,99,0.147,0.5263,0.07526,0,0,0  -  Cliente - TelemetriaPulo:71
  23:13:27.015  TEL,18.53,7 MUITOS TRIÂNGULOS (4 studs, ±0.3°, erro 0.001),247.5,-5.934,-0.07153,1.225,154.8,160.7,173.9,165.9,-0.17,-0.02459,0.03477,-0.06905,1.417,1.553,1.531,1.427,-1237,0.534,0.651,99,0.1265,0.4836,0.07325,0,0,0  -  Cliente - TelemetriaPulo:71
  23:13:27.015  TEL,18.53,7 MUITOS TRIÂNGULOS (4 studs, ±0.3°, erro 0.001),247.4,-8.044,0.1283,1.405,154.6,160.6,174.5,166.3,-0.1318,0.0007577,0.03696,-0.07009,1.452,1.577,1.533,1.426,-1238,0.7899,0.8563,99,0.08902,0.3952,0.06372,0,0,0  -  Cliente - TelemetriaPulo:71
  23:13:27.015  TEL,18.54,7 MUITOS TRIÂNGULOS (4 studs, ±0.3°, erro 0.001),247.2,-9.384,0.2497,2.126,154.6,160.5,174.8,166.4,-0.1299,0.01014,0.02741,-0.1106,1.454,1.586,1.524,1.386,-1237,0.9084,0.9786,0.5882,0.07386,0.3505,0.1118,0,0,0  -  Cliente - TelemetriaPulo:71
  23:13:27.015  ===== fim =====  -  Cliente - TelemetriaPulo:72
  23:13:27.618  ##### PULO #6  trecho=7 MUITOS TRIÂNGULOS (4 studs, ±0.3°, erro 0.001)  vel=247  impulso no frame t=18.633 (ΔVy=25.9, assoalho=0, asa=0, rodas no chão antes=1)  -  Cliente - TelemetriaPulo:215
  23:13:27.618  ===== PULO #6 =====  -  Cliente - TelemetriaPulo:69
  23:13:27.618  TEL,t,trecho,vel,vyChassi,arfagem,rolagem,wFD,wFE,wTD,wTE,posFD,posFE,posTD,posTE,molaFD,molaFE,molaTD,molaTE,downforce,dirFD,dirFE,chaoFD,chaoFE,chaoTD,chaoTE,assoalho,asa,rodasNoChao  -  Cliente - TelemetriaPulo:70
  23:13:27.618  TEL,18.16,7 MUITOS TRIÂNGULOS (4 studs, ±0.3°, erro 0.001),246.5,5.249,0.7017,-1.513,165.1,165.3,166.4,167,0.07845,-0.1524,-0.1335,0.1048,1.652,1.433,1.363,1.601,-1233,-0.5862,-0.01753,0.1314,0.2372,0.4026,0.03744,0,0,1  -  Cliente - TelemetriaPulo:71
  23:13:27.618  TEL,18.16,7 MUITOS TRIÂNGULOS (4 studs, ±0.3°, erro 0.001),246.6,3.095,0.6773,-1.549,165.1,165.2,166.7,167.2,0.0575,-0.1333,-0.1145,0.1058,1.632,1.451,1.382,1.602,-1233,-0.8993,-0.1825,0.1722,0.1946,0.4436,0.05213,0,0,0  -  Cliente - TelemetriaPulo:71
  23:13:27.618  TEL,18.17,7 MUITOS TRIÂNGULOS (4 studs, ±0.3°, erro 0.001),246.7,-0.5007,0.6514,-1.566,164.9,165.1,167.2,167.8,-0.01288,-0.1029,-0.07776,0.07689,1.565,1.479,1.419,1.573,-1233,-1.455,-0.6009,0.2548,0.08817,0.5017,0.08649,0,0,0  -  Cliente - TelemetriaPulo:71
  23:13:27.618  TEL,18.17,7 MUITOS TRIÂNGULOS (4 studs, ±0.3°, erro 0.001),246.7,-1.774,0.6527,-1.563,164.8,165,167.5,168,-0.05534,-0.09058,-0.05844,0.05453,1.525,1.491,1.438,1.551,-1233,-1.672,-0.8231,0.2941,0.02819,0.5211,0.1032,0,0,1  -  Cliente - TelemetriaPulo:71
  23:13:27.618  TEL,18.18,7 MUITOS TRIÂNGULOS (4 studs, ±0.3°, erro 0.001),246.7,-2.761,0.655,-0.9132,164.8,165.1,167.7,168.3,-0.1071,-0.108,-0.04764,0.04042,1.476,1.476,1.449,1.537,-1234,-1.845,-1.091,0.3286,0.02472,0.5356,0.1166,0,0,1  -  Cliente - TelemetriaPulo:71
  23:13:27.618  TEL,18.18,7 MUITOS TRIÂNGULOS (4 studs, ±0.3°, erro 0.001),246.9,-1.977,0.3684,-0.4511,164.7,165.5,168.3,168.8,-0.1837,-0.1998,-0.03566,0.02064,1.404,1.388,1.461,1.517,-1234,-1.802,-0.6047,0.3762,0.03324,0.553,0.1384,0,0,1  -  Cliente - TelemetriaPulo:71
  23:13:27.618  TEL,18.19,7 MUITOS TRIÂNGULOS (4 studs, ±0.3°, erro 0.001),247.3,-0.8168,0.1538,-0.2483,164.6,165.6,168.5,169.1,-0.1946,-0.2058,-0.0309,0.01262,1.394,1.383,1.465,1.509,-1235,-1.609,-0.7266,0.3853,0.03293,0.5533,0.1442,0,0,1  -  Cliente - TelemetriaPulo:71
  23:13:27.618  TEL,18.2,7 MUITOS TRIÂNGULOS (4 studs, ±0.3°, erro 0.001),246.9,-1.41,0.1455,1.45,164.5,165.1,169.1,169.7,-0.2239,-0.3087,-0.03549,0.03662,1.366,1.291,1.461,1.533,-1236,-1.097,-1.394,0.369,0.1594,0.5398,0.1448,0,0,0  -  Cliente - TelemetriaPulo:71
  23:13:27.618  TEL,18.2,7 MUITOS TRIÂNGULOS (4 studs, ±0.3°, erro 0.001),246.5,-0.2153,-0.1095,1.546,164.4,164.5,169.4,169.9,-0.2217,-0.4156,-0.05361,0.05628,1.368,1.189,1.443,1.553,-1234,-0.6472,-0.6309,0.341,0.2647,0.5235,0.1444,0,0,0  -  Cliente - TelemetriaPulo:71
  23:13:27.618  TEL,18.21,7 MUITOS TRIÂNGULOS (4 studs, ±0.3°, erro 0.001),246.6,1.482,-0.3809,1.654,164.3,164.4,169.6,170.2,-0.1935,-0.4607,-0.06446,0.0683,1.395,1.149,1.432,1.565,-1233,-0.1379,-0.2145,0.3026,0.3446,0.4994,0.1448,0,0,0  -  Cliente - TelemetriaPulo:71
  23:13:27.618  TEL,18.21,7 MUITOS TRIÂNGULOS (4 studs, ±0.3°, erro 0.001),246.9,3.896,-0.826,2.058,164.2,164.2,170.1,170.7,-0.09105,-0.4321,-0.08136,0.0834,1.491,1.175,1.415,1.58,-1233,0.9855,1.034,0.2093,0.4332,0.4304,0.1542,0,0,0  -  Cliente - TelemetriaPulo:71
  23:13:27.618  TEL,18.22,7 MUITOS TRIÂNGULOS (4 studs, ±0.3°, erro 0.001),246.9,4.215,-0.9557,2.229,164.1,164.2,170.4,170.9,-0.03195,-0.3717,-0.08673,0.08614,1.547,1.23,1.41,1.583,-1234,1.57,1.739,0.1619,0.4466,0.3853,0.1639,0,0,0  -  Cliente - TelemetriaPulo:71
  23:13:27.618  TEL,18.22,7 MUITOS TRIÂNGULOS (4 studs, ±0.3°, erro 0.001),246.9,3.8,-1.009,2.321,164,164.1,170.6,171.1,0.02229,-0.2937,-0.08866,0.08473,1.598,1.301,1.408,1.581,-1235,2.141,2.422,0.1177,0.4444,0.3315,0.1751,0,0,0  -  Cliente - TelemetriaPulo:71
  23:13:27.618  TEL,18.23,7 MUITOS TRIÂNGULOS (4 studs, ±0.3°, erro 0.001),246.8,2.538,-0.9608,2.314,164,164.1,170.8,171.4,0.06395,-0.2105,-0.08546,0.07895,1.638,1.378,1.411,1.575,-1234,2.663,3.035,0.07944,0.4303,0.2681,0.1863,0,0,0  -  Cliente - TelemetriaPulo:71
  23:13:27.618  TEL,18.23,7 MUITOS TRIÂNGULOS (4 studs, ±0.3°, erro 0.001),246.4,-2.419,-0.581,2.114,163.9,164,171.3,171.9,0.08438,-0.07483,-0.06091,0.05663,1.657,1.506,1.435,1.553,-1234,3.425,3.933,0.02211,0.3845,0.1136,0.2029,0,0,1  -  Cliente - TelemetriaPulo:71
  23:13:27.619  TEL,18.24,7 MUITOS TRIÂNGULOS (4 studs, ±0.3°, erro 0.001),246.7,-3.812,-0.6948,1.5,164,163.9,171.6,172.1,0.06678,-0.02602,-0.04211,0.02651,1.64,1.552,1.454,1.523,-1232,3.671,4.13,0.02832,0.3603,0.02741,0.2084,0,0,2  -  Cliente - TelemetriaPulo:71
  23:13:27.619  TEL,18.24,7 MUITOS TRIÂNGULOS (4 studs, ±0.3°, erro 0.001),247.5,-5.896,-0.5114,0.1258,163.8,163.8,165.5,172.4,0.04033,-0.01413,-0.08857,-0.02107,1.616,1.563,1.408,1.475,-1234,3.261,4.025,0.0334,0.3374,0.02733,0.2092,0,0,2  -  Cliente - TelemetriaPulo:71
  23:13:27.619  TEL,18.25,7 MUITOS TRIÂNGULOS (4 studs, ±0.3°, erro 0.001),246.7,-4.498,0.4317,-0.1999,163.7,163.7,166.7,172.9,-0.02876,-0.02266,-0.1016,-0.01957,1.55,1.555,1.395,1.477,-1238,2.513,3.129,0.04858,0.2946,0.02536,0.1899,0,0,2  -  Cliente - TelemetriaPulo:71
  23:13:27.619  TEL,18.26,7 MUITOS TRIÂNGULOS (4 studs, ±0.3°, erro 0.001),246.6,-4.973,0.6117,-0.403,163.6,163.6,166.8,173.2,-0.0659,-0.04214,-0.09233,-0.002754,1.515,1.537,1.404,1.494,-1234,1.933,2.504,0.05348,0.2734,0.02632,0.1739,0,0,1  -  Cliente - TelemetriaPulo:71
  23:13:27.619  TEL,18.26,7 MUITOS TRIÂNGULOS (4 studs, ±0.3°, erro 0.001),246.7,-6.411,0.6126,-0.7436,163.5,163.5,167.1,173.7,-0.1241,-0.09426,-0.06422,0.02098,1.46,1.488,1.432,1.517,-1233,0.6396,1.157,0.04704,0.2227,0.01704,0.1313,0,0,2  -  Cliente - TelemetriaPulo:71
  23:13:27.619  TEL,18.27,7 MUITOS TRIÂNGULOS (4 studs, ±0.3°, erro 0.001),246.3,-6.802,0.5408,-2.863,163.4,163.4,165.6,174,-0.1099,-0.1448,-0.1407,-0.002868,1.473,1.44,1.356,1.494,-1233,-0.05715,0.574,0.03234,0.1895,0.1249,0.1063,0,0,1  -  Cliente - TelemetriaPulo:71
  23:13:27.619  TEL,18.27,7 MUITOS TRIÂNGULOS (4 studs, ±0.3°, erro 0.001),245.9,-3.507,1.082,-3.231,165.6,163.3,165.6,174.2,-0.1008,-0.1905,-0.1555,0.009664,1.481,1.397,1.341,1.506,-1232,-0.617,-0.2343,0.02364,0.1478,0.2134,0.07537,0,0,1  -  Cliente - TelemetriaPulo:71
  23:13:27.619  TEL,18.28,7 MUITOS TRIÂNGULOS (4 studs, ±0.3°, erro 0.001),245.7,-1.916,1.238,-3.085,165.8,163.2,165.8,174.5,-0.08522,-0.2206,-0.1467,0.03835,1.496,1.369,1.35,1.535,-1229,-1.309,-1.058,0.01259,0.09378,0.2904,0.04547,0,0,2  -  Cliente - TelemetriaPulo:71
  23:13:27.619  TEL,18.28,7 MUITOS TRIÂNGULOS (4 studs, ±0.3°, erro 0.001),246.7,-1.605,0.9515,-1.082,162.8,162.6,166.3,168.5,-0.2458,-0.2404,-0.1467,0.08518,1.346,1.354,1.35,1.582,-1228,-1.769,-2.418,0.1386,0.01936,0.4157,0.02688,0,0,2  -  Cliente - TelemetriaPulo:71
  23:13:27.619  TEL,18.29,7 MUITOS TRIÂNGULOS (4 studs, ±0.3°, erro 0.001),246.1,-0.3772,0.9744,-2.566,162.6,162.3,166.5,168.5,-0.3433,-0.3296,-0.1206,0.08738,1.256,1.267,1.376,1.584,-1234,-1.396,-1.692,0.2455,0.008243,0.4611,0.0344,0,0,2  -  Cliente - TelemetriaPulo:71
  23:13:27.619  TEL,18.29,7 MUITOS TRIÂNGULOS (4 studs, ±0.3°, erro 0.001),246.4,1.83,0.6253,-2.487,162.6,165.6,166.8,168.5,-0.4025,-0.3591,-0.08652,0.07456,1.202,1.245,1.41,1.571,-1230,-1.412,-2.564,0.3286,0.02001,0.498,0.04327,0,0,2  -  Cliente - TelemetriaPulo:71
  23:13:27.619  TEL,18.3,7 MUITOS TRIÂNGULOS (4 studs, ±0.3°, erro 0.001),246.6,6.298,-0.1473,-1.642,162.4,164.6,167.3,168.8,-0.4159,-0.4196,-0.04361,0.0544,1.19,1.186,1.453,1.551,-1232,-1.705,-2.263,0.4233,0.03142,0.5573,0.05904,0,0,1  -  Cliente - TelemetriaPulo:71
  23:13:27.619  TEL,18.31,7 MUITOS TRIÂNGULOS (4 studs, ±0.3°, erro 0.001),246.9,8.339,-0.4976,-0.6306,162.3,165.3,167.6,169.1,-0.3812,-0.4083,-0.04189,0.05554,1.221,1.201,1.454,1.552,-1233,-1.758,-2.469,0.438,0.07106,0.58,0.06502,0,0,0  -  Cliente - TelemetriaPulo:71
  23:13:27.619  TEL,18.31,7 MUITOS TRIÂNGULOS (4 studs, ±0.3°, erro 0.001),246.9,10.04,-0.8092,-0.6788,162.2,164.9,167.8,169.4,-0.3151,-0.3999,-0.04173,0.05323,1.282,1.204,1.455,1.55,-1235,-1.686,-1.68,0.4373,0.09248,0.5951,0.06977,0,0,0  -  Cliente - TelemetriaPulo:71
  23:13:27.619  TEL,18.32,7 MUITOS TRIÂNGULOS (4 studs, ±0.3°, erro 0.001),247.2,11.29,-1.044,-0.5275,162.1,164.8,168.1,169.7,-0.2234,-0.3419,-0.03876,0.04666,1.367,1.257,1.458,1.543,-1235,-1.559,-1.275,0.4265,0.09767,99,0.07371,0,0,0  -  Cliente - TelemetriaPulo:71
  23:13:27.619  TEL,18.32,7 MUITOS TRIÂNGULOS (4 studs, ±0.3°, erro 0.001),247.3,10.74,-1.203,0.009277,162,164.6,168.7,170.2,-0.03274,-0.168,-0.03967,0.0367,1.546,1.418,1.457,1.533,-1236,-1.091,-0.4371,0.3914,0.0692,99,0.07715,0,0,0  -  Cliente - TelemetriaPulo:71
  23:13:27.620  TEL,18.33,7 MUITOS TRIÂNGULOS (4 studs, ±0.3°, erro 0.001),246.5,5.353,-0.7578,0.4609,161.9,165.8,169.2,170.8,0.07949,-0.03522,-0.04015,0.03515,1.652,1.543,1.456,1.532,-1236,-0.4471,0.2078,0.3692,0.04619,0.5875,0.07242,0,0,1  -  Cliente - TelemetriaPulo:71
  23:13:27.620  TEL,18.33,7 MUITOS TRIÂNGULOS (4 studs, ±0.3°, erro 0.001),246.7,3.653,-0.8445,0.4633,161.8,165.7,169.5,171,0.1059,0.0026,-0.04623,0.02776,1.678,1.579,1.45,1.524,-1233,-0.0697,0.5534,0.3698,0.04786,0.5676,0.06764,0,0,1  -  Cliente - TelemetriaPulo:71
  23:13:27.620  TEL,18.34,7 MUITOS TRIÂNGULOS (4 studs, ±0.3°, erro 0.001),246.9,1.088,-0.6124,0.676,161.8,165.6,169.7,169,0.1031,0.02334,-0.04955,0.01493,1.675,1.599,1.447,1.511,-1233,0.3162,0.8183,0.3793,0.05291,0.5405,0.06963,0,0,0  -  Cliente - TelemetriaPulo:71
  23:13:27.620  TEL,18.35,7 MUITOS TRIÂNGULOS (4 studs, ±0.3°, erro 0.001),246.7,-1.097,-0.3554,0.6027,161.7,165.6,170,169.2,0.08035,0.0246,-0.04379,0.006462,1.653,1.6,1.453,1.503,-1234,0.6688,1.084,0.3989,0.06377,0.5038,0.0647,0,0,0  -  Cliente - TelemetriaPulo:71
  23:13:27.620  TEL,18.35,7 MUITOS TRIÂNGULOS (4 studs, ±0.3°, erro 0.001),246.9,-4.716,-0.02354,0.7584,161.6,165.4,170.5,167.3,-0.0197,-0.01078,-0.02297,-0.01432,1.558,1.567,1.473,1.482,-1234,1.259,1.435,0.4505,0.09514,0.4131,0.05877,0,0,0  -  Cliente - TelemetriaPulo:71
  23:13:27.620  TEL,18.36,7 MUITOS TRIÂNGULOS (4 studs, ±0.3°, erro 0.001),247.1,-5.836,0.05063,0.9424,161.6,165.4,170.8,166.1,-0.08269,-0.03659,-0.01113,-0.02551,1.498,1.542,1.485,1.471,-1235,1.44,1.506,0.4738,0.1106,0.3613,0.05718,0,0,0  -  Cliente - TelemetriaPulo:71
  23:13:27.620  TEL,18.36,7 MUITOS TRIÂNGULOS (4 studs, ±0.3°, erro 0.001),247.2,-6.387,0.01567,1.237,161.5,165.3,171.4,165.3,-0.1936,-0.07926,0.01046,-0.04486,1.394,1.502,1.507,1.452,-1235,1.446,1.451,0.4884,0.1246,0.2473,0.04888,0,0,1  -  Cliente - TelemetriaPulo:71
  23:13:27.620  TEL,18.37,7 MUITOS TRIÂNGULOS (4 studs, ±0.3°, erro 0.001),247.3,-5.857,-0.0687,1.256,161.4,165.2,171.6,165.5,-0.2277,-0.08692,0.01872,-0.05292,1.363,1.495,1.515,1.443,-1236,1.307,1.344,0.4782,0.1254,0.1873,0.04344,0,0,1  -  Cliente - TelemetriaPulo:71
  23:13:27.620  TEL,18.37,7 MUITOS TRIÂNGULOS (4 studs, ±0.3°, erro 0.001),247.3,-5.225,-0.1809,1.439,161.3,165.2,171.9,165.7,-0.2477,-0.08194,0.02378,-0.06153,1.344,1.499,1.52,1.435,-1236,1.081,1.175,0.4533,0.1221,0.1267,0.03873,0,0,1  -  Cliente - TelemetriaPulo:71
  23:13:27.620  TEL,18.38,7 MUITOS TRIÂNGULOS (4 studs, ±0.3°, erro 0.001),247.1,-5.7,-0.02611,1.62,161.3,165.1,172.2,165.8,-0.2613,-0.07732,0.03168,-0.06527,1.332,1.504,1.528,1.431,-1237,0.8037,1.004,0.4178,0.1162,0.06821,0.04152,0,0,1  -  Cliente - TelemetriaPulo:71
  23:13:27.620  TEL,18.38,7 MUITOS TRIÂNGULOS (4 studs, ±0.3°, erro 0.001),248.1,-5.786,-0.1454,2.257,161.1,165,167.4,166.3,-0.2508,-0.04807,-0.01559,-0.04977,1.341,1.531,1.481,1.447,-1235,0.3837,0.5199,0.3071,0.09899,0.002501,0.02406,0,0,2  -  Cliente - TelemetriaPulo:71
  23:13:27.620  TEL,18.39,7 MUITOS TRIÂNGULOS (4 studs, ±0.3°, erro 0.001),248,-4.694,0.05291,1.004,161,164.9,167.5,165.8,-0.2108,-0.04503,-0.04512,-0.05064,1.379,1.534,1.451,1.446,-1241,0.3406,0.3957,0.2322,0.08952,-0.004347,0.02442,0,0,2  -  Cliente - TelemetriaPulo:71
  23:13:27.620  TEL,18.39,7 MUITOS TRIÂNGULOS (4 studs, ±0.3°, erro 0.001),248,-3.912,0.3015,0.4201,161,164.8,167.1,165.5,-0.1607,-0.05189,-0.0613,-0.05337,1.425,1.528,1.435,1.443,-1240,0.07527,0.04948,0.1488,0.07769,-6.64e-05,0.0258,0,0,2  -  Cliente - TelemetriaPulo:71
  23:13:27.620  TEL,18.4,7 MUITOS TRIÂNGULOS (4 studs, ±0.3°, erro 0.001),246.4,-0.7655,1.425,-1.075,160.8,164.7,166,164.7,-0.0209,-0.1327,-0.1763,-0.03981,1.557,1.451,1.32,1.457,-1240,-1.236,-0.9677,-0.02742,0.04432,0.219,0.0261,0,0,3  -  Cliente - TelemetriaPulo:71
  23:13:27.620  TEL,18.41,7 MUITOS TRIÂNGULOS (4 studs, ±0.3°, erro 0.001),246,1.304,1.615,-0.08776,168,164.6,166.3,164.8,-0.07962,-0.1427,-0.1906,0.03031,1.503,1.442,1.306,1.527,-1232,-2.12,-1.543,-0.01055,0.01581,0.3035,0.02849,0,0,3  -  Cliente - TelemetriaPulo:71
  23:13:27.620  TEL,18.41,7 MUITOS TRIÂNGULOS (4 studs, ±0.3°, erro 0.001),245.3,0.7153,1.465,-3.076,157,163.3,166.8,165.4,-0.257,-0.2542,-0.1303,0.08923,1.335,1.337,1.366,1.586,-1230,-1.829,-1.228,0.1825,0.005119,0.4351,0.05623,0,0,1  -  Cliente - TelemetriaPulo:71
  23:13:27.621  TEL,18.42,7 MUITOS TRIÂNGULOS (4 studs, ±0.3°, erro 0.001),245.9,3.275,0.829,-3.406,156.5,165.2,167,165.6,-0.3908,-0.2944,-0.08269,0.06563,1.213,1.303,1.414,1.562,-1227,-3.457,-2.052,0.3457,0.01144,0.4899,0.07585,0,0,1  -  Cliente - TelemetriaPulo:71
  23:13:27.621  TEL,18.42,7 MUITOS TRIÂNGULOS (4 studs, ±0.3°, erro 0.001),245.5,3.897,0.7765,-3.182,156.4,165,167.3,165.9,-0.4888,-0.3644,-0.0411,0.05615,1.125,1.236,1.455,1.553,-1229,-4.362,-2.22,0.4849,0.02047,0.5387,0.0924,0,0,1  -  Cliente - TelemetriaPulo:71
  23:13:27.621  TEL,18.43,7 MUITOS TRIÂNGULOS (4 studs, ±0.3°, erro 0.001),246.2,6.269,0.2693,-2.683,156.3,163.7,167.5,166.1,-0.5387,-0.3834,-0.01323,0.04236,1.08,1.22,1.483,1.539,-1228,-5.187,-2.768,0.5966,0.03031,0.5837,0.1039,0,0,1  -  Cliente - TelemetriaPulo:71
  23:13:27.621  TEL,18.43,7 MUITOS TRIÂNGULOS (4 studs, ±0.3°, erro 0.001),246.9,8.757,-0.1957,-2.167,156.2,163.2,167.7,166.4,-0.5424,-0.3716,0.0001842,0.03077,1.076,1.231,1.497,1.527,-1231,-5.807,-3.246,99,0.03794,99,0.1127,0,0,1  -  Cliente - TelemetriaPulo:71
  23:13:27.621  TEL,18.44,7 MUITOS TRIÂNGULOS (4 studs, ±0.3°, erro 0.001),248,12.93,-0.8929,-1.502,156.1,162.7,168.2,166.9,-0.4301,-0.2904,0.004184,0.01445,1.177,1.304,1.501,1.511,-1235,-6.332,-4.101,99,0.05217,99,0.1208,0,0,0  -  Cliente - TelemetriaPulo:71
  23:13:27.621  TEL,18.44,7 MUITOS TRIÂNGULOS (4 studs, ±0.3°, erro 0.001),248.4,14.02,-1.102,-1.188,156,162.3,168.5,167.1,-0.3308,-0.2281,-0.0006378,0.01123,1.267,1.362,1.496,1.508,-1240,-6.229,-4.55,99,0.06119,99,0.1214,0,0,0  -  Cliente - TelemetriaPulo:71
  23:13:27.621  TEL,18.45,7 MUITOS TRIÂNGULOS (4 studs, ±0.3°, erro 0.001),248.5,14.19,-1.21,-0.9712,155.9,162.1,168.8,167.4,-0.219,-0.1653,-0.007666,0.01068,1.371,1.42,1.489,1.507,-1242,-5.922,-4.863,99,0.06995,99,0.1188,0,0,0  -  Cliente - TelemetriaPulo:71
  23:13:27.621  TEL,18.46,7 MUITOS TRIÂNGULOS (4 studs, ±0.3°, erro 0.001),248.2,11.38,-1.064,-0.7276,155.7,161.8,169.3,167.9,-0.008481,-0.04267,-0.01772,0.0109,1.569,1.536,1.479,1.507,-1243,-4.958,-5.587,99,0.0865,99,0.1053,0,0,0  -  Cliente - TelemetriaPulo:71
  23:13:27.621  TEL,18.46,7 MUITOS TRIÂNGULOS (4 studs, ±0.3°, erro 0.001),247.5,8.186,-0.7843,-0.575,155.7,161.7,169.6,168.2,0.05858,-0.0009222,-0.021,0.01548,1.632,1.576,1.475,1.512,-1241,-4.449,-5.677,99,0.09373,99,0.09431,0,0,0  -  Cliente - TelemetriaPulo:71
  23:13:27.621  TEL,18.47,7 MUITOS TRIÂNGULOS (4 studs, ±0.3°, erro 0.001),247.6,3.59,-0.6453,0.008164,155.6,161.6,170.1,165.7,0.1083,0.04461,-0.04113,0.004865,1.68,1.619,1.455,1.501,-1238,-3.401,-5.157,99,0.1148,99,0.09351,0,0,0  -  Cliente - TelemetriaPulo:71
  23:13:27.621  TEL,18.47,7 MUITOS TRIÂNGULOS (4 studs, ±0.3°, erro 0.001),247.2,1.342,-0.3452,0.08104,155.5,161.5,170.4,165.5,0.09991,0.04424,-0.04442,-0.002704,1.672,1.619,1.452,1.494,-1238,-2.923,-4.605,99,0.133,99,0.09457,0,0,0  -  Cliente - TelemetriaPulo:71
  23:13:27.621  TEL,18.48,7 MUITOS TRIÂNGULOS (4 studs, ±0.3°, erro 0.001),246.9,-0.7416,-0.09178,-0.007324,155.5,161.4,170.7,165.6,0.07255,0.02352,-0.03878,-0.006151,1.646,1.599,1.458,1.49,-1236,-2.497,-3.946,99,0.1563,99,0.09448,0,0,0  -  Cliente - TelemetriaPulo:71
  23:13:27.621  TEL,18.48,7 MUITOS TRIÂNGULOS (4 studs, ±0.3°, erro 0.001),246.8,-4.016,0.1652,0.1645,155.4,161.3,171.2,165.4,-0.02853,-0.04567,-0.02119,-0.0138,1.55,1.534,1.475,1.483,-1235,-1.781,-2.654,99,0.2042,99,0.09309,0,0,0  -  Cliente - TelemetriaPulo:71
  23:13:27.621  TEL,18.49,7 MUITOS TRIÂNGULOS (4 studs, ±0.3°, erro 0.001),246.9,-4.906,0.1931,0.3467,155.3,161.2,171.5,165.2,-0.08763,-0.08067,-0.01283,-0.01936,1.494,1.501,1.484,1.477,-1234,-1.454,-2.083,99,0.2215,99,0.09668,0,0,0  -  Cliente - TelemetriaPulo:71
  23:13:27.621  TEL,18.49,7 MUITOS TRIÂNGULOS (4 studs, ±0.3°, erro 0.001),247,-5.069,0.1536,0.2241,155.3,161.1,171.8,165.4,-0.1361,-0.1117,-0.001539,-0.02344,1.448,1.471,1.495,1.473,-1235,-1.123,-1.546,99,0.2317,99,0.09602,0,0,0  -  Cliente - TelemetriaPulo:71
  23:13:27.621  TEL,18.5,7 MUITOS TRIÂNGULOS (4 studs, ±0.3°, erro 0.001),247.5,-4.333,-0.1239,0.5613,155.2,161,172.3,165.1,-0.2002,-0.1305,0.01033,-0.03923,1.388,1.454,1.507,1.457,-1235,-0.5617,-0.7462,99,0.2306,99,0.09511,0,0,0  -  Cliente - TelemetriaPulo:71
  23:13:27.621  TEL,18.51,7 MUITOS TRIÂNGULOS (4 studs, ±0.3°, erro 0.001),247.7,-3.649,-0.2301,0.4268,155.1,161,172.6,165.3,-0.2052,-0.1219,0.0174,-0.04455,1.384,1.462,1.514,1.452,-1238,-0.2981,-0.4015,99,0.2223,99,0.08623,0,0,0  -  Cliente - TelemetriaPulo:71
  23:13:27.621  TEL,18.51,7 MUITOS TRIÂNGULOS (4 studs, ±0.3°, erro 0.001),247.3,-4.833,-0.03597,0.9972,155,160.9,172.9,165.3,-0.2216,-0.1088,0.02176,-0.04921,1.368,1.474,1.518,1.447,-1238,-0.1382,-0.1391,99,0.2086,99,0.08537,0,0,0  -  Cliente - TelemetriaPulo:71
  23:13:27.622  TEL,18.52,7 MUITOS TRIÂNGULOS (4 studs, ±0.3°, erro 0.001),247.4,-5.004,-0.1158,0.9593,154.9,160.8,173.4,165.7,-0.2087,-0.07048,0.03187,-0.05899,1.38,1.51,1.528,1.437,-1237,0.2384,0.3558,99,0.1686,0.5676,0.07852,0,0,0  -  Cliente - TelemetriaPulo:71
  23:13:27.622  TEL,18.52,7 MUITOS TRIÂNGULOS (4 studs, ±0.3°, erro 0.001),247.5,-5.326,-0.1061,1.021,154.8,160.8,173.7,165.8,-0.1895,-0.04767,0.03455,-0.06393,1.398,1.532,1.531,1.432,-1237,0.3979,0.5275,99,0.147,0.5263,0.07526,0,0,0  -  Cliente - TelemetriaPulo:71
  23:13:27.622  TEL,18.53,7 MUITOS TRIÂNGULOS (4 studs, ±0.3°, erro 0.001),247.5,-5.934,-0.07153,1.225,154.8,160.7,173.9,165.9,-0.17,-0.02459,0.03477,-0.06905,1.417,1.553,1.531,1.427,-1237,0.534,0.651,99,0.1265,0.4836,0.07325,0,0,0  -  Cliente - TelemetriaPulo:71
  23:13:27.622  TEL,18.53,7 MUITOS TRIÂNGULOS (4 studs, ±0.3°, erro 0.001),247.4,-8.044,0.1283,1.405,154.6,160.6,174.5,166.3,-0.1318,0.0007577,0.03696,-0.07009,1.452,1.577,1.533,1.426,-1238,0.7899,0.8563,99,0.08902,0.3952,0.06372,0,0,0  -  Cliente - TelemetriaPulo:71
  23:13:27.622  TEL,18.54,7 MUITOS TRIÂNGULOS (4 studs, ±0.3°, erro 0.001),247.2,-9.384,0.2497,2.126,154.6,160.5,174.8,166.4,-0.1299,0.01014,0.02741,-0.1106,1.454,1.586,1.524,1.386,-1237,0.9084,0.9786,0.5882,0.07386,0.3505,0.1118,0,0,0  -  Cliente - TelemetriaPulo:71
  23:13:27.622  TEL,18.54,7 MUITOS TRIÂNGULOS (4 studs, ±0.3°, erro 0.001),246.9,-9.327,0.6496,2.319,154.5,160.5,175,166.6,-0.129,0.01,0.03422,-0.1138,1.455,1.586,1.531,1.383,-1236,1.112,1.181,0.5129,0.06231,0.3029,0.1421,0,0,0  -  Cliente - TelemetriaPulo:71
  23:13:27.622  TEL,18.56,7 MUITOS TRIÂNGULOS (4 studs, ±0.3°, erro 0.001),247.2,-12.68,0.6837,2.143,154.3,161.3,176,167.6,-0.1079,-0.04028,0.05087,-0.06494,1.475,1.539,1.547,1.431,-1234,1.934,1.738,0.1502,0.02956,0.1019,0.1654,0,0,1  -  Cliente - TelemetriaPulo:71
  23:13:27.622  TEL,18.57,7 MUITOS TRIÂNGULOS (4 studs, ±0.3°, erro 0.001),248.5,-15.22,0.518,-0.3782,164.2,163.7,167.9,168.4,-0.1864,-0.1843,-0.01516,-0.06317,1.4,1.404,1.481,1.433,-1236,3.81,1.146,-0.01078,0.0242,0.0155,0.1175,0,0,3  -  Cliente - TelemetriaPulo:71
  23:13:27.622  TEL,18.63,7 MUITOS TRIÂNGULOS (4 studs, ±0.3°, erro 0.001),248.2,10.73,-1.308,-0.8037,163.9,165.8,165.8,165.8,-0.2184,-0.09332,0.01545,-0.03934,1.371,1.488,1.512,1.457,-1243,-2.17,-1.19,0.4639,0.02138,0.3162,0.05584,0,0,1  -  Cliente - TelemetriaPulo:71
  23:13:27.622  TEL,18.64,7 MUITOS TRIÂNGULOS (4 studs, ±0.3°, erro 0.001),248.1,8.841,-1.077,-0.691,163.7,165.6,166.3,165.8,-0.1041,0.02493,0.03703,-0.07056,1.478,1.6,1.533,1.426,-1241,-2.131,-2.148,0.5187,0.03107,0.3159,0.06086,0,0,1  -  Cliente - TelemetriaPulo:71
  23:13:27.622  TEL,18.64,7 MUITOS TRIÂNGULOS (4 studs, ±0.3°, erro 0.001),247.7,6.523,-0.8218,-0.5254,163.7,165.5,166.6,165.7,-0.06815,0.05555,0.04637,-0.07909,1.512,1.63,1.543,1.417,-1240,-2.037,-2.32,0.542,0.04301,0.3146,0.06255,0,0,1  -  Cliente - TelemetriaPulo:71
  23:13:27.622  TEL,18.65,7 MUITOS TRIÂNGULOS (4 studs, ±0.3°, erro 0.001),247.7,3.172,-0.746,-0.2574,163.6,165.4,167.1,165.8,-0.0349,0.07189,0.04803,-0.09333,1.544,1.645,1.544,1.403,-1239,-1.657,-2.275,0.5811,0.08181,0.31,0.0572,0,0,0  -  Cliente - TelemetriaPulo:71
  23:13:27.622   ▶ TEL,18.66,7 MUITOS TRIÂNGULOS (4 studs, ±0.3°, erro 0.001),247.5,1.695,-0.5049,-0.1063,163.5,165.3,167.4,165.9,-0.03233,0.06243,0.04654,-0.1038,1.546,1.636,1.543,1.393,-1238,-1.381,-2.077,0.5984,0.1061,0.3064,0.0577,0,0,0 (x2)  -  Cliente - TelemetriaPulo:71
  23:13:27.622  TEL,18.66,7 MUITOS TRIÂNGULOS (4 studs, ±0.3°, erro 0.001),247.2,-0.7352,-0.1184,0.5277,163.4,165.2,167.9,165.9,-0.06844,0.01477,0.04334,-0.1023,1.512,1.591,1.54,1.394,-1237,-0.6955,-1.383,99,0.1662,0.2953,0.05801,0,0,0  -  Cliente - TelemetriaPulo:71
  23:13:27.622  TEL,18.67,7 MUITOS TRIÂNGULOS (4 studs, ±0.3°, erro 0.001),246.7,-1.624,-0.01527,2.259,163.4,165.1,168.2,165.6,-0.1229,0.00634,0.01741,-0.1689,1.46,1.583,1.514,1.328,-1236,-0.3145,-0.83,99,0.199,0.2875,0.1545,0,0,0  -  Cliente - TelemetriaPulo:71
  23:13:27.622  TEL,18.67,7 MUITOS TRIÂNGULOS (4 studs, ±0.3°, erro 0.001),246.3,0.854,0.5389,2.514,163.3,165,168.5,165.6,-0.1633,-0.00301,0.02523,-0.1745,1.423,1.574,1.522,1.322,-1234,0.342,-0.05353,99,0.2325,0.2746,0.2273,0,0,0  -  Cliente - TelemetriaPulo:71
  23:13:27.622  TEL,18.68,7 MUITOS TRIÂNGULOS (4 studs, ±0.3°, erro 0.001),246.3,1.661,0.699,1.941,163.2,164.8,169,166.1,-0.2235,-0.03514,0.07933,-0.1394,1.367,1.544,1.576,1.357,-1232,1.811,1.539,99,0.2994,0.2477,0.3344,0,0,0  -  Cliente - TelemetriaPulo:71
  23:13:27.622  TEL,18.68,7 MUITOS TRIÂNGULOS (4 studs, ±0.3°, erro 0.001),246.5,1.191,0.5264,1.773,163.1,164.8,169.2,166.4,-0.2269,-0.05002,0.09569,-0.1218,1.364,1.529,1.592,1.375,-1232,2.465,2.21,0.5958,0.3304,0.2368,0.3708,0,0,0  -  Cliente - TelemetriaPulo:71
  23:13:27.622  TEL,18.69,7 MUITOS TRIÂNGULOS (4 studs, ±0.3°, erro 0.001),246.7,0.6106,0.3325,1.682,163,164.7,169.5,166.6,-0.2157,-0.06084,0.09967,-0.1074,1.374,1.519,1.596,1.389,-1232,3.036,2.783,0.5554,0.3587,0.2291,0.3988,0,0,0  -  Cliente - TelemetriaPulo:71
  23:13:27.623  TEL,18.7,7 MUITOS TRIÂNGULOS (4 studs, ±0.3°, erro 0.001),246.6,-1.744,0.3077,1.603,162.8,164.5,170,167.1,-0.1721,-0.08229,0.0838,-0.07599,1.415,1.499,1.58,1.42,-1233,3.932,3.714,0.4471,0.406,0.2188,0.4302,0,0,0  -  Cliente - TelemetriaPulo:71
  23:13:27.623  TEL,18.7,7 MUITOS TRIÂNGULOS (4 studs, ±0.3°, erro 0.001),246.6,-2.696,0.2169,1.572,162.7,164.4,170.3,167.4,-0.1454,-0.09439,0.06684,-0.05974,1.44,1.488,1.563,1.437,-1233,4.294,4.094,0.3818,0.4236,0.2144,0.4366,0,0,0  -  Cliente - TelemetriaPulo:71
  23:13:27.623  TEL,18.71,7 MUITOS TRIÂNGULOS (4 studs, ±0.3°, erro 0.001),246.7,-3.551,0.1694,1.53,162.6,164.4,170.5,167.7,-0.1153,-0.1044,0.04632,-0.04423,1.468,1.478,1.543,1.452,-1233,4.629,4.435,0.3113,0.4362,0.2085,0.4378,0,0,0  -  Cliente - TelemetriaPulo:71
  23:13:27.623  TEL,18.71,7 MUITOS TRIÂNGULOS (4 studs, ±0.3°, erro 0.001),246.7,-5.355,0.1755,1.436,162.5,164.3,171,168.2,-0.05508,-0.121,0.006111,-0.01384,1.525,1.463,1.502,1.483,-1233,5.274,5.065,0.1616,0.445,0.1827,0.4268,0,0,0  -  Cliente - TelemetriaPulo:71
  23:13:27.623  TEL,18.72,7 MUITOS TRIÂNGULOS (4 studs, ±0.3°, erro 0.001),246.7,-6.461,0.2144,1.395,162.4,164.2,171.3,168.5,-0.03087,-0.1291,-0.01016,0.0005345,1.548,1.455,1.486,1.497,-1234,5.601,5.382,0.08576,0.4403,0.1592,0.4122,0,0,0  -  Cliente - TelemetriaPulo:71
  23:13:27.623  TEL,18.72,7 MUITOS TRIÂNGULOS (4 studs, ±0.3°, erro 0.001),246.7,-7.684,0.2593,1.359,162.4,164.2,171.6,168.7,-0.01321,-0.1375,-0.02313,0.01323,1.564,1.447,1.473,1.51,-1234,5.937,5.714,0.01089,0.429,0.1305,0.3955,0,0,1  -  Cliente - TelemetriaPulo:71
  23:13:27.623  TEL,18.73,FIM (volte e repita em outra velocidade),245.9,-9.748,0.2793,0.3023,162.2,164.1,172.1,169.2,-0.09505,-0.1897,-0.0003147,-0.007747,1.488,1.398,1.496,1.489,-1234,4.595,6.218,0.002073,0.3807,0.05834,0.3561,0,0,1  -  Cliente - TelemetriaPulo:71
  23:13:27.623  TEL,18.73,FIM (volte e repita em outra velocidade),246.2,-9.433,0.1246,0.1556,163.3,164,172.4,169.5,-0.1572,-0.1907,0.004606,-0.01407,1.429,1.397,1.501,1.482,-1229,4.588,6.379,0.01919,0.3413,0.01838,0.3307,0,0,2  -  Cliente - TelemetriaPulo:71
  23:13:27.623  TEL,18.74,FIM (volte e repita em outra velocidade),247.7,-8.649,-0.06995,-0.8561,163.3,164,165.7,169.8,-0.1761,-0.1883,-0.01862,-0.03482,1.411,1.4,1.478,1.462,-1231,4.896,6.426,0.01749,0.2919,0.01572,0.2996,0,0,2  -  Cliente - TelemetriaPulo:71
  23:13:27.623  TEL,18.74,FIM (volte e repita em outra velocidade),247.8,-6.76,0.005671,-1.021,163.3,163.9,165.8,170.1,-0.1826,-0.1738,-0.03652,-0.03985,1.405,1.413,1.46,1.457,-1239,5.197,6.329,0.01406,0.2334,0.02007,0.261,0,0,2  -  Cliente - TelemetriaPulo:71
  23:13:27.623  TEL,18.75,FIM (volte e repita em outra velocidade),247.5,-6.275,0.2155,-1.715,163.3,163.8,165.7,170.6,-0.1916,-0.1468,-0.01173,-0.02832,1.397,1.438,1.485,1.468,-1239,5.143,5.73,0.004804,0.09343,0.0129,0.1667,0,0,2  -  Cliente - TelemetriaPulo:71
  23:13:27.623  TEL,18.76,FIM (volte e repita em outra velocidade),247.5,-6.538,0.1377,-1.973,163.5,163.8,165.6,170.8,-0.1903,-0.1262,0.001011,-0.02519,1.398,1.458,1.497,1.471,-1237,4.903,5.244,-0.0004033,0.01394,0.007387,0.113,0,0,3  -  Cliente - TelemetriaPulo:71
  23:13:27.623  TEL,18.76,FIM (volte e repita em outra velocidade),247.5,-7.736,-0.001533,-3.195,164,166.8,165.8,171.3,-0.1681,-0.2536,0.03408,-0.04139,1.418,1.335,1.53,1.455,-1238,4.131,4.284,-0.01285,-0.04082,-0.007171,-0.008094,0,0,4  -  Cliente - TelemetriaPulo:71
  23:13:27.623  TEL,18.77,FIM (volte e repita em outra velocidade),248.1,-7.032,-0.1753,0.2555,164.2,165.1,166,168.4,-0.1972,-0.2181,0.0004806,-0.08198,1.391,1.373,1.497,1.414,-1237,3.612,1.806,-0.007029,-0.04257,-0.007975,-0.006572,0,0,4  -  Cliente - TelemetriaPulo:71
  23:13:27.623  TEL,18.77,FIM (volte e repita em outra velocidade),247.4,-4.187,0.07582,0.3147,164.8,164.9,166,168,-0.218,-0.2632,-0.02336,-0.0868,1.372,1.329,1.473,1.41,-1241,3.261,1.575,-0.007703,-0.02921,-0.007497,-0.008062,0,0,4  -  Cliente - TelemetriaPulo:71
  23:13:27.623  TEL,18.78,FIM (volte e repita em outra velocidade),247.2,-1.472,0.1731,0.4957,165.1,165.2,165.9,167.9,-0.2364,-0.2587,-0.02709,-0.07784,1.355,1.334,1.469,1.419,-1237,2.966,1.108,-0.008709,-0.03374,-0.008679,-0.009205,0,0,4  -  Cliente - TelemetriaPulo:71
  23:13:27.624  TEL,18.78,FIM (volte e repita em outra velocidade),246.9,1.627,0.07501,0.4895,165.6,167.1,165.6,167.8,-0.2476,-0.2356,-0.02276,-0.04044,1.344,1.355,1.474,1.456,-1236,2.472,0.8105,-0.01115,-0.03778,-0.0119,-0.01234,0,0,4  -  Cliente - TelemetriaPulo:71
  23:13:27.624  TEL,18.79,FIM (volte e repita em outra velocidade),246.9,2.411,-0.04682,0.3842,165.6,168.5,165.4,167.6,-0.2407,-0.2178,-0.01961,-0.02544,1.351,1.372,1.477,1.471,-1234,2.239,0.8012,-0.01239,-0.03934,-0.01306,-0.01344,0,0,4  -  Cliente - TelemetriaPulo:71
  23:13:27.624  TEL,18.79,FIM (volte e repita em outra velocidade),247,2.877,-0.1697,0.296,165.6,168,165.2,167.4,-0.2277,-0.1952,-0.01816,-0.01513,1.363,1.393,1.478,1.481,-1235,2.006,1.051,-0.01348,-0.04074,-0.01393,-0.01427,0,0,4  -  Cliente - TelemetriaPulo:71
  23:13:27.624  TEL,18.8,FIM (volte e repita em outra velocidade),247.2,3.245,-0.3225,-0.1278,165,169,165,167,-0.1749,-0.1582,-0.01707,-0.03208,1.412,1.428,1.479,1.464,-1235,1.378,1.448,-0.01835,-0.04466,-0.003581,-0.003611,0,0,4  -  Cliente - TelemetriaPulo:71
  23:13:27.624  TEL,18.81,FIM (volte e repita em outra velocidade),247.3,3.358,-0.3078,-0.06703,166.2,169.4,165,166.5,-0.1493,-0.1433,-0.01848,-0.03026,1.436,1.441,1.478,1.466,-1236,1.257,1.591,-0.0193,-0.04392,-0.0009747,-0.003569,0,0,4  -  Cliente - TelemetriaPulo:71
  23:13:27.624  TEL,18.81,FIM (volte e repita em outra velocidade),247.5,3.121,-0.27,0.1031,165.4,168.3,164.9,166.5,-0.1211,-0.1308,-0.01535,-0.03226,1.463,1.453,1.481,1.464,-1237,0.8899,1.69,-0.008182,-0.01431,0.00105,0.0005389,0,0,4  -  Cliente - TelemetriaPulo:71
  23:13:27.624  TEL,18.82,FIM (volte e repita em outra velocidade),247.6,2.725,-0.2347,0.09176,165.4,167.7,164.9,166.4,-0.1115,-0.117,-0.01492,-0.02852,1.472,1.466,1.481,1.468,-1237,0.8032,1.902,-0.002013,-0.01367,0.0006806,0.0004364,0,0,4  -  Cliente - TelemetriaPulo:71
  23:13:27.624  TEL,18.82,FIM (volte e repita em outra velocidade),247.8,2.212,-0.2015,0.07034,165.3,167.7,165,166.5,-0.09715,-0.1109,-0.01449,-0.02757,1.485,1.472,1.482,1.469,-1238,0.7679,1.887,-0.001722,-0.003759,0.0006658,0.0007039,0,0,4  -  Cliente - TelemetriaPulo:71
  23:13:27.624  TEL,18.83,FIM (volte e repita em outra velocidade),247.9,1.613,-0.1509,0.1635,165.3,167.2,165.1,166.5,-0.08832,-0.0946,-0.01496,-0.02565,1.493,1.487,1.481,1.471,-1239,0.7665,1.865,-0.0008277,-0.00478,0.0005076,0.0006144,0,0,4  -  Cliente - TelemetriaPulo:71
  23:13:27.624  TEL,18.83,FIM (volte e repita em outra velocidade),248,-0.03379,-0.006099,0.2032,165.3,167,165.3,166.5,-0.08821,-0.08213,-0.01957,-0.01916,1.493,1.499,1.477,1.477,-1239,0.7139,1.855,-0.0007172,-0.005936,-0.0006332,-0.0005417,0,0,4  -  Cliente - TelemetriaPulo:71
  23:13:27.624  TEL,18.84,FIM (volte e repita em outra velocidade),248,-0.7949,0.06108,0.1516,165.4,166.9,165.4,166.5,-0.09564,-0.0841,-0.02126,-0.01728,1.486,1.497,1.475,1.479,-1240,0.7239,1.801,0.0006281,-0.006437,-0.00176,-0.001004,0,0,4  -  Cliente - TelemetriaPulo:71
  23:13:27.624  TEL,18.84,FIM (volte e repita em outra velocidade),248.1,-1.398,0.1111,-0.2242,165.4,166.7,165.3,166.4,-0.09715,-0.09905,-0.01932,-0.02229,1.485,1.483,1.477,1.474,-1240,0.6595,1.675,-0.00281,-0.005923,-0.001147,-0.0008034,0,0,4  -  Cliente - TelemetriaPulo:71
  23:13:27.624  TEL,18.85,FIM (volte e repita em outra velocidade),248.2,-1.636,0.1256,-0.006901,165.8,166.4,165.7,166.7,-0.1215,-0.1174,-0.02369,-0.0246,1.462,1.466,1.473,1.472,-1241,0.549,1.212,-0.001267,-0.008279,-0.0004506,-0.0004581,0,0,4  -  Cliente - TelemetriaPulo:71
  23:13:27.624  TEL,18.86,FIM (volte e repita em outra velocidade),248.4,-1.509,0.139,0.09307,165.8,165.8,165.8,166.7,-0.1327,-0.1218,-0.0248,-0.02477,1.452,1.462,1.472,1.472,-1241,0.5386,0.9516,-0.0006968,-0.009761,-0.0006052,-0.0004679,0,0,4  -  Cliente - TelemetriaPulo:71
  23:13:27.624  TEL,18.86,FIM (volte e repita em outra velocidade),248.5,-1.005,0.1096,0.004104,166,165.9,165.8,166.6,-0.1492,-0.131,-0.02457,-0.02417,1.436,1.453,1.472,1.472,-1242,0.4186,0.4622,-0.001067,-0.01253,-0.0006473,-0.001006,0,0,4  -  Cliente - TelemetriaPulo:71
  23:13:27.624  TEL,18.87,FIM (volte e repita em outra velocidade),248.6,-0.782,0.08511,-0.01424,166.2,166.1,166,166.7,-0.1535,-0.1442,-0.02661,-0.02215,1.432,1.441,1.47,1.474,-1243,0.4251,0.4469,-0.0009102,-0.01147,-0.0006813,-0.001017,0,0,4  -  Cliente - TelemetriaPulo:71
  23:13:27.625  TEL,18.87,FIM (volte e repita em outra velocidade),248.5,-1.151,0.2112,-0.1009,166.1,166.2,165.9,166.5,-0.1638,-0.1578,-0.02086,-0.02126,1.422,1.428,1.476,1.475,-1243,0.307,0.1502,-0.0007616,-0.004585,0.0004361,-0.001052,0,0,4  -  Cliente - TelemetriaPulo:71
  23:13:27.625  TEL,18.88,FIM (volte e repita em outra velocidade),248.5,-1.02,0.1659,-0.01007,166.3,166.4,166,166.6,-0.1701,-0.1686,-0.01943,-0.01813,1.416,1.418,1.477,1.478,-1242,0.2853,0.06595,-0.001195,-0.002118,0.0003999,-0.0006529,0,0,4  -  Cliente - TelemetriaPulo:71
  23:13:27.625  TEL,18.88,FIM (volte e repita em outra velocidade),248.6,-0.6558,0.03339,-0.007366,166.4,166.3,166.3,166.3,-0.1807,-0.1787,-0.01775,-0.01763,1.407,1.408,1.479,1.479,-1242,0.1422,0.005021,-0.0009485,-0.001719,-0.001422,-0.0005443,0,0,4  -  Cliente - TelemetriaPulo:71
  23:13:27.625  TEL,18.89,FIM (volte e repita em outra velocidade),248.6,-0.237,-0.005074,-0.0639,166.4,166.3,166.3,166.3,-0.1829,-0.1821,-0.01828,-0.01945,1.405,1.405,1.478,1.477,-1243,0.0193,0.01626,-0.0003695,-0.001102,-0.0008578,-0.001186,0,0,4  -  Cliente - TelemetriaPulo:71
  23:13:27.625  TEL,18.89,FIM (volte e repita em outra velocidade),248.7,0.2017,-0.04264,0.04742,166.5,166.3,166.4,166.2,-0.1792,-0.181,-0.021,-0.01951,1.408,1.406,1.475,1.477,-1243,-0.007214,0.02623,-0.001379,-0.0005554,-0.0006317,-0.0007004,0,0,4  -  Cliente - TelemetriaPulo:71
  23:13:27.625  TEL,18.9,FIM (volte e repita em outra velocidade),248.9,0.8863,-0.1036,0.1272,166.6,166.3,166.5,166.3,-0.1717,-0.1689,-0.0235,-0.01789,1.415,1.417,1.473,1.478,-1243,-0.1019,0.03082,-0.0007178,-0.0005347,-0.001946,-0.0008246,0,0,4  -  Cliente - TelemetriaPulo:71
  23:13:27.625  TEL,18.91,FIM (volte e repita em outra velocidade),248.9,1.155,-0.1218,-0.06207,166.6,166.2,166.6,166.4,-0.1639,-0.1606,-0.02297,-0.02017,1.422,1.425,1.473,1.476,-1244,-0.1279,-0.01926,-0.0003903,-0.0005656,-0.0008556,-0.0004208,0,0,4  -  Cliente - TelemetriaPulo:71
  23:13:27.625  TEL,18.91,FIM (volte e repita em outra velocidade),249,1.304,-0.1269,-0.1614,166.6,166.3,166.5,166.4,-0.1524,-0.1549,-0.02123,-0.02142,1.433,1.431,1.475,1.475,-1245,-0.1353,-0.04532,-0.0005037,-0.001122,-0.0001678,-0.00103,0,0,4  -  Cliente - TelemetriaPulo:71
  23:13:27.625  TEL,18.92,FIM (volte e repita em outra velocidade),249.1,1.232,-0.1221,0.06571,166.6,166.3,166.5,166.5,-0.1349,-0.1376,-0.02029,-0.02195,1.45,1.447,1.476,1.474,-1245,-0.1582,-0.1501,-0.0008055,-0.0009276,-2.73e-05,-0.0005461,0,0,4  -  Cliente - TelemetriaPulo:71
  23:13:27.625  TEL,18.92,FIM (volte e repita em outra velocidade),249.2,1.064,-0.1091,0.1391,166.6,166.3,166.6,166.4,-0.1304,-0.1269,-0.02134,-0.02006,1.454,1.457,1.475,1.476,-1246,-0.1165,-0.181,0.0005022,-0.001115,-0.0004896,-0.0005201,0,0,4  -  Cliente - TelemetriaPulo:71
  23:13:27.625  TEL,18.93,FIM (volte e repita em outra velocidade),249.2,0.4709,-0.06328,-0.1562,166.8,166.5,166.7,166.5,-0.1156,-0.1217,-0.01855,-0.02371,1.468,1.462,1.478,1.473,-1246,-0.113,-0.1503,-0.002159,-0.0008239,-0.0008467,-0.001137,0,0,4  -  Cliente - TelemetriaPulo:71
  23:13:27.625  TEL,18.93,FIM (volte e repita em outra velocidade),249.2,0.1872,-0.03099,0.05779,166.8,166.5,166.7,166.6,-0.1169,-0.1192,-0.01863,-0.0241,1.466,1.464,1.478,1.472,-1246,-0.1311,-0.1563,-0.001009,-0.0004596,-0.002474,-0.0003833,0,0,4  -  Cliente - TelemetriaPulo:71
  23:13:27.625  TEL,18.94,FIM (volte e repita em outra velocidade),249.2,-0.1256,-0.004479,0.1354,166.7,166.6,166.9,166.5,-0.1184,-0.1192,-0.02327,-0.02207,1.465,1.464,1.473,1.474,-1246,-0.08832,-0.09659,-0.0006728,-0.0002152,-0.001375,-0.0006499,0,0,4  -  Cliente - TelemetriaPulo:71
  23:13:27.625  TEL,18.95,FIM (volte e repita em outra velocidade),249.3,-0.488,0.06223,0.06999,166.8,166.7,166.8,166.6,-0.1254,-0.1238,-0.02449,-0.02094,1.458,1.46,1.472,1.475,-1246,-0.05444,-0.06378,-0.0001813,-0.0004178,-0.0009366,-0.0006086,0,0,4  -  Cliente - TelemetriaPulo:71
  23:13:27.625  TEL,18.95,FIM (volte e repita em outra velocidade),249.3,-0.6269,0.0779,-0.06576,166.8,166.7,166.8,166.8,-0.1302,-0.1279,-0.02189,-0.02347,1.454,1.456,1.474,1.473,-1247,-0.07638,-0.08273,-0.0003458,-0.0005366,-0.0007501,0.0007757,0,0,4  -  Cliente - TelemetriaPulo:71
  23:13:27.625  TEL,18.96,FIM (volte e repita em outra velocidade),249.3,-0.7108,0.09445,-0.005087,166.8,166.8,166.8,167,-0.1342,-0.1343,-0.02235,-0.01797,1.45,1.45,1.474,1.478,-1247,-0.04362,-0.0358,-0.0006011,-0.0005934,-0.0001891,-0.003172,0,0,4  -  Cliente - TelemetriaPulo:71
  23:13:27.625  TEL,18.96,FIM (volte e repita em outra velocidade),249.4,-0.8703,0.07905,-0.1264,166.8,166.8,166.8,167,-0.1395,-0.1403,-0.01844,-0.02222,1.445,1.444,1.478,1.474,-1247,-0.07494,-0.06084,-0.0005137,-0.0005212,-0.001498,-0.001704,0,0,4  -  Cliente - TelemetriaPulo:71
  23:13:27.625  TEL,18.97,FIM (volte e repita em outra velocidade),249.5,-0.7379,0.07609,0.04667,166.9,166.9,167,166.9,-0.1504,-0.1503,-0.02135,-0.02286,1.435,1.435,1.475,1.473,-1247,-0.04541,-0.03567,-0.0007582,-0.0005522,-0.0005294,-0.0003843,0,0,4  -  Cliente - TelemetriaPulo:71
  23:13:27.625  TEL,18.97,FIM (volte e repita em outra velocidade),249.6,-0.5715,0.07301,0.09326,166.9,166.9,167,166.8,-0.1547,-0.154,-0.02288,-0.02021,1.431,1.432,1.473,1.476,-1247,0.005706,0.01296,-0.0006319,-0.001365,-0.0007236,-0.0006624,0,0,4  -  Cliente - TelemetriaPulo:71
  23:13:27.625  TEL,18.98,FIM (volte e repita em outra velocidade),249.6,-0.4038,0.05761,-0.0117,167,167,167,167,-0.1587,-0.156,-0.02071,-0.02082,1.427,1.43,1.476,1.476,-1248,-0.02151,-0.02433,-0.0009342,-0.001155,-0.001186,-0.0004002,0,0,4  -  Cliente - TelemetriaPulo:71
  23:13:27.626  TEL,18.98,FIM (volte e repita em outra velocidade),249.7,-0.07959,0.01596,-0.07003,167,167,167,167.1,-0.1614,-0.159,-0.02145,-0.02037,1.425,1.427,1.475,1.476,-1248,-0.01014,-0.02424,-0.0009235,-0.0009235,0.0005032,-0.0004734,0,0,4  -  Cliente - TelemetriaPulo:71
  23:13:27.626  TEL,18.99,FIM (volte e repita em outra velocidade),249.8,0.1178,0.002805,-0.1102,167,167.1,167.3,167,-0.1585,-0.161,-0.01638,-0.02032,1.427,1.425,1.48,1.476,-1249,0.02608,0.02444,-0.001007,-0.0009997,-0.003182,-0.0002902,0,0,4  -  Cliente - TelemetriaPulo:71
  23:13:27.626  TEL,18.99,FIM (volte e repita em outra velocidade),249.9,0.1367,-0.03767,0.1167,167.1,167.1,167.2,167.1,-0.1603,-0.1582,-0.02007,-0.02089,1.426,1.428,1.476,1.475,-1249,-0.01039,-0.001869,-0.001139,0.0002568,-0.001414,0.0002873,0,0,4  -  Cliente - TelemetriaPulo:71
  23:13:27.626  TEL,19,FIM (volte e repita em outra velocidade),249.9,0.2986,-0.07351,-0.1219,167,167.2,167.2,167.4,-0.1547,-0.1519,-0.02178,-0.02167,1.431,1.434,1.475,1.475,-1249,-0.01646,0.01653,-0.0006341,-0.0003823,-0.001069,-0.001695,0,0,4  -  Cliente - TelemetriaPulo:71
  23:13:27.626  TEL,19.01,FIM (volte e repita em outra velocidade),250,0.4576,-0.065,0.04322,167.1,167.2,167.2,167.2,-0.1504,-0.1462,-0.02618,-0.02152,1.435,1.439,1.47,1.475,-1250,0.03458,0.052,-0.0006375,-0.003415,0.0007356,-0.001065,0,0,4  -  Cliente - TelemetriaPulo:71
  23:13:27.626  TEL,19.01,FIM (volte e repita em outra velocidade),250,0.6099,-0.04358,0.006544,167.1,167.3,167.5,167.3,-0.1476,-0.1435,-0.02104,-0.02195,1.438,1.441,1.475,1.474,-1250,0.01869,0.01158,-0.0006778,-0.00122,-0.00318,-0.0005863,0,0,4  -  Cliente - TelemetriaPulo:71
  23:13:27.626  TEL,19.02,FIM (volte e repita em outra velocidade),250.2,0.4654,-0.03707,-0.1044,167.2,167.4,167.2,167.3,-0.1394,-0.138,-0.02133,-0.02414,1.445,1.446,1.475,1.472,-1250,0.04704,-0.01557,-0.0005982,-0.002086,-0.0004532,-0.0005143,0,0,4  -  Cliente - TelemetriaPulo:71
  23:13:27.626  TEL,19.02,FIM (volte e repita em outra velocidade),250.2,0.4081,-0.02154,0.02593,167.2,167.4,167.3,167.3,-0.1356,-0.1378,-0.02194,-0.02198,1.449,1.447,1.474,1.474,-1251,0.0877,0.0184,-0.0008584,-0.001446,-0.0005533,-0.0004541,0,0,4  -  Cliente - TelemetriaPulo:71
  23:13:27.626  TEL,19.03,FIM (volte e repita em outra velocidade),250.2,0.3044,-0.01555,-0.05013,167.3,167.4,167.2,167.3,-0.1348,-0.1364,-0.01947,-0.02278,1.45,1.448,1.477,1.474,-1251,0.04764,-0.009972,-0.0005162,-0.0007908,-0.0003331,-0.0005772,0,0,4  -  Cliente - TelemetriaPulo:71
  23:13:27.626  TEL,19.03,FIM (volte e repita em outra velocidade),250.3,0.04192,-0.004442,-0.002487,167.4,167.4,167.3,167.4,-0.1351,-0.1334,-0.01985,-0.02008,1.449,1.451,1.477,1.476,-1251,0.02539,0.01504,-0.0004331,-0.0009137,-0.0005857,-0.00131,0,0,4  -  Cliente - TelemetriaPulo:71
  23:13:27.626  TEL,19.04,FIM (volte e repita em outra velocidade),250.3,-0.1119,0.0008503,0.08146,167.4,167.4,167.5,167.4,-0.1356,-0.1349,-0.02189,-0.01908,1.449,1.449,1.474,1.477,-1251,0.03736,0.07247,-0.0005094,-0.0007224,-0.0008756,-0.0009748,0,0,4  -  Cliente - TelemetriaPulo:71
  23:13:27.626  TEL,19.04,FIM (volte e repita em outra velocidade),250.4,-0.1781,0.007946,-0.02434,167.4,167.4,167.5,167.5,-0.1372,-0.1352,-0.02099,-0.02139,1.447,1.449,1.475,1.475,-1252,-0.01019,0.0432,-0.0007073,-0.0008445,-0.0006995,-0.0004021,0,0,4  -  Cliente - TelemetriaPulo:71
  23:13:27.626  TEL,19.05,FIM (volte e repita em outra velocidade),250.5,-0.2168,0.03054,-0.04293,167.5,167.4,167.5,167.5,-0.1403,-0.1379,-0.02159,-0.02089,1.444,1.447,1.475,1.475,-1252,-0.01155,0.00998,-0.0008649,-0.0007504,-0.0005826,-0.0003918,0,0,4  -  Cliente - TelemetriaPulo:71
  23:13:27.626  TEL,19.06,FIM (volte e repita em outra velocidade),250.5,-0.2535,0.0348,-0.05359,167.5,167.5,167.5,167.5,-0.1406,-0.1414,-0.02169,-0.02075,1.444,1.443,1.475,1.476,-1252,0.02122,0.01561,-0.0007942,-0.0007408,-0.0004203,-0.0003213,0,0,4  -  Cliente - TelemetriaPulo:71
  23:13:27.626  TEL,19.06,FIM (volte e repita em outra velocidade),250.6,-0.2547,0.03562,-0.06251,167.6,167.5,167.5,167.6,-0.1429,-0.1429,-0.0198,-0.01834,1.442,1.442,1.477,1.478,-1253,-0.01144,-0.03438,-0.0006249,-0.0005869,-0.0005792,-0.003638,0,0,4  -  Cliente - TelemetriaPulo:71
  23:13:27.626  TEL,19.07,FIM (volte e repita em outra velocidade),250.7,-0.2707,0.0228,0.02397,167.7,167.6,167.6,167.8,-0.1469,-0.1462,-0.02068,-0.01807,1.438,1.439,1.476,1.478,-1253,-0.02046,-0.02796,-0.0007299,-0.0003865,-0.0006535,-0.004155,0,0,4  -  Cliente - TelemetriaPulo:71
  23:13:27.626  TEL,19.07,FIM (volte e repita em outra velocidade),250.6,-0.3399,0.002363,-0.1641,168.5,168.8,167.6,167.8,-0.1431,-0.1516,-0.02103,-0.02325,1.442,1.434,1.475,1.473,-1253,0.0886,-0.02421,-0.001263,0.000331,-0.0001191,-0.002019,0,0,4  -  Cliente - TelemetriaPulo:71
  23:13:27.626  TEL,19.08,FIM (volte e repita em outra velocidade),250.4,-0.2613,0.0166,-0.9481,168.8,168,167.5,167.5,-0.1463,-0.322,-0.01156,-0.04049,1.439,1.273,1.485,1.456,-1253,0.04923,0.04007,0.01683,0.1336,0.002683,0.002218,0,0,3  -  Cliente - TelemetriaPulo:71
  23:13:27.626  TEL,19.08,FIM (volte e repita em outra velocidade),250.5,2.96,-0.2757,1.76,168,167.5,168,168.3,-0.1473,-0.4003,-0.02843,0.003264,1.438,1.204,1.468,1.5,-1252,0.2355,-0.8544,0.01947,0.2986,-0.003694,-0.008172,0,0,3  -  Cliente - TelemetriaPulo:71
  23:13:27.626  TEL,19.09,FIM (volte e repita em outra velocidade),251,3.983,-0.4709,1.033,166.5,167.4,167.1,167,-0.1313,-0.4069,-0.04895,0.0123,1.453,1.198,1.447,1.509,-1252,0.5807,-0.3653,0.01976,0.3486,-0.0007899,-0.004148,0,0,3  -  Cliente - TelemetriaPulo:71
  23:13:27.627  TEL,19.09,FIM (volte e repita em outra velocidade),250.8,5.455,-0.5488,0.9097,166.4,167.3,167.9,167.3,-0.1051,-0.3859,-0.06989,0.01615,1.477,1.217,1.426,1.513,-1255,1.017,0.2881,0.02172,0.3769,0.006773,0.004842,0,0,3  -  Cliente - TelemetriaPulo:71
  23:13:27.627  TEL,19.1,FIM (volte e repita em outra velocidade),251,6.96,-0.5854,0.7171,166,167.1,167.6,167.6,-0.03825,-0.2806,-0.0858,0.03788,1.541,1.314,1.411,1.534,-1254,1.999,1.689,0.02645,0.3843,0.01218,0.01143,0,0,3  -  Cliente - TelemetriaPulo:71
  23:13:27.627  TEL,19.11,FIM (volte e repita em outra velocidade),251.1,6.581,-0.5617,0.5327,166,167.1,167.6,167.9,-0.002767,-0.2131,-0.08814,0.0464,1.574,1.376,1.408,1.543,-1255,2.573,2.327,0.03153,0.369,0.01375,0.01355,0,0,3  -  Cliente - TelemetriaPulo:71
  23:13:27.627  TEL,19.11,FIM (volte e repita em outra velocidade),251,5.343,-0.4562,0.2518,165.9,167,167.5,168.1,0.02527,-0.1499,-0.08659,0.04992,1.601,1.435,1.41,1.546,-1255,3.079,2.867,0.04031,0.3464,0.01461,0.01566,0,0,3  -  Cliente - TelemetriaPulo:71
  23:13:27.627  TEL,19.12,FIM (volte e repita em outra velocidade),250.6,0.9162,-0.1133,-0.2195,165.8,166.9,167.8,168.7,0.03824,-0.06381,-0.07148,0.04139,1.613,1.516,1.425,1.538,-1255,3.615,3.5,0.0726,0.2929,0.01008,0.01811,0,0,2  -  Cliente - TelemetriaPulo:71
  23:13:27.627  TEL,19.12,FIM (volte e repita em outra velocidade),251,0.1842,-0.1909,-0.4889,165.8,166.8,167.6,168.9,0.03429,-0.03119,-0.06958,0.02727,1.609,1.547,1.427,1.524,-1253,3.68,3.52,0.09508,0.2649,0.009613,0.01705,0,0,2  -  Cliente - TelemetriaPulo:71
  23:13:27.627  TEL,19.13,FIM (volte e repita em outra velocidade),251,-1.335,0.004385,-0.6958,165.7,166.8,167.5,169.2,0.0184,-0.01354,-0.06254,0.01581,1.594,1.564,1.434,1.512,-1255,3.58,3.373,0.1212,0.2383,0.007777,0.01255,0,0,2  -  Cliente - TelemetriaPulo:71
  23:13:27.627  TEL,19.13,FIM (volte e repita em outra velocidade),250.9,-2.837,0.1707,-0.8724,165.7,166.7,167.4,169.5,-0.007117,-0.009895,-0.05267,0.006734,1.57,1.567,1.444,1.503,-1255,3.337,3.084,0.149,0.2136,0.005505,0.004513,0,0,2  -  Cliente - TelemetriaPulo:71
  23:13:27.627  TEL,19.14,FIM (volte e repita em outra velocidade),250.8,-4.962,0.4388,-1.07,165.6,166.6,168.9,168.8,-0.07289,-0.03379,-0.02466,-0.04868,1.508,1.545,1.472,1.448,-1255,2.466,2.161,0.2024,0.168,0.0004519,0.02182,0,0,2  -  Cliente - TelemetriaPulo:71
  23:13:27.627  TEL,19.14,FIM (volte e repita em outra velocidade),251,-5.315,0.5617,-0.4347,165.5,166.6,168.3,168.4,-0.1168,-0.04318,-0.01902,-0.05359,1.466,1.536,1.477,1.443,-1254,1.976,1.585,0.2239,0.1446,0.001713,0.0236,0,0,2  -  Cliente - TelemetriaPulo:71
  23:13:27.627  TEL,19.15,FIM (volte e repita em outra velocidade),250.9,-5.382,0.6607,-0.4277,165.4,166.5,169.3,168,-0.183,-0.06351,-0.01253,-0.0575,1.404,1.517,1.484,1.439,-1255,1.108,0.685,0.2419,0.09278,0.01972,0.0294,0,0,2  -  Cliente - TelemetriaPulo:71
  23:13:27.627  ===== fim =====  -  Cliente - TelemetriaPulo:72
  23:13:28.212  ##### PULO #7  trecho=FIM (volte e repita em outra velocidade)  vel=251  impulso no frame t=19.240 (ΔVy=11.9, assoalho=0, asa=0, rodas no chão antes=0)  -  Cliente - TelemetriaPulo:215
  23:13:28.212  ===== PULO #7 =====  -  Cliente - TelemetriaPulo:69
  23:13:28.212  TEL,t,trecho,vel,vyChassi,arfagem,rolagem,wFD,wFE,wTD,wTE,posFD,posFE,posTD,posTE,molaFD,molaFE,molaTD,molaTE,downforce,dirFD,dirFE,chaoFD,chaoFE,chaoTD,chaoTE,assoalho,asa,rodasNoChao  -  Cliente - TelemetriaPulo:70
  23:13:28.212  TEL,18.75,FIM (volte e repita em outra velocidade),247.5,-6.275,0.2155,-1.715,163.3,163.8,165.7,170.6,-0.1916,-0.1468,-0.01173,-0.02832,1.397,1.438,1.485,1.468,-1239,5.143,5.73,0.004804,0.09343,0.0129,0.1667,0,0,2  -  Cliente - TelemetriaPulo:71
  23:13:28.212  TEL,18.76,FIM (volte e repita em outra velocidade),247.5,-6.538,0.1377,-1.973,163.5,163.8,165.6,170.8,-0.1903,-0.1262,0.001011,-0.02519,1.398,1.458,1.497,1.471,-1237,4.903,5.244,-0.0004033,0.01394,0.007387,0.113,0,0,3  -  Cliente - TelemetriaPulo:71
  23:13:28.212  TEL,18.76,FIM (volte e repita em outra velocidade),247.5,-7.736,-0.001533,-3.195,164,166.8,165.8,171.3,-0.1681,-0.2536,0.03408,-0.04139,1.418,1.335,1.53,1.455,-1238,4.131,4.284,-0.01285,-0.04082,-0.007171,-0.008094,0,0,4  -  Cliente - TelemetriaPulo:71
  23:13:28.213  TEL,18.77,FIM (volte e repita em outra velocidade),248.1,-7.032,-0.1753,0.2555,164.2,165.1,166,168.4,-0.1972,-0.2181,0.0004806,-0.08198,1.391,1.373,1.497,1.414,-1237,3.612,1.806,-0.007029,-0.04257,-0.007975,-0.006572,0,0,4  -  Cliente - TelemetriaPulo:71
  23:13:28.213  TEL,18.77,FIM (volte e repita em outra velocidade),247.4,-4.187,0.07582,0.3147,164.8,164.9,166,168,-0.218,-0.2632,-0.02336,-0.0868,1.372,1.329,1.473,1.41,-1241,3.261,1.575,-0.007703,-0.02921,-0.007497,-0.008062,0,0,4  -  Cliente - TelemetriaPulo:71
  23:13:28.213  TEL,18.78,FIM (volte e repita em outra velocidade),247.2,-1.472,0.1731,0.4957,165.1,165.2,165.9,167.9,-0.2364,-0.2587,-0.02709,-0.07784,1.355,1.334,1.469,1.419,-1237,2.966,1.108,-0.008709,-0.03374,-0.008679,-0.009205,0,0,4  -  Cliente - TelemetriaPulo:71
  23:13:28.213  TEL,18.78,FIM (volte e repita em outra velocidade),246.9,1.627,0.07501,0.4895,165.6,167.1,165.6,167.8,-0.2476,-0.2356,-0.02276,-0.04044,1.344,1.355,1.474,1.456,-1236,2.472,0.8105,-0.01115,-0.03778,-0.0119,-0.01234,0,0,4  -  Cliente - TelemetriaPulo:71
  23:13:28.213  TEL,18.79,FIM (volte e repita em outra velocidade),246.9,2.411,-0.04682,0.3842,165.6,168.5,165.4,167.6,-0.2407,-0.2178,-0.01961,-0.02544,1.351,1.372,1.477,1.471,-1234,2.239,0.8012,-0.01239,-0.03934,-0.01306,-0.01344,0,0,4  -  Cliente - TelemetriaPulo:71
  23:13:28.213  TEL,18.79,FIM (volte e repita em outra velocidade),247,2.877,-0.1697,0.296,165.6,168,165.2,167.4,-0.2277,-0.1952,-0.01816,-0.01513,1.363,1.393,1.478,1.481,-1235,2.006,1.051,-0.01348,-0.04074,-0.01393,-0.01427,0,0,4  -  Cliente - TelemetriaPulo:71
  23:13:28.213  TEL,18.8,FIM (volte e repita em outra velocidade),247.2,3.245,-0.3225,-0.1278,165,169,165,167,-0.1749,-0.1582,-0.01707,-0.03208,1.412,1.428,1.479,1.464,-1235,1.378,1.448,-0.01835,-0.04466,-0.003581,-0.003611,0,0,4  -  Cliente - TelemetriaPulo:71
  23:13:28.213  TEL,18.81,FIM (volte e repita em outra velocidade),247.3,3.358,-0.3078,-0.06703,166.2,169.4,165,166.5,-0.1493,-0.1433,-0.01848,-0.03026,1.436,1.441,1.478,1.466,-1236,1.257,1.591,-0.0193,-0.04392,-0.0009747,-0.003569,0,0,4  -  Cliente - TelemetriaPulo:71
  23:13:28.213  TEL,18.81,FIM (volte e repita em outra velocidade),247.5,3.121,-0.27,0.1031,165.4,168.3,164.9,166.5,-0.1211,-0.1308,-0.01535,-0.03226,1.463,1.453,1.481,1.464,-1237,0.8899,1.69,-0.008182,-0.01431,0.00105,0.0005389,0,0,4  -  Cliente - TelemetriaPulo:71
  23:13:28.213  TEL,18.82,FIM (volte e repita em outra velocidade),247.6,2.725,-0.2347,0.09176,165.4,167.7,164.9,166.4,-0.1115,-0.117,-0.01492,-0.02852,1.472,1.466,1.481,1.468,-1237,0.8032,1.902,-0.002013,-0.01367,0.0006806,0.0004364,0,0,4  -  Cliente - TelemetriaPulo:71
  23:13:28.213  TEL,18.82,FIM (volte e repita em outra velocidade),247.8,2.212,-0.2015,0.07034,165.3,167.7,165,166.5,-0.09715,-0.1109,-0.01449,-0.02757,1.485,1.472,1.482,1.469,-1238,0.7679,1.887,-0.001722,-0.003759,0.0006658,0.0007039,0,0,4  -  Cliente - TelemetriaPulo:71
  23:13:28.213  TEL,18.83,FIM (volte e repita em outra velocidade),247.9,1.613,-0.1509,0.1635,165.3,167.2,165.1,166.5,-0.08832,-0.0946,-0.01496,-0.02565,1.493,1.487,1.481,1.471,-1239,0.7665,1.865,-0.0008277,-0.00478,0.0005076,0.0006144,0,0,4  -  Cliente - TelemetriaPulo:71
  23:13:28.213  TEL,18.83,FIM (volte e repita em outra velocidade),248,-0.03379,-0.006099,0.2032,165.3,167,165.3,166.5,-0.08821,-0.08213,-0.01957,-0.01916,1.493,1.499,1.477,1.477,-1239,0.7139,1.855,-0.0007172,-0.005936,-0.0006332,-0.0005417,0,0,4  -  Cliente - TelemetriaPulo:71
  23:13:28.213  TEL,18.84,FIM (volte e repita em outra velocidade),248,-0.7949,0.06108,0.1516,165.4,166.9,165.4,166.5,-0.09564,-0.0841,-0.02126,-0.01728,1.486,1.497,1.475,1.479,-1240,0.7239,1.801,0.0006281,-0.006437,-0.00176,-0.001004,0,0,4  -  Cliente - TelemetriaPulo:71
  23:13:28.213  TEL,18.84,FIM (volte e repita em outra velocidade),248.1,-1.398,0.1111,-0.2242,165.4,166.7,165.3,166.4,-0.09715,-0.09905,-0.01932,-0.02229,1.485,1.483,1.477,1.474,-1240,0.6595,1.675,-0.00281,-0.005923,-0.001147,-0.0008034,0,0,4  -  Cliente - TelemetriaPulo:71
  23:13:28.213  TEL,18.85,FIM (volte e repita em outra velocidade),248.2,-1.636,0.1256,-0.006901,165.8,166.4,165.7,166.7,-0.1215,-0.1174,-0.02369,-0.0246,1.462,1.466,1.473,1.472,-1241,0.549,1.212,-0.001267,-0.008279,-0.0004506,-0.0004581,0,0,4  -  Cliente - TelemetriaPulo:71
  23:13:28.213  TEL,18.86,FIM (volte e repita em outra velocidade),248.4,-1.509,0.139,0.09307,165.8,165.8,165.8,166.7,-0.1327,-0.1218,-0.0248,-0.02477,1.452,1.462,1.472,1.472,-1241,0.5386,0.9516,-0.0006968,-0.009761,-0.0006052,-0.0004679,0,0,4  -  Cliente - TelemetriaPulo:71
  23:13:28.213  TEL,18.86,FIM (volte e repita em outra velocidade),248.5,-1.005,0.1096,0.004104,166,165.9,165.8,166.6,-0.1492,-0.131,-0.02457,-0.02417,1.436,1.453,1.472,1.472,-1242,0.4186,0.4622,-0.001067,-0.01253,-0.0006473,-0.001006,0,0,4  -  Cliente - TelemetriaPulo:71
  23:13:28.213  TEL,18.87,FIM (volte e repita em outra velocidade),248.6,-0.782,0.08511,-0.01424,166.2,166.1,166,166.7,-0.1535,-0.1442,-0.02661,-0.02215,1.432,1.441,1.47,1.474,-1243,0.4251,0.4469,-0.0009102,-0.01147,-0.0006813,-0.001017,0,0,4  -  Cliente - TelemetriaPulo:71
  23:13:28.213  TEL,18.87,FIM (volte e repita em outra velocidade),248.5,-1.151,0.2112,-0.1009,166.1,166.2,165.9,166.5,-0.1638,-0.1578,-0.02086,-0.02126,1.422,1.428,1.476,1.475,-1243,0.307,0.1502,-0.0007616,-0.004585,0.0004361,-0.001052,0,0,4  -  Cliente - TelemetriaPulo:71
  23:13:28.214  TEL,18.88,FIM (volte e repita em outra velocidade),248.5,-1.02,0.1659,-0.01007,166.3,166.4,166,166.6,-0.1701,-0.1686,-0.01943,-0.01813,1.416,1.418,1.477,1.478,-1242,0.2853,0.06595,-0.001195,-0.002118,0.0003999,-0.0006529,0,0,4  -  Cliente - TelemetriaPulo:71
  23:13:28.214  TEL,18.88,FIM (volte e repita em outra velocidade),248.6,-0.6558,0.03339,-0.007366,166.4,166.3,166.3,166.3,-0.1807,-0.1787,-0.01775,-0.01763,1.407,1.408,1.479,1.479,-1242,0.1422,0.005021,-0.0009485,-0.001719,-0.001422,-0.0005443,0,0,4  -  Cliente - TelemetriaPulo:71
  23:13:28.214  TEL,18.89,FIM (volte e repita em outra velocidade),248.6,-0.237,-0.005074,-0.0639,166.4,166.3,166.3,166.3,-0.1829,-0.1821,-0.01828,-0.01945,1.405,1.405,1.478,1.477,-1243,0.0193,0.01626,-0.0003695,-0.001102,-0.0008578,-0.001186,0,0,4  -  Cliente - TelemetriaPulo:71
  23:13:28.214  TEL,18.89,FIM (volte e repita em outra velocidade),248.7,0.2017,-0.04264,0.04742,166.5,166.3,166.4,166.2,-0.1792,-0.181,-0.021,-0.01951,1.408,1.406,1.475,1.477,-1243,-0.007214,0.02623,-0.001379,-0.0005554,-0.0006317,-0.0007004,0,0,4  -  Cliente - TelemetriaPulo:71
  23:13:28.214  TEL,18.9,FIM (volte e repita em outra velocidade),248.9,0.8863,-0.1036,0.1272,166.6,166.3,166.5,166.3,-0.1717,-0.1689,-0.0235,-0.01789,1.415,1.417,1.473,1.478,-1243,-0.1019,0.03082,-0.0007178,-0.0005347,-0.001946,-0.0008246,0,0,4  -  Cliente - TelemetriaPulo:71
  23:13:28.214  TEL,18.91,FIM (volte e repita em outra velocidade),248.9,1.155,-0.1218,-0.06207,166.6,166.2,166.6,166.4,-0.1639,-0.1606,-0.02297,-0.02017,1.422,1.425,1.473,1.476,-1244,-0.1279,-0.01926,-0.0003903,-0.0005656,-0.0008556,-0.0004208,0,0,4  -  Cliente - TelemetriaPulo:71
  23:13:28.214  TEL,18.91,FIM (volte e repita em outra velocidade),249,1.304,-0.1269,-0.1614,166.6,166.3,166.5,166.4,-0.1524,-0.1549,-0.02123,-0.02142,1.433,1.431,1.475,1.475,-1245,-0.1353,-0.04532,-0.0005037,-0.001122,-0.0001678,-0.00103,0,0,4  -  Cliente - TelemetriaPulo:71
  23:13:28.214  TEL,18.92,FIM (volte e repita em outra velocidade),249.1,1.232,-0.1221,0.06571,166.6,166.3,166.5,166.5,-0.1349,-0.1376,-0.02029,-0.02195,1.45,1.447,1.476,1.474,-1245,-0.1582,-0.1501,-0.0008055,-0.0009276,-2.73e-05,-0.0005461,0,0,4  -  Cliente - TelemetriaPulo:71
  23:13:28.214  TEL,18.92,FIM (volte e repita em outra velocidade),249.2,1.064,-0.1091,0.1391,166.6,166.3,166.6,166.4,-0.1304,-0.1269,-0.02134,-0.02006,1.454,1.457,1.475,1.476,-1246,-0.1165,-0.181,0.0005022,-0.001115,-0.0004896,-0.0005201,0,0,4  -  Cliente - TelemetriaPulo:71
  23:13:28.214  TEL,18.93,FIM (volte e repita em outra velocidade),249.2,0.4709,-0.06328,-0.1562,166.8,166.5,166.7,166.5,-0.1156,-0.1217,-0.01855,-0.02371,1.468,1.462,1.478,1.473,-1246,-0.113,-0.1503,-0.002159,-0.0008239,-0.0008467,-0.001137,0,0,4  -  Cliente - TelemetriaPulo:71
  23:13:28.214  TEL,18.93,FIM (volte e repita em outra velocidade),249.2,0.1872,-0.03099,0.05779,166.8,166.5,166.7,166.6,-0.1169,-0.1192,-0.01863,-0.0241,1.466,1.464,1.478,1.472,-1246,-0.1311,-0.1563,-0.001009,-0.0004596,-0.002474,-0.0003833,0,0,4  -  Cliente - TelemetriaPulo:71
  23:13:28.214  TEL,18.94,FIM (volte e repita em outra velocidade),249.2,-0.1256,-0.004479,0.1354,166.7,166.6,166.9,166.5,-0.1184,-0.1192,-0.02327,-0.02207,1.465,1.464,1.473,1.474,-1246,-0.08832,-0.09659,-0.0006728,-0.0002152,-0.001375,-0.0006499,0,0,4  -  Cliente - TelemetriaPulo:71
  23:13:28.214  TEL,18.95,FIM (volte e repita em outra velocidade),249.3,-0.488,0.06223,0.06999,166.8,166.7,166.8,166.6,-0.1254,-0.1238,-0.02449,-0.02094,1.458,1.46,1.472,1.475,-1246,-0.05444,-0.06378,-0.0001813,-0.0004178,-0.0009366,-0.0006086,0,0,4  -  Cliente - TelemetriaPulo:71
  23:13:28.215  TEL,18.95,FIM (volte e repita em outra velocidade),249.3,-0.6269,0.0779,-0.06576,166.8,166.7,166.8,166.8,-0.1302,-0.1279,-0.02189,-0.02347,1.454,1.456,1.474,1.473,-1247,-0.07638,-0.08273,-0.0003458,-0.0005366,-0.0007501,0.0007757,0,0,4  -  Cliente - TelemetriaPulo:71
  23:13:28.215  TEL,18.96,FIM (volte e repita em outra velocidade),249.3,-0.7108,0.09445,-0.005087,166.8,166.8,166.8,167,-0.1342,-0.1343,-0.02235,-0.01797,1.45,1.45,1.474,1.478,-1247,-0.04362,-0.0358,-0.0006011,-0.0005934,-0.0001891,-0.003172,0,0,4  -  Cliente - TelemetriaPulo:71
  23:13:28.215  TEL,18.96,FIM (volte e repita em outra velocidade),249.4,-0.8703,0.07905,-0.1264,166.8,166.8,166.8,167,-0.1395,-0.1403,-0.01844,-0.02222,1.445,1.444,1.478,1.474,-1247,-0.07494,-0.06084,-0.0005137,-0.0005212,-0.001498,-0.001704,0,0,4  -  Cliente - TelemetriaPulo:71
  23:13:28.215  TEL,18.97,FIM (volte e repita em outra velocidade),249.5,-0.7379,0.07609,0.04667,166.9,166.9,167,166.9,-0.1504,-0.1503,-0.02135,-0.02286,1.435,1.435,1.475,1.473,-1247,-0.04541,-0.03567,-0.0007582,-0.0005522,-0.0005294,-0.0003843,0,0,4  -  Cliente - TelemetriaPulo:71
  23:13:28.215  TEL,18.97,FIM (volte e repita em outra velocidade),249.6,-0.5715,0.07301,0.09326,166.9,166.9,167,166.8,-0.1547,-0.154,-0.02288,-0.02021,1.431,1.432,1.473,1.476,-1247,0.005706,0.01296,-0.0006319,-0.001365,-0.0007236,-0.0006624,0,0,4  -  Cliente - TelemetriaPulo:71
  23:13:28.215  TEL,18.98,FIM (volte e repita em outra velocidade),249.6,-0.4038,0.05761,-0.0117,167,167,167,167,-0.1587,-0.156,-0.02071,-0.02082,1.427,1.43,1.476,1.476,-1248,-0.02151,-0.02433,-0.0009342,-0.001155,-0.001186,-0.0004002,0,0,4  -  Cliente - TelemetriaPulo:71
  23:13:28.215  TEL,18.98,FIM (volte e repita em outra velocidade),249.7,-0.07959,0.01596,-0.07003,167,167,167,167.1,-0.1614,-0.159,-0.02145,-0.02037,1.425,1.427,1.475,1.476,-1248,-0.01014,-0.02424,-0.0009235,-0.0009235,0.0005032,-0.0004734,0,0,4  -  Cliente - TelemetriaPulo:71
  23:13:28.215  TEL,18.99,FIM (volte e repita em outra velocidade),249.8,0.1178,0.002805,-0.1102,167,167.1,167.3,167,-0.1585,-0.161,-0.01638,-0.02032,1.427,1.425,1.48,1.476,-1249,0.02608,0.02444,-0.001007,-0.0009997,-0.003182,-0.0002902,0,0,4  -  Cliente - TelemetriaPulo:71
  23:13:28.215  TEL,18.99,FIM (volte e repita em outra velocidade),249.9,0.1367,-0.03767,0.1167,167.1,167.1,167.2,167.1,-0.1603,-0.1582,-0.02007,-0.02089,1.426,1.428,1.476,1.475,-1249,-0.01039,-0.001869,-0.001139,0.0002568,-0.001414,0.0002873,0,0,4  -  Cliente - TelemetriaPulo:71
  23:13:28.215  TEL,19,FIM (volte e repita em outra velocidade),249.9,0.2986,-0.07351,-0.1219,167,167.2,167.2,167.4,-0.1547,-0.1519,-0.02178,-0.02167,1.431,1.434,1.475,1.475,-1249,-0.01646,0.01653,-0.0006341,-0.0003823,-0.001069,-0.001695,0,0,4  -  Cliente - TelemetriaPulo:71
  23:13:28.215  TEL,19.01,FIM (volte e repita em outra velocidade),250,0.4576,-0.065,0.04322,167.1,167.2,167.2,167.2,-0.1504,-0.1462,-0.02618,-0.02152,1.435,1.439,1.47,1.475,-1250,0.03458,0.052,-0.0006375,-0.003415,0.0007356,-0.001065,0,0,4  -  Cliente - TelemetriaPulo:71
  23:13:28.215  TEL,19.01,FIM (volte e repita em outra velocidade),250,0.6099,-0.04358,0.006544,167.1,167.3,167.5,167.3,-0.1476,-0.1435,-0.02104,-0.02195,1.438,1.441,1.475,1.474,-1250,0.01869,0.01158,-0.0006778,-0.00122,-0.00318,-0.0005863,0,0,4  -  Cliente - TelemetriaPulo:71
  23:13:28.215  TEL,19.02,FIM (volte e repita em outra velocidade),250.2,0.4654,-0.03707,-0.1044,167.2,167.4,167.2,167.3,-0.1394,-0.138,-0.02133,-0.02414,1.445,1.446,1.475,1.472,-1250,0.04704,-0.01557,-0.0005982,-0.002086,-0.0004532,-0.0005143,0,0,4  -  Cliente - TelemetriaPulo:71
  23:13:28.215  TEL,19.02,FIM (volte e repita em outra velocidade),250.2,0.4081,-0.02154,0.02593,167.2,167.4,167.3,167.3,-0.1356,-0.1378,-0.02194,-0.02198,1.449,1.447,1.474,1.474,-1251,0.0877,0.0184,-0.0008584,-0.001446,-0.0005533,-0.0004541,0,0,4  -  Cliente - TelemetriaPulo:71
  23:13:28.215  TEL,19.03,FIM (volte e repita em outra velocidade),250.2,0.3044,-0.01555,-0.05013,167.3,167.4,167.2,167.3,-0.1348,-0.1364,-0.01947,-0.02278,1.45,1.448,1.477,1.474,-1251,0.04764,-0.009972,-0.0005162,-0.0007908,-0.0003331,-0.0005772,0,0,4  -  Cliente - TelemetriaPulo:71
  23:13:28.216  TEL,19.03,FIM (volte e repita em outra velocidade),250.3,0.04192,-0.004442,-0.002487,167.4,167.4,167.3,167.4,-0.1351,-0.1334,-0.01985,-0.02008,1.449,1.451,1.477,1.476,-1251,0.02539,0.01504,-0.0004331,-0.0009137,-0.0005857,-0.00131,0,0,4  -  Cliente - TelemetriaPulo:71
  23:13:28.216  TEL,19.04,FIM (volte e repita em outra velocidade),250.3,-0.1119,0.0008503,0.08146,167.4,167.4,167.5,167.4,-0.1356,-0.1349,-0.02189,-0.01908,1.449,1.449,1.474,1.477,-1251,0.03736,0.07247,-0.0005094,-0.0007224,-0.0008756,-0.0009748,0,0,4  -  Cliente - TelemetriaPulo:71
  23:13:28.216  TEL,19.04,FIM (volte e repita em outra velocidade),250.4,-0.1781,0.007946,-0.02434,167.4,167.4,167.5,167.5,-0.1372,-0.1352,-0.02099,-0.02139,1.447,1.449,1.475,1.475,-1252,-0.01019,0.0432,-0.0007073,-0.0008445,-0.0006995,-0.0004021,0,0,4  -  Cliente - TelemetriaPulo:71
  23:13:28.216  TEL,19.05,FIM (volte e repita em outra velocidade),250.5,-0.2168,0.03054,-0.04293,167.5,167.4,167.5,167.5,-0.1403,-0.1379,-0.02159,-0.02089,1.444,1.447,1.475,1.475,-1252,-0.01155,0.00998,-0.0008649,-0.0007504,-0.0005826,-0.0003918,0,0,4  -  Cliente - TelemetriaPulo:71
  23:13:28.216  TEL,19.06,FIM (volte e repita em outra velocidade),250.5,-0.2535,0.0348,-0.05359,167.5,167.5,167.5,167.5,-0.1406,-0.1414,-0.02169,-0.02075,1.444,1.443,1.475,1.476,-1252,0.02122,0.01561,-0.0007942,-0.0007408,-0.0004203,-0.0003213,0,0,4  -  Cliente - TelemetriaPulo:71
  23:13:28.216  TEL,19.06,FIM (volte e repita em outra velocidade),250.6,-0.2547,0.03562,-0.06251,167.6,167.5,167.5,167.6,-0.1429,-0.1429,-0.0198,-0.01834,1.442,1.442,1.477,1.478,-1253,-0.01144,-0.03438,-0.0006249,-0.0005869,-0.0005792,-0.003638,0,0,4  -  Cliente - TelemetriaPulo:71
  23:13:28.216  TEL,19.07,FIM (volte e repita em outra velocidade),250.7,-0.2707,0.0228,0.02397,167.7,167.6,167.6,167.8,-0.1469,-0.1462,-0.02068,-0.01807,1.438,1.439,1.476,1.478,-1253,-0.02046,-0.02796,-0.0007299,-0.0003865,-0.0006535,-0.004155,0,0,4  -  Cliente - TelemetriaPulo:71
  23:13:28.216  TEL,19.07,FIM (volte e repita em outra velocidade),250.6,-0.3399,0.002363,-0.1641,168.5,168.8,167.6,167.8,-0.1431,-0.1516,-0.02103,-0.02325,1.442,1.434,1.475,1.473,-1253,0.0886,-0.02421,-0.001263,0.000331,-0.0001191,-0.002019,0,0,4  -  Cliente - TelemetriaPulo:71
  23:13:28.216  TEL,19.08,FIM (volte e repita em outra velocidade),250.4,-0.2613,0.0166,-0.9481,168.8,168,167.5,167.5,-0.1463,-0.322,-0.01156,-0.04049,1.439,1.273,1.485,1.456,-1253,0.04923,0.04007,0.01683,0.1336,0.002683,0.002218,0,0,3  -  Cliente - TelemetriaPulo:71
  23:13:28.216  TEL,19.08,FIM (volte e repita em outra velocidade),250.5,2.96,-0.2757,1.76,168,167.5,168,168.3,-0.1473,-0.4003,-0.02843,0.003264,1.438,1.204,1.468,1.5,-1252,0.2355,-0.8544,0.01947,0.2986,-0.003694,-0.008172,0,0,3  -  Cliente - TelemetriaPulo:71
  23:13:28.216  TEL,19.09,FIM (volte e repita em outra velocidade),251,3.983,-0.4709,1.033,166.5,167.4,167.1,167,-0.1313,-0.4069,-0.04895,0.0123,1.453,1.198,1.447,1.509,-1252,0.5807,-0.3653,0.01976,0.3486,-0.0007899,-0.004148,0,0,3  -  Cliente - TelemetriaPulo:71
  23:13:28.216  TEL,19.09,FIM (volte e repita em outra velocidade),250.8,5.455,-0.5488,0.9097,166.4,167.3,167.9,167.3,-0.1051,-0.3859,-0.06989,0.01615,1.477,1.217,1.426,1.513,-1255,1.017,0.2881,0.02172,0.3769,0.006773,0.004842,0,0,3  -  Cliente - TelemetriaPulo:71
  23:13:28.216  TEL,19.1,FIM (volte e repita em outra velocidade),251,6.96,-0.5854,0.7171,166,167.1,167.6,167.6,-0.03825,-0.2806,-0.0858,0.03788,1.541,1.314,1.411,1.534,-1254,1.999,1.689,0.02645,0.3843,0.01218,0.01143,0,0,3  -  Cliente - TelemetriaPulo:71
  23:13:28.216  TEL,19.11,FIM (volte e repita em outra velocidade),251.1,6.581,-0.5617,0.5327,166,167.1,167.6,167.9,-0.002767,-0.2131,-0.08814,0.0464,1.574,1.376,1.408,1.543,-1255,2.573,2.327,0.03153,0.369,0.01375,0.01355,0,0,3  -  Cliente - TelemetriaPulo:71
  23:13:28.216  TEL,19.11,FIM (volte e repita em outra velocidade),251,5.343,-0.4562,0.2518,165.9,167,167.5,168.1,0.02527,-0.1499,-0.08659,0.04992,1.601,1.435,1.41,1.546,-1255,3.079,2.867,0.04031,0.3464,0.01461,0.01566,0,0,3  -  Cliente - TelemetriaPulo:71
  23:13:28.216  TEL,19.12,FIM (volte e repita em outra velocidade),250.6,0.9162,-0.1133,-0.2195,165.8,166.9,167.8,168.7,0.03824,-0.06381,-0.07148,0.04139,1.613,1.516,1.425,1.538,-1255,3.615,3.5,0.0726,0.2929,0.01008,0.01811,0,0,2  -  Cliente - TelemetriaPulo:71
  23:13:28.216  TEL,19.12,FIM (volte e repita em outra velocidade),251,0.1842,-0.1909,-0.4889,165.8,166.8,167.6,168.9,0.03429,-0.03119,-0.06958,0.02727,1.609,1.547,1.427,1.524,-1253,3.68,3.52,0.09508,0.2649,0.009613,0.01705,0,0,2  -  Cliente - TelemetriaPulo:71
  23:13:28.216  TEL,19.13,FIM (volte e repita em outra velocidade),251,-1.335,0.004385,-0.6958,165.7,166.8,167.5,169.2,0.0184,-0.01354,-0.06254,0.01581,1.594,1.564,1.434,1.512,-1255,3.58,3.373,0.1212,0.2383,0.007777,0.01255,0,0,2  -  Cliente - TelemetriaPulo:71
  23:13:28.216  TEL,19.13,FIM (volte e repita em outra velocidade),250.9,-2.837,0.1707,-0.8724,165.7,166.7,167.4,169.5,-0.007117,-0.009895,-0.05267,0.006734,1.57,1.567,1.444,1.503,-1255,3.337,3.084,0.149,0.2136,0.005505,0.004513,0,0,2  -  Cliente - TelemetriaPulo:71
  23:13:28.216  TEL,19.14,FIM (volte e repita em outra velocidade),250.8,-4.962,0.4388,-1.07,165.6,166.6,168.9,168.8,-0.07289,-0.03379,-0.02466,-0.04868,1.508,1.545,1.472,1.448,-1255,2.466,2.161,0.2024,0.168,0.0004519,0.02182,0,0,2  -  Cliente - TelemetriaPulo:71
  23:13:28.217  TEL,19.14,FIM (volte e repita em outra velocidade),251,-5.315,0.5617,-0.4347,165.5,166.6,168.3,168.4,-0.1168,-0.04318,-0.01902,-0.05359,1.466,1.536,1.477,1.443,-1254,1.976,1.585,0.2239,0.1446,0.001713,0.0236,0,0,2  -  Cliente - TelemetriaPulo:71
  23:13:28.217  TEL,19.15,FIM (volte e repita em outra velocidade),250.9,-5.382,0.6607,-0.4277,165.4,166.5,169.3,168,-0.183,-0.06351,-0.01253,-0.0575,1.404,1.517,1.484,1.439,-1255,1.108,0.685,0.2419,0.09278,0.01972,0.0294,0,0,2  -  Cliente - TelemetriaPulo:71
  23:13:28.217  TEL,19.16,FIM (volte e repita em outra velocidade),251,-5.142,0.6493,-0.4249,165.4,166.4,168.8,168.3,-0.1996,-0.06809,-0.001462,-0.05107,1.389,1.512,1.495,1.445,-1255,0.7316,0.2877,0.236,0.06419,0.02089,0.02454,0,0,2  -  Cliente - TelemetriaPulo:71
  23:13:28.217  TEL,19.17,FIM (volte e repita em outra velocidade),250.9,-6.364,0.6074,-0.9108,165.2,167.7,168.5,168.1,-0.1672,-0.2602,0.02484,-0.08082,1.419,1.33,1.521,1.416,-1255,-0.2964,-0.6782,0.1133,0.1029,0.03221,0.05893,0,0,1  -  Cliente - TelemetriaPulo:71
  23:13:28.217  TEL,19.18,FIM (volte e repita em outra velocidade),250.8,-2.92,0.4555,2.864,165.1,167.3,169,168.6,-0.1525,-0.3448,-0.01432,-0.02961,1.433,1.254,1.482,1.467,-1255,-0.405,-1.626,0.00464,0.2418,0.03027,0.08999,0,0,2  -  Cliente - TelemetriaPulo:71
  23:13:28.217  TEL,19.24,FIM (volte e repita em outra velocidade),250.4,8.953,-0.6962,-1.32,164.5,165.1,167.5,168.7,-0.3452,-0.07149,0.03076,-0.09148,1.255,1.509,1.527,1.405,-1254,-3.451,-1.354,99,0.2055,0.4637,0.05308,0,0,0  -  Cliente - TelemetriaPulo:71
  23:13:28.217   ▶ TEL,19.24,FIM (volte e repita em outra velocidade),250.8,10.89,-0.6186,-0.825,164.4,164.9,168,168.1,-0.2243,-0.09109,0.01683,-0.07773,1.366,1.491,1.513,1.419,-1252,-4.43,-1.805,99,0.3618,0.5612,0.07411,0,0,0 (x2)  -  Cliente - TelemetriaPulo:71
  23:13:28.217  TEL,19.25,FIM (volte e repita em outra velocidade),251.1,9.688,-0.605,-0.3468,164.3,164.8,168.5,167.9,-0.08648,-0.08873,0.005321,-0.0411,1.495,1.493,1.502,1.455,-1254,-4.438,-1.845,99,0.5031,99,0.08508,0,0,0  -  Cliente - TelemetriaPulo:71
  23:13:28.217  TEL,19.26,FIM (volte e repita em outra velocidade),251,8.108,-0.5401,-0.2262,164.2,164.8,168.8,168,-0.02871,-0.08936,-0.002954,-0.02279,1.55,1.492,1.493,1.474,-1255,-4.14,-1.684,99,0.5688,99,0.08897,0,0,0  -  Cliente - TelemetriaPulo:71
  23:13:28.217  TEL,19.26,FIM (volte e repita em outra velocidade),250.9,6.116,-0.4377,-0.02541,164.2,164.7,169,168.2,0.0122,-0.09422,-0.0132,-0.002104,1.588,1.488,1.483,1.494,-1255,-3.718,-1.44,99,99,99,0.08948,0,0,0  -  Cliente - TelemetriaPulo:71
  23:13:28.217  TEL,19.27,FIM (volte e repita em outra velocidade),251,2.889,-0.4683,0.1396,164,164.6,169.6,168.6,0.05238,-0.11,-0.04036,0.02581,1.627,1.473,1.456,1.522,-1254,-2.634,-0.7606,99,99,99,0.08883,0,0,0  -  Cliente - TelemetriaPulo:71
  23:13:28.217  TEL,19.27,FIM (volte e repita em outra velocidade),251,1.351,-0.3757,0.1112,164,164.5,169.8,168.5,0.05518,-0.119,-0.05075,0.03165,1.629,1.464,1.446,1.528,-1255,-2.063,-0.3914,99,99,99,0.08959,0,0,0  -  Cliente - TelemetriaPulo:71
  23:13:28.217  TEL,19.28,FIM (volte e repita em outra velocidade),250.8,-1.324,-0.2366,0.08455,163.9,164.4,170.3,169.1,0.02458,-0.1404,-0.0563,0.0383,1.6,1.444,1.44,1.535,-1255,-1.076,0.3027,99,99,99,0.08929,0,0,0  -  Cliente - TelemetriaPulo:71
  23:13:28.217  TEL,19.28,FIM (volte e repita em outra velocidade),250.9,-2.433,-0.2123,0.04781,163.8,164.4,170.6,169,-0.002436,-0.1491,-0.05287,0.03614,1.575,1.436,1.443,1.533,-1254,-0.6689,0.5859,99,99,99,0.08997,0,0,0  -  Cliente - TelemetriaPulo:71
  23:13:28.217  TEL,19.29,FIM (volte e repita em outra velocidade),250.9,-3.318,-0.2083,0.03048,163.8,164.3,170.9,169.3,-0.03307,-0.154,-0.04639,0.03205,1.546,1.432,1.45,1.528,-1254,-0.3387,0.8151,99,99,99,0.0889,0,0,0  -  Cliente - TelemetriaPulo:71
  23:13:28.217  TEL,19.29,FIM (volte e repita em outra velocidade),250.9,-3.992,-0.2424,-0.0006285,163.7,164.3,171.1,169.5,-0.06325,-0.1532,-0.03817,0.02549,1.517,1.432,1.458,1.522,-1254,-0.07972,0.9822,99,99,99,0.08729,0,0,0  -  Cliente - TelemetriaPulo:71
  23:13:28.217  TEL,19.3,FIM (volte e repita em outra velocidade),251.3,-4.664,-0.3305,-0.0447,163.6,164.2,171.7,168.3,-0.1107,-0.1316,-0.01806,-0.004126,1.472,1.452,1.478,1.492,-1255,0.2928,1.076,99,99,99,0.08803,0,0,0  -  Cliente - TelemetriaPulo:71
  23:13:28.217  TEL,19.31,FIM (volte e repita em outra velocidade),251.4,-4.865,-0.352,-0.07909,163.5,164.2,171.9,168,-0.1261,-0.1129,-0.005346,-0.02327,1.458,1.47,1.491,1.473,-1256,0.4033,1.046,99,99,99,0.09104,0,0,0  -  Cliente - TelemetriaPulo:71
  23:13:28.217  TEL,19.31,FIM (volte e repita em outra velocidade),251.5,-5.058,-0.3394,-0.07173,163.5,164.1,172.2,167.8,-0.1364,-0.09108,0.009164,-0.04521,1.448,1.491,1.506,1.451,-1257,0.4778,0.9808,99,99,99,0.09759,0,0,0  -  Cliente - TelemetriaPulo:71
  23:13:28.217  TEL,19.32,FIM (volte e repita em outra velocidade),251.3,-6.626,-0.2045,0.2803,163.4,164.1,172.7,168.3,-0.1616,-0.04805,0.03471,-0.05323,1.424,1.531,1.531,1.443,-1257,0.46,0.7962,99,99,99,0.08692,0,0,0  -  Cliente - TelemetriaPulo:71
  23:13:28.218  TEL,19.32,FIM (volte e repita em outra velocidade),251.4,-7.54,-0.228,0.1733,163.3,164,173,168,-0.1651,-0.03103,0.0426,-0.07171,1.421,1.547,1.539,1.425,-1256,0.4715,0.71,99,99,0.5846,0.08945,0,0,0  -  Cliente - TelemetriaPulo:71
  23:13:28.218  TEL,19.33,FIM (volte e repita em outra velocidade),251.5,-8.84,-0.07438,0.4915,163.2,163.9,173.5,167.7,-0.1685,-0.005786,0.05396,-0.09255,1.418,1.571,1.55,1.404,-1257,0.4471,0.5151,99,99,0.5265,0.0875,0,0,0  -  Cliente - TelemetriaPulo:71
  23:13:28.218  TEL,19.33,FIM (volte e repita em outra velocidade),251.4,-9.578,0.01877,0.6598,163.2,163.9,173.8,167.7,-0.1692,0.0004396,0.05689,-0.09714,1.417,1.577,1.553,1.399,-1257,0.449,0.4573,99,99,0.498,0.08606,0,0,0  -  Cliente - TelemetriaPulo:71
  23:13:28.218  TEL,19.34,FIM (volte e repita em outra velocidade),251.4,-10.38,0.108,0.7199,163.1,163.8,174,167.9,-0.1677,0.000247,0.05911,-0.09104,1.419,1.577,1.555,1.405,-1257,0.4594,0.4409,99,99,0.4697,0.0757,0,0,0  -  Cliente - TelemetriaPulo:71
  23:13:28.218  TEL,19.34,FIM (volte e repita em outra velocidade),251.5,-10.96,0.04785,0.8124,163.1,163.8,174.3,168.1,-0.1607,-0.0007105,0.05494,-0.101,1.425,1.576,1.551,1.395,-1257,0.5027,0.4433,99,99,0.4421,0.07867,0,0,0  -  Cliente - TelemetriaPulo:71
  23:13:28.218  TEL,19.35,FIM (volte e repita em outra velocidade),251.6,-12.02,0.2466,1.173,163,163.7,174.8,167.8,-0.1464,-0.01153,0.04727,-0.09622,1.439,1.566,1.544,1.4,-1258,0.6494,0.5223,99,99,0.3849,0.07401,0,0,0  -  Cliente - TelemetriaPulo:71
  23:13:28.218  TEL,19.36,FIM (volte e repita em outra velocidade),251.6,-12.7,0.3194,1.269,162.9,163.6,175.1,167.9,-0.1385,-0.02211,0.04387,-0.08829,1.446,1.556,1.54,1.408,-1258,0.758,0.6216,99,99,0.3553,0.07048,0,0,0  -  Cliente - TelemetriaPulo:71
  23:13:28.218  TEL,19.36,FIM (volte e repita em outra velocidade),251.6,-13.45,0.3714,1.402,162.9,163.6,175.3,168.1,-0.1311,-0.03466,0.03915,-0.07964,1.453,1.544,1.536,1.417,-1258,0.8722,0.7491,99,99,0.3245,0.0672,0,0,0  -  Cliente - TelemetriaPulo:71
  23:13:28.218  TEL,19.37,FIM (volte e repita em outra velocidade),251.7,-15.15,0.4165,1.477,162.7,163.5,175.8,168.1,-0.1131,-0.06541,0.02789,-0.06352,1.47,1.515,1.524,1.433,-1258,1.122,1.063,99,99,0.2592,0.05789,0,0,0  -  Cliente - TelemetriaPulo:71
  23:13:28.218  TEL,19.37,FIM (volte e repita em outra velocidade),251.7,-15.72,0.4695,1.581,162.7,163.4,176.1,168.4,-0.1041,-0.07981,0.02148,-0.0515,1.479,1.501,1.518,1.445,-1259,1.236,1.228,99,99,0.2234,0.04933,0,0,1  -  Cliente - TelemetriaPulo:71
  23:13:28.218  TEL,19.38,FIM (volte e repita em outra velocidade),251.7,-16.5,0.4791,1.718,162.6,163.4,176.3,168.6,-0.0976,-0.09149,0.01299,-0.04259,1.485,1.49,1.509,1.454,-1258,1.348,1.393,99,99,0.1848,0.04333,0,0,1  -  Cliente - TelemetriaPulo:71
  23:13:28.218  TEL,19.38,FIM (volte e repita em outra velocidade),251.9,-17.77,0.5357,1.873,162.5,163.3,176.8,168.5,-0.08483,-0.1076,-0.001054,-0.02961,1.497,1.475,1.495,1.467,-1259,1.593,1.695,99,99,0.09672,0.03486,0,0,1  -  Cliente - TelemetriaPulo:71
  23:13:28.218  TEL,19.39,FIM (volte e repita em outra velocidade),252,-18.41,0.562,1.99,162.5,163.2,177.1,168.8,-0.08128,-0.1104,-0.006722,-0.02548,1.5,1.473,1.49,1.471,-1260,1.702,1.833,99,99,0.04669,0.03327,0,0,2  -  Cliente - TelemetriaPulo:71
  23:13:28.218  TEL,19.39,FIM (volte e repita em outra velocidade),252,-19.02,0.5992,1.967,162.4,163.1,177.3,169,-0.07725,-0.1118,-0.008599,-0.01798,1.504,1.471,1.488,1.478,-1260,1.806,1.966,0.5935,99,-0.007651,0.02696,0,0,2  -  Cliente - TelemetriaPulo:71
  23:13:28.218  TEL,19.4,FIM (volte e repita em outra velocidade),252.6,-17.4,1.126,0.2046,162.3,163,170.8,169.2,-0.02567,-0.157,-0.1018,-0.04036,1.552,1.429,1.395,1.456,-1260,1.959,1.716,0.3904,0.5631,0.0521,0.0251,0,0,1  -  Cliente - TelemetriaPulo:71
  23:13:28.218  TEL,19.41,FIM (volte e repita em outra velocidade),252.3,-16.6,1.396,0.6381,162.2,163,171,169.4,-0.01025,-0.1652,-0.1036,-0.01741,1.567,1.421,1.393,1.479,-1263,1.714,1.417,0.2902,0.5042,0.05848,0.02685,0,0,1  -  Cliente - TelemetriaPulo:71
  23:13:28.218  TEL,19.41,FIM (volte e repita em outra velocidade),252.2,-16.83,1.517,0.8766,162.2,162.9,171.3,169.4,-0.005593,-0.1658,-0.09498,0.01098,1.572,1.42,1.401,1.507,-1262,1.437,1.148,0.1913,0.437,0.0557,0.03102,0,0,1  -  Cliente - TelemetriaPulo:71
  23:13:28.218  TEL,19.42,FIM (volte e repita em outra velocidade),252.2,-17.82,1.526,0.9423,162.1,162.8,171.5,169.6,-0.007703,-0.162,-0.08352,0.03488,1.57,1.424,1.413,1.531,-1261,1.159,0.9387,0.09367,0.3619,0.04515,0.0369,0,0,2  -  Cliente - TelemetriaPulo:71
  23:13:28.218  TEL,19.42,FIM (volte e repita em outra velocidade),252.8,-20.68,1.412,-0.6541,168.5,162.7,169.8,170.1,-0.09693,-0.1697,-0.06499,0.03539,1.484,1.417,1.431,1.532,-1261,1.613,0.6194,0.009549,0.1894,0.02677,0.04766,0,0,3  -  Cliente - TelemetriaPulo:71
  23:13:28.218  TEL,19.43,FIM (volte e repita em outra velocidade),252.3,-20.13,1.342,-0.2737,168.1,162.6,170.3,170.4,-0.2466,-0.1693,-0.05559,0.02332,1.347,1.417,1.441,1.52,-1264,1.029,0.3452,0.05595,0.09067,0.02419,0.05003,0,0,1  -  Cliente - TelemetriaPulo:71
  23:13:28.218  TEL,19.43,FIM (volte e repita em outra velocidade),250.4,-17.63,1.125,-4.878,168,169.3,170.2,171,-0.3366,-0.5032,0.03875,-0.06225,1.262,1.1,1.535,1.434,-1261,1.074,-0.5037,0.08942,0.1492,0.01453,0.04301,0,0,2  -  Cliente - TelemetriaPulo:71
  23:13:28.219  TEL,19.44,FIM (volte e repita em outra velocidade),250.1,-12.54,0.5661,6.286,167.9,168.1,169.7,171.2,-0.3694,-0.5453,-0.02728,0.02645,1.232,1.067,1.469,1.523,-1252,0.05641,-3.462,0.0775,0.24,0.01938,0.02337,0,0,2  -  Cliente - TelemetriaPulo:71
  23:13:28.219  TEL,19.44,FIM (volte e repita em outra velocidade),250.5,-8.763,0.05367,3.503,167.8,167.9,169.8,168.8,-0.3569,-0.5686,-0.01079,-0.0264,1.243,1.051,1.486,1.47,-1250,-0.4403,-3.681,0.04461,0.2647,0.01371,0.06049,0,0,2  -  Cliente - TelemetriaPulo:71
  23:13:28.219  TEL,19.45,FIM (volte e repita em outra velocidade),250.5,-3.63,-0.1776,0.5757,167.7,167.6,169.1,168.9,-0.3106,-0.5314,0.02099,-0.05495,1.287,1.088,1.517,1.441,-1252,-0.6552,-3.477,-0.006731,0.2586,0.005026,0.09258,0,0,2  -  Cliente - TelemetriaPulo:71
  23:13:28.219  TEL,19.46,FIM (volte e repita em outra velocidade),250.6,1.525,-0.4785,1.01,169,167.4,168.1,169.4,-0.2879,-0.3654,-0.0326,-0.01152,1.307,1.236,1.464,1.485,-1253,-0.3141,-1.946,-0.0005429,0.2207,0.01324,0.1378,0,0,2  -  Cliente - TelemetriaPulo:71
  23:13:28.219  TEL,19.46,FIM (volte e repita em outra velocidade),250.9,2.915,-0.6047,0.3311,168.8,167.3,168.3,169.6,-0.26,-0.2644,-0.03876,-0.01066,1.332,1.329,1.458,1.486,-1253,-0.02389,-1.112,0.02454,0.1771,0.03129,0.1554,0,0,2  -  Cliente - TelemetriaPulo:71
  23:13:28.219  TEL,19.47,FIM (volte e repita em outra velocidade),251.2,2.424,-0.6971,-0.7504,167.6,167.2,168.4,170.2,-0.1371,-0.06038,0.00618,-0.02685,1.447,1.52,1.503,1.47,-1254,0.2895,0.1624,0.03228,0.06998,0.02718,0.1773,0,0,2  -  Cliente - TelemetriaPulo:71
  23:13:28.219  TEL,19.47,FIM (volte e repita em outra velocidade),251.1,0.2775,-0.59,-0.9747,167.5,167.1,168.6,170.4,-0.07971,0.02178,0.02766,-0.03911,1.501,1.598,1.524,1.457,-1256,0.3987,0.5261,0.03215,0.0178,0.02499,0.1796,0,0,3  -  Cliente - TelemetriaPulo:71
  23:13:28.219  TEL,19.48,FIM (volte e repita em outra velocidade),250.8,-2.851,-0.3746,-2.012,167.5,170.3,164.7,170.7,-0.01996,0.02458,-0.02634,-0.06338,1.558,1.6,1.47,1.433,-1255,0.4727,0.548,0.03069,0.009866,0.1093,0.1752,0,0,2  -  Cliente - TelemetriaPulo:71
  23:13:28.219  TEL,19.48,FIM (volte e repita em outra velocidade),250.2,-3.311,0.3112,-2.045,167.4,170.1,164.8,170.9,0.01108,0.01384,-0.0438,-0.05316,1.587,1.59,1.453,1.443,-1254,0.213,0.3443,0.03235,0.006665,0.1828,0.1613,0,0,2  -  Cliente - TelemetriaPulo:71
  23:13:28.219  TEL,19.49,FIM (volte e repita em outra velocidade),250.5,-4.08,0.466,-1.503,167.3,169.1,165.3,171.4,0.05134,-0.0282,-0.06516,-0.003363,1.626,1.55,1.431,1.493,-1251,-0.5307,0.2235,0.04786,0.008062,0.3056,0.12,0,0,2  -  Cliente - TelemetriaPulo:71
  23:13:28.219  TEL,19.5,FIM (volte e repita em outra velocidade),250.4,-5.952,0.579,-0.1895,167.2,168.1,165.6,171.7,0.02616,-0.132,-0.08609,0.04338,1.602,1.453,1.41,1.54,-1252,-0.9125,-0.3292,0.06264,0.1186,0.3546,0.09714,0,0,0  -  Cliente - TelemetriaPulo:71
  23:13:28.219  TEL,19.5,FIM (volte e repita em outra velocidade),250.1,-6.753,0.5089,-0.1211,167.1,167.7,165.8,171.9,-0.005215,-0.265,-0.1072,0.08434,1.572,1.327,1.389,1.581,-1252,-1.121,0.141,0.07858,0.2173,0.3931,0.07794,0,0,0  -  Cliente - TelemetriaPulo:71
  23:13:28.219  TEL,19.51,FIM (volte e repita em outra velocidade),250.9,-5.196,-0.04528,0.08626,167,167.6,166.3,172.4,-0.03251,-0.3992,-0.1352,0.1243,1.546,1.205,1.361,1.621,-1251,-1.227,0.2516,0.1077,0.3534,0.4353,0.05462,0,0,0  -  Cliente - TelemetriaPulo:71
  23:13:28.219  TEL,19.51,FIM (volte e repita em outra velocidade),250.6,-5.748,0.06341,0.2139,167,167.5,166.5,172.6,-0.04645,-0.4289,-0.1348,0.1376,1.533,1.178,1.362,1.634,-1254,-1.184,0.3985,0.1206,0.3875,0.438,0.0503,0,0,0  -  Cliente - TelemetriaPulo:71
  23:13:28.219  TEL,19.52,FIM (volte e repita em outra velocidade),251,-5.04,-0.3402,0.4056,166.9,167.3,167,173.1,-0.05099,-0.3949,-0.1261,0.1325,1.529,1.209,1.37,1.629,-1253,-0.8685,0.7726,0.1397,0.3872,0.4108,0.05666,0,0,0  -  Cliente - TelemetriaPulo:71
  23:13:28.219  TEL,19.52,FIM (volte e repita em outra velocidade),251.2,-4.905,-0.4719,0.4498,166.8,167.2,167.3,173.4,-0.04491,-0.3402,-0.1155,0.1181,1.534,1.259,1.381,1.614,-1255,-0.635,0.9581,0.1468,0.3574,0.3819,0.0649,0,0,0  -  Cliente - TelemetriaPulo:71
  23:13:28.219  TEL,19.53,FIM (volte e repita em outra velocidade),251.3,-5.126,-0.5484,0.4524,166.8,167.1,167.5,173.6,-0.03705,-0.2696,-0.1003,0.09813,1.542,1.324,1.396,1.594,-1256,-0.3731,1.111,0.1529,0.3129,0.3441,0.07463,0,0,0  -  Cliente - TelemetriaPulo:71
  23:13:28.219  TEL,19.53,FIM (volte e repita em outra velocidade),251.4,-7.031,-0.519,0.3382,166.7,167,168,174.1,-0.02975,-0.1155,-0.05727,0.04824,1.549,1.468,1.439,1.545,-1257,0.1429,1.275,0.1644,0.1982,0.2474,0.09145,0,0,0  -  Cliente - TelemetriaPulo:71
  23:13:28.219  TEL,19.54,FIM (volte e repita em outra velocidade),251.3,-8.837,-0.4029,0.249,166.7,167,168.3,174.4,-0.03795,-0.04982,-0.03093,0.0219,1.541,1.53,1.465,1.518,-1257,0.3542,1.276,0.1698,0.1368,0.1918,0.09529,0,0,0  -  Cliente - TelemetriaPulo:71
  23:13:28.219  TEL,19.54,FIM (volte e repita em outra velocidade),251.2,-11.01,-0.2584,0.1571,166.6,166.9,168.6,174.6,-0.0565,-3.363e-05,-0.003793,-0.00372,1.523,1.577,1.493,1.493,-1257,0.5137,1.228,0.174,0.07743,0.1336,0.0939,0,0,0  -  Cliente - TelemetriaPulo:71
  23:13:28.219  TEL,19.55,FIM (volte e repita em outra velocidade),251.4,-13.86,-0.2358,0.08239,166.5,168.4,169.1,175.2,-0.09772,0.0152,0.03565,-0.05511,1.484,1.591,1.532,1.441,-1256,0.6592,0.695,0.1727,0.02191,0.01482,0.06978,0,0,2  -  Cliente - TelemetriaPulo:71
  23:13:28.220  TEL,19.56,FIM (volte e repita em outra velocidade),251.4,-14.92,-0.1836,1.459,166.5,166.5,169.2,175.4,-0.1422,0.0003623,-0.02056,-0.0511,1.442,1.577,1.476,1.445,-1257,0.6402,0.4193,0.1647,0.03326,0.008424,0.04445,0,0,3  -  Cliente - TelemetriaPulo:71
  23:13:28.220  TEL,19.56,FIM (volte e repita em outra velocidade),251.2,-13.92,0.08809,0.3164,166.4,166.5,169.2,175.7,-0.1598,-0.0407,-0.04942,-0.04099,1.426,1.538,1.447,1.455,-1257,0.8286,0.5046,0.1474,0.04483,0.003238,0.01295,0,0,3  -  Cliente - TelemetriaPulo:71
  23:13:28.220  TEL,19.57,FIM (volte e repita em outra velocidade),250.8,-7.358,1.105,-1.798,166.3,166.4,169,168.3,-0.09959,-0.1863,-0.1866,-0.09196,1.482,1.401,1.31,1.404,-1256,0.2873,-0.3367,0.09334,0.05061,0.2444,0.0102,0,0,1  -  Cliente - TelemetriaPulo:71
  23:13:28.220  TEL,19.57,FIM (volte e repita em outra velocidade),249.7,-3.941,1.587,0.01745,166.3,166.3,169.1,170.3,-0.09359,-0.2006,-0.1979,-0.1044,1.488,1.388,1.298,1.392,-1254,-0.2526,-0.7624,0.06122,0.03604,0.3287,0.09945,0,0,1  -  Cliente - TelemetriaPulo:71
  23:13:28.220  TEL,19.58,FIM (volte e repita em outra velocidade),249.2,0.1025,2.174,2.656,167.5,166.2,169.6,170.6,-0.1459,-0.2825,-0.1428,0.0144,1.439,1.316,1.354,1.511,-1248,-0.7818,-2.35,0.01407,0.1464,0.4582,0.253,0,0,1  -  Cliente - TelemetriaPulo:71
  23:13:28.220  TEL,19.58,FIM (volte e repita em outra velocidade),249,1.27,1.702,2.389,167.7,165.3,169.8,170.8,-0.1888,-0.4052,-0.1331,0.07671,1.399,1.198,1.363,1.573,-1246,-0.4009,-1.6,0.009946,0.263,0.5098,0.3338,0,0,1  -  Cliente - TelemetriaPulo:71
  23:13:28.220  TEL,19.59,FIM (volte e repita em outra velocidade),249.6,3.381,1.032,0.859,165.8,165.1,170,171,-0.248,-0.472,-0.1041,0.08555,1.343,1.139,1.392,1.582,-1245,0.1516,-1.297,0.08469,0.3544,0.5524,0.4208,0,0,0  -  Cliente - TelemetriaPulo:71
  23:13:28.220  TEL,19.59,FIM (volte e repita em outra velocidade),248.7,3.122,1.06,0.637,165.5,165,170.3,171.2,-0.314,-0.5228,-0.06486,0.08336,1.283,1.093,1.431,1.58,-1248,-0.3531,-0.8421,0.1431,0.4187,0.589,0.51,0,0,0  -  Cliente - TelemetriaPulo:71
  23:13:28.220  TEL,19.6,FIM (volte e repita em outra velocidade),249.7,6.679,0.1004,0.9008,165.3,164.8,170.8,171.7,-0.3141,-0.4623,-0.023,0.05486,1.283,1.148,1.473,1.551,-1243,-0.061,0.3255,0.2055,0.4641,99,99,0,0,0  -  Cliente - TelemetriaPulo:71
  23:13:28.220  TEL,19.61,FIM (volte e repita em outra velocidade),250.2,8.101,-0.2112,0.9865,165.2,164.7,171.1,172,-0.2674,-0.3723,-0.01068,0.03366,1.326,1.229,1.486,1.53,-1249,0.1756,0.9545,0.2129,0.4525,99,99,0,0,0  -  Cliente - TelemetriaPulo:71
  23:13:28.220  TEL,19.61,FIM (volte e repita em outra velocidade),250.5,8.775,-0.3944,1.016,165.1,164.6,171.3,172.3,-0.2027,-0.2592,-0.0002727,0.0123,1.386,1.333,1.496,1.509,-1251,0.4516,1.531,0.2091,0.4261,99,99,0,0,0  -  Cliente - TelemetriaPulo:71
  23:13:28.220  TEL,19.62,FIM (volte e repita em outra velocidade),250.5,6.852,-0.3449,0.879,164.9,164.5,171.9,172.8,-0.06508,-0.02774,0.02109,-0.02577,1.515,1.55,1.517,1.471,-1253,1.017,2.368,0.1862,0.3577,99,99,0,0,0  -  Cliente - TelemetriaPulo:71
  23:13:28.220  TEL,19.62,FIM (volte e repita em outra velocidade),250.1,3.954,-0.08204,0.7685,164.9,164.5,172.1,173,-0.01808,0.05746,0.03372,-0.0394,1.56,1.631,1.53,1.457,-1253,1.236,2.598,0.175,0.3288,99,99,0,0,0  -  Cliente - TelemetriaPulo:71
  23:13:28.220  TEL,19.63,FIM (volte e repita em outra velocidade),249.6,0.2256,0.2519,0.6635,164.9,164.4,172.4,173.3,0.00316,0.1082,0.04607,-0.04911,1.58,1.68,1.542,1.447,-1251,1.379,2.713,0.1665,0.309,99,99,0,0,0  -  Cliente - TelemetriaPulo:71
  23:13:28.220  TEL,19.63,FIM (volte e repita em outra velocidade),249.8,-4.007,0.3361,0.5183,164.8,164.2,172.9,173.8,0.01842,0.1543,0.04529,-0.07529,1.594,1.724,1.542,1.421,-1248,1.534,2.508,0.1582,0.3016,99,99,0,0,0  -  Cliente - TelemetriaPulo:71
  23:13:28.220  TEL,19.64,FIM (volte e repita em outra velocidade),249.6,-6.586,0.5732,0.4791,164.7,164.1,173.2,174.1,-0.003056,0.1338,0.04565,-0.07691,1.574,1.704,1.542,1.419,-1249,1.505,2.285,0.1579,0.3147,99,99,0,0,0  -  Cliente - TelemetriaPulo:71
  23:13:28.220  TEL,19.64,FIM (volte e repita em outra velocidade),249.5,-8.814,0.7454,0.4541,164.7,164,173.5,174.4,-0.03804,0.09143,0.04472,-0.07284,1.541,1.664,1.541,1.424,-1248,1.422,2.003,0.1576,0.3357,99,99,0,0,0  -  Cliente - TelemetriaPulo:71
  23:13:28.220  TEL,19.65,FIM (volte e repita em outra velocidade),249.4,-11.7,0.8661,0.4432,164.6,163.9,174,174.9,-0.1215,-0.02723,0.03634,-0.05386,1.462,1.551,1.533,1.443,-1247,1.144,1.342,0.1456,0.3866,99,99,0,0,0  -  Cliente - TelemetriaPulo:71
  23:13:28.221  TEL,19.66,FIM (volte e repita em outra velocidade),249.5,-12.21,0.8011,0.4498,164.5,163.9,174.3,175.2,-0.1556,-0.08628,0.02834,-0.042,1.43,1.495,1.525,1.454,-1247,0.9718,1.008,0.1289,0.4087,99,99,0,0,0  -  Cliente - TelemetriaPulo:71
  23:13:28.221  TEL,19.66,FIM (volte e repita em outra velocidade),249.6,-12.08,0.6556,0.4522,164.5,163.8,174.5,175.4,-0.1762,-0.1344,0.01783,-0.03063,1.411,1.45,1.514,1.466,-1247,0.795,0.6977,0.1027,0.424,99,99,0,0,0  -  Cliente - TelemetriaPulo:71
  23:13:28.221  TEL,19.67,FIM (volte e repita em outra velocidade),250.1,-10.92,0.3041,0.452,164.4,163.7,175.1,176,-0.1679,-0.1832,-0.006019,-0.009904,1.419,1.404,1.49,1.486,-1248,0.4527,0.2057,0.02132,0.4267,99,99,0,0,1  -  Cliente - TelemetriaPulo:71
  23:13:28.221  TEL,19.67,FIM (volte e repita em outra velocidade),249.6,-12.02,0.4898,-0.2191,167.4,163.6,175.6,176.5,-0.1945,-0.2087,-0.0003846,-0.003514,1.393,1.38,1.496,1.493,-1250,0.9198,0.0641,0.02959,0.413,99,99,0,0,1  -  Cliente - TelemetriaPulo:71
  23:13:28.221  TEL,19.68,FIM (volte e repita em outra velocidade),249.4,-11.89,0.3086,-0.5037,167.1,163.5,176,176.9,-0.2273,-0.2251,0.008287,-0.008543,1.363,1.365,1.505,1.488,-1248,0.3048,-0.08801,0.02839,0.3874,99,99,0,0,1  -  Cliente - TelemetriaPulo:71
  23:13:28.221  TEL,19.68,FIM (volte e repita em outra velocidade),249.7,-10.93,-0.03167,-0.8752,167.8,163.4,177,177.9,-0.241,-0.204,0.0207,-0.02146,1.35,1.385,1.517,1.475,-1247,0.2398,-0.4868,0.02267,0.3,99,99,0,0,1  -  Cliente - TelemetriaPulo:71
  23:13:28.221  TEL,19.69,FIM (volte e repita em outra velocidade),249.8,-10.63,-0.1656,-1.073,168.1,163.3,177.4,178.3,-0.2349,-0.1753,0.02797,-0.03067,1.356,1.412,1.524,1.466,-1249,0.1379,-0.7119,0.01852,0.241,99,99,0,0,1  -  Cliente - TelemetriaPulo:71
  23:13:28.221  TEL,19.69,FIM (volte e repita em outra velocidade),249.7,-10.53,-0.2753,-2.86,167.1,163.3,177.8,178.8,-0.3309,-0.1624,0.05839,-0.0637,1.267,1.424,1.555,1.433,-1249,1.454,-0.9122,0.1658,0.1736,99,99,0,0,0  -  Cliente - TelemetriaPulo:71
  23:13:28.221  TEL,19.7,FIM (volte e repita em outra velocidade),249,-8.059,-0.66,-2.845,166,163.1,178.6,179.5,-0.4787,-0.0939,0.1063,-0.1131,1.133,1.488,1.603,1.383,-1248,0.1687,-1.674,0.3866,0.02136,99,99,0,0,1  -  Cliente - TelemetriaPulo:71
  23:13:28.222  TEL,19.71,FIM (volte e repita em outra velocidade),248.3,-6.961,-0.8542,-3.442,165.9,169.8,179,179.9,-0.4858,-0.1189,0.1248,-0.1313,1.127,1.464,1.621,1.365,-1245,-0.6017,-2.456,0.4571,0.007732,99,99,0,0,1  -  Cliente - TelemetriaPulo:71
  23:13:28.222  TEL,19.71,FIM (volte e repita em outra velocidade),248.5,-5.572,-1.061,-2.473,165.9,165.6,179.4,180.3,-0.4693,-0.1048,0.1215,-0.126,1.141,1.479,1.618,1.37,-1241,-1.536,-2.899,0.5017,0.01408,99,99,0,0,1  -  Cliente - TelemetriaPulo:71
  23:13:28.222  TEL,19.72,FIM (volte e repita em outra velocidade),248.7,-3.897,-1.414,-1.964,165.7,166.7,180.1,181,-0.3562,-0.1129,0.08177,-0.08414,1.244,1.47,1.578,1.412,-1243,-3.157,-2.476,0.5238,0.01947,99,99,0,0,1  -  Cliente - TelemetriaPulo:71
  23:13:28.222  TEL,19.72,FIM (volte e repita em outra velocidade),248.9,-3.768,-1.531,-1.883,165.7,166.9,180.5,181.4,-0.2695,-0.1042,0.05558,-0.05776,1.324,1.478,1.552,1.439,-1244,-3.752,-2.509,0.5094,0.02379,99,99,0,0,1  -  Cliente - TelemetriaPulo:71
  23:13:28.222  TEL,19.73,FIM (volte e repita em outra velocidade),249.1,-4.227,-1.593,-1.78,165.6,166.9,180.8,181.8,-0.173,-0.08998,0.02777,-0.03132,1.414,1.492,1.524,1.465,-1245,-4.186,-2.687,0.4849,0.02944,99,0.4986,0,0,1  -  Cliente - TelemetriaPulo:71
  23:13:28.222  TEL,19.73,FIM (volte e repita em outra velocidade),248.5,-5.728,-1.646,0.136,165.5,165.4,181.5,182.5,-0.03831,-0.3019,-0.07652,0.06878,1.541,1.293,1.42,1.565,-1245,-4.502,-3.353,0.426,0.3258,99,0.2789,0,0,0  -  Cliente - TelemetriaPulo:71
  23:13:28.222  TEL,19.74,FIM (volte e repita em outra velocidade),248.4,-5.609,-1.73,0.3206,165.4,165.3,181.9,182.8,0.02721,-0.3801,-0.1178,0.1094,1.603,1.222,1.379,1.606,-1242,-4.275,-3.038,0.3985,0.4453,99,0.1755,0,0,0  -  Cliente - TelemetriaPulo:71
  23:13:28.222  TEL,19.74,FIM (volte e repita em outra velocidade),248.5,-5.638,-1.809,0.5361,165.4,165.2,182.2,183.2,0.08596,-0.4293,-0.1511,0.1425,1.659,1.177,1.345,1.639,-1242,-3.861,-2.471,0.3768,0.5412,99,0.07859,0,0,0  -  Cliente - TelemetriaPulo:71
  23:13:28.222  ===== fim =====  -  Cliente - TelemetriaPulo:72
  23:13:28.872  ##### PULO #8  trecho=FIM (volte e repita em outra velocidade)  vel=246  impulso no frame t=19.767 (ΔVy=9.5, assoalho=0, asa=0, rodas no chão antes=0)  -  Cliente - TelemetriaPulo:215
  23:13:28.872  ===== PULO #8 =====  -  Cliente - TelemetriaPulo:69
  23:13:28.872  TEL,t,trecho,vel,vyChassi,arfagem,rolagem,wFD,wFE,wTD,wTE,posFD,posFE,posTD,posTE,molaFD,molaFE,molaTD,molaTE,downforce,dirFD,dirFE,chaoFD,chaoFE,chaoTD,chaoTE,assoalho,asa,rodasNoChao  -  Cliente - TelemetriaPulo:70
  23:13:28.872  TEL,19.41,FIM (volte e repita em outra velocidade),252.2,-16.83,1.517,0.8766,162.2,162.9,171.3,169.4,-0.005593,-0.1658,-0.09498,0.01098,1.572,1.42,1.401,1.507,-1262,1.437,1.148,0.1913,0.437,0.0557,0.03102,0,0,1  -  Cliente - TelemetriaPulo:71
  23:13:28.872  TEL,19.42,FIM (volte e repita em outra velocidade),252.2,-17.82,1.526,0.9423,162.1,162.8,171.5,169.6,-0.007703,-0.162,-0.08352,0.03488,1.57,1.424,1.413,1.531,-1261,1.159,0.9387,0.09367,0.3619,0.04515,0.0369,0,0,2  -  Cliente - TelemetriaPulo:71
  23:13:28.872  TEL,19.42,FIM (volte e repita em outra velocidade),252.8,-20.68,1.412,-0.6541,168.5,162.7,169.8,170.1,-0.09693,-0.1697,-0.06499,0.03539,1.484,1.417,1.431,1.532,-1261,1.613,0.6194,0.009549,0.1894,0.02677,0.04766,0,0,3  -  Cliente - TelemetriaPulo:71
  23:13:28.872  TEL,19.43,FIM (volte e repita em outra velocidade),252.3,-20.13,1.342,-0.2737,168.1,162.6,170.3,170.4,-0.2466,-0.1693,-0.05559,0.02332,1.347,1.417,1.441,1.52,-1264,1.029,0.3452,0.05595,0.09067,0.02419,0.05003,0,0,1  -  Cliente - TelemetriaPulo:71
  23:13:28.873  TEL,19.43,FIM (volte e repita em outra velocidade),250.4,-17.63,1.125,-4.878,168,169.3,170.2,171,-0.3366,-0.5032,0.03875,-0.06225,1.262,1.1,1.535,1.434,-1261,1.074,-0.5037,0.08942,0.1492,0.01453,0.04301,0,0,2  -  Cliente - TelemetriaPulo:71
  23:13:28.873  TEL,19.44,FIM (volte e repita em outra velocidade),250.1,-12.54,0.5661,6.286,167.9,168.1,169.7,171.2,-0.3694,-0.5453,-0.02728,0.02645,1.232,1.067,1.469,1.523,-1252,0.05641,-3.462,0.0775,0.24,0.01938,0.02337,0,0,2  -  Cliente - TelemetriaPulo:71
  23:13:28.873  TEL,19.44,FIM (volte e repita em outra velocidade),250.5,-8.763,0.05367,3.503,167.8,167.9,169.8,168.8,-0.3569,-0.5686,-0.01079,-0.0264,1.243,1.051,1.486,1.47,-1250,-0.4403,-3.681,0.04461,0.2647,0.01371,0.06049,0,0,2  -  Cliente - TelemetriaPulo:71
  23:13:28.873  TEL,19.45,FIM (volte e repita em outra velocidade),250.5,-3.63,-0.1776,0.5757,167.7,167.6,169.1,168.9,-0.3106,-0.5314,0.02099,-0.05495,1.287,1.088,1.517,1.441,-1252,-0.6552,-3.477,-0.006731,0.2586,0.005026,0.09258,0,0,2  -  Cliente - TelemetriaPulo:71
  23:13:28.873  TEL,19.46,FIM (volte e repita em outra velocidade),250.6,1.525,-0.4785,1.01,169,167.4,168.1,169.4,-0.2879,-0.3654,-0.0326,-0.01152,1.307,1.236,1.464,1.485,-1253,-0.3141,-1.946,-0.0005429,0.2207,0.01324,0.1378,0,0,2  -  Cliente - TelemetriaPulo:71
  23:13:28.873  TEL,19.46,FIM (volte e repita em outra velocidade),250.9,2.915,-0.6047,0.3311,168.8,167.3,168.3,169.6,-0.26,-0.2644,-0.03876,-0.01066,1.332,1.329,1.458,1.486,-1253,-0.02389,-1.112,0.02454,0.1771,0.03129,0.1554,0,0,2  -  Cliente - TelemetriaPulo:71
  23:13:28.873  TEL,19.47,FIM (volte e repita em outra velocidade),251.2,2.424,-0.6971,-0.7504,167.6,167.2,168.4,170.2,-0.1371,-0.06038,0.00618,-0.02685,1.447,1.52,1.503,1.47,-1254,0.2895,0.1624,0.03228,0.06998,0.02718,0.1773,0,0,2  -  Cliente - TelemetriaPulo:71
  23:13:28.873  TEL,19.47,FIM (volte e repita em outra velocidade),251.1,0.2775,-0.59,-0.9747,167.5,167.1,168.6,170.4,-0.07971,0.02178,0.02766,-0.03911,1.501,1.598,1.524,1.457,-1256,0.3987,0.5261,0.03215,0.0178,0.02499,0.1796,0,0,3  -  Cliente - TelemetriaPulo:71
  23:13:28.873  TEL,19.48,FIM (volte e repita em outra velocidade),250.8,-2.851,-0.3746,-2.012,167.5,170.3,164.7,170.7,-0.01996,0.02458,-0.02634,-0.06338,1.558,1.6,1.47,1.433,-1255,0.4727,0.548,0.03069,0.009866,0.1093,0.1752,0,0,2  -  Cliente - TelemetriaPulo:71
  23:13:28.873  TEL,19.48,FIM (volte e repita em outra velocidade),250.2,-3.311,0.3112,-2.045,167.4,170.1,164.8,170.9,0.01108,0.01384,-0.0438,-0.05316,1.587,1.59,1.453,1.443,-1254,0.213,0.3443,0.03235,0.006665,0.1828,0.1613,0,0,2  -  Cliente - TelemetriaPulo:71
  23:13:28.873  TEL,19.49,FIM (volte e repita em outra velocidade),250.5,-4.08,0.466,-1.503,167.3,169.1,165.3,171.4,0.05134,-0.0282,-0.06516,-0.003363,1.626,1.55,1.431,1.493,-1251,-0.5307,0.2235,0.04786,0.008062,0.3056,0.12,0,0,2  -  Cliente - TelemetriaPulo:71
  23:13:28.873  TEL,19.5,FIM (volte e repita em outra velocidade),250.4,-5.952,0.579,-0.1895,167.2,168.1,165.6,171.7,0.02616,-0.132,-0.08609,0.04338,1.602,1.453,1.41,1.54,-1252,-0.9125,-0.3292,0.06264,0.1186,0.3546,0.09714,0,0,0  -  Cliente - TelemetriaPulo:71
  23:13:28.873  TEL,19.5,FIM (volte e repita em outra velocidade),250.1,-6.753,0.5089,-0.1211,167.1,167.7,165.8,171.9,-0.005215,-0.265,-0.1072,0.08434,1.572,1.327,1.389,1.581,-1252,-1.121,0.141,0.07858,0.2173,0.3931,0.07794,0,0,0  -  Cliente - TelemetriaPulo:71
  23:13:28.873  TEL,19.51,FIM (volte e repita em outra velocidade),250.9,-5.196,-0.04528,0.08626,167,167.6,166.3,172.4,-0.03251,-0.3992,-0.1352,0.1243,1.546,1.205,1.361,1.621,-1251,-1.227,0.2516,0.1077,0.3534,0.4353,0.05462,0,0,0  -  Cliente - TelemetriaPulo:71
  23:13:28.873  TEL,19.51,FIM (volte e repita em outra velocidade),250.6,-5.748,0.06341,0.2139,167,167.5,166.5,172.6,-0.04645,-0.4289,-0.1348,0.1376,1.533,1.178,1.362,1.634,-1254,-1.184,0.3985,0.1206,0.3875,0.438,0.0503,0,0,0  -  Cliente - TelemetriaPulo:71
  23:13:28.873  TEL,19.52,FIM (volte e repita em outra velocidade),251,-5.04,-0.3402,0.4056,166.9,167.3,167,173.1,-0.05099,-0.3949,-0.1261,0.1325,1.529,1.209,1.37,1.629,-1253,-0.8685,0.7726,0.1397,0.3872,0.4108,0.05666,0,0,0  -  Cliente - TelemetriaPulo:71
  23:13:28.873  TEL,19.52,FIM (volte e repita em outra velocidade),251.2,-4.905,-0.4719,0.4498,166.8,167.2,167.3,173.4,-0.04491,-0.3402,-0.1155,0.1181,1.534,1.259,1.381,1.614,-1255,-0.635,0.9581,0.1468,0.3574,0.3819,0.0649,0,0,0  -  Cliente - TelemetriaPulo:71
  23:13:28.874  TEL,19.53,FIM (volte e repita em outra velocidade),251.3,-5.126,-0.5484,0.4524,166.8,167.1,167.5,173.6,-0.03705,-0.2696,-0.1003,0.09813,1.542,1.324,1.396,1.594,-1256,-0.3731,1.111,0.1529,0.3129,0.3441,0.07463,0,0,0  -  Cliente - TelemetriaPulo:71
  23:13:28.874  TEL,19.53,FIM (volte e repita em outra velocidade),251.4,-7.031,-0.519,0.3382,166.7,167,168,174.1,-0.02975,-0.1155,-0.05727,0.04824,1.549,1.468,1.439,1.545,-1257,0.1429,1.275,0.1644,0.1982,0.2474,0.09145,0,0,0  -  Cliente - TelemetriaPulo:71
  23:13:28.874  TEL,19.54,FIM (volte e repita em outra velocidade),251.3,-8.837,-0.4029,0.249,166.7,167,168.3,174.4,-0.03795,-0.04982,-0.03093,0.0219,1.541,1.53,1.465,1.518,-1257,0.3542,1.276,0.1698,0.1368,0.1918,0.09529,0,0,0  -  Cliente - TelemetriaPulo:71
  23:13:28.874  TEL,19.54,FIM (volte e repita em outra velocidade),251.2,-11.01,-0.2584,0.1571,166.6,166.9,168.6,174.6,-0.0565,-3.363e-05,-0.003793,-0.00372,1.523,1.577,1.493,1.493,-1257,0.5137,1.228,0.174,0.07743,0.1336,0.0939,0,0,0  -  Cliente - TelemetriaPulo:71
  23:13:28.874  TEL,19.55,FIM (volte e repita em outra velocidade),251.4,-13.86,-0.2358,0.08239,166.5,168.4,169.1,175.2,-0.09772,0.0152,0.03565,-0.05511,1.484,1.591,1.532,1.441,-1256,0.6592,0.695,0.1727,0.02191,0.01482,0.06978,0,0,2  -  Cliente - TelemetriaPulo:71
  23:13:28.874  TEL,19.56,FIM (volte e repita em outra velocidade),251.4,-14.92,-0.1836,1.459,166.5,166.5,169.2,175.4,-0.1422,0.0003623,-0.02056,-0.0511,1.442,1.577,1.476,1.445,-1257,0.6402,0.4193,0.1647,0.03326,0.008424,0.04445,0,0,3  -  Cliente - TelemetriaPulo:71
  23:13:28.874  TEL,19.56,FIM (volte e repita em outra velocidade),251.2,-13.92,0.08809,0.3164,166.4,166.5,169.2,175.7,-0.1598,-0.0407,-0.04942,-0.04099,1.426,1.538,1.447,1.455,-1257,0.8286,0.5046,0.1474,0.04483,0.003238,0.01295,0,0,3  -  Cliente - TelemetriaPulo:71
  23:13:28.874  TEL,19.57,FIM (volte e repita em outra velocidade),250.8,-7.358,1.105,-1.798,166.3,166.4,169,168.3,-0.09959,-0.1863,-0.1866,-0.09196,1.482,1.401,1.31,1.404,-1256,0.2873,-0.3367,0.09334,0.05061,0.2444,0.0102,0,0,1  -  Cliente - TelemetriaPulo:71
  23:13:28.874  TEL,19.57,FIM (volte e repita em outra velocidade),249.7,-3.941,1.587,0.01745,166.3,166.3,169.1,170.3,-0.09359,-0.2006,-0.1979,-0.1044,1.488,1.388,1.298,1.392,-1254,-0.2526,-0.7624,0.06122,0.03604,0.3287,0.09945,0,0,1  -  Cliente - TelemetriaPulo:71
  23:13:28.874  TEL,19.58,FIM (volte e repita em outra velocidade),249.2,0.1025,2.174,2.656,167.5,166.2,169.6,170.6,-0.1459,-0.2825,-0.1428,0.0144,1.439,1.316,1.354,1.511,-1248,-0.7818,-2.35,0.01407,0.1464,0.4582,0.253,0,0,1  -  Cliente - TelemetriaPulo:71
  23:13:28.874  TEL,19.58,FIM (volte e repita em outra velocidade),249,1.27,1.702,2.389,167.7,165.3,169.8,170.8,-0.1888,-0.4052,-0.1331,0.07671,1.399,1.198,1.363,1.573,-1246,-0.4009,-1.6,0.009946,0.263,0.5098,0.3338,0,0,1  -  Cliente - TelemetriaPulo:71
  23:13:28.874  TEL,19.59,FIM (volte e repita em outra velocidade),249.6,3.381,1.032,0.859,165.8,165.1,170,171,-0.248,-0.472,-0.1041,0.08555,1.343,1.139,1.392,1.582,-1245,0.1516,-1.297,0.08469,0.3544,0.5524,0.4208,0,0,0  -  Cliente - TelemetriaPulo:71
  23:13:28.874  TEL,19.59,FIM (volte e repita em outra velocidade),248.7,3.122,1.06,0.637,165.5,165,170.3,171.2,-0.314,-0.5228,-0.06486,0.08336,1.283,1.093,1.431,1.58,-1248,-0.3531,-0.8421,0.1431,0.4187,0.589,0.51,0,0,0  -  Cliente - TelemetriaPulo:71
  23:13:28.874  TEL,19.6,FIM (volte e repita em outra velocidade),249.7,6.679,0.1004,0.9008,165.3,164.8,170.8,171.7,-0.3141,-0.4623,-0.023,0.05486,1.283,1.148,1.473,1.551,-1243,-0.061,0.3255,0.2055,0.4641,99,99,0,0,0  -  Cliente - TelemetriaPulo:71
  23:13:28.874  TEL,19.61,FIM (volte e repita em outra velocidade),250.2,8.101,-0.2112,0.9865,165.2,164.7,171.1,172,-0.2674,-0.3723,-0.01068,0.03366,1.326,1.229,1.486,1.53,-1249,0.1756,0.9545,0.2129,0.4525,99,99,0,0,0  -  Cliente - TelemetriaPulo:71
  23:13:28.874  TEL,19.61,FIM (volte e repita em outra velocidade),250.5,8.775,-0.3944,1.016,165.1,164.6,171.3,172.3,-0.2027,-0.2592,-0.0002727,0.0123,1.386,1.333,1.496,1.509,-1251,0.4516,1.531,0.2091,0.4261,99,99,0,0,0  -  Cliente - TelemetriaPulo:71
  23:13:28.874  TEL,19.62,FIM (volte e repita em outra velocidade),250.5,6.852,-0.3449,0.879,164.9,164.5,171.9,172.8,-0.06508,-0.02774,0.02109,-0.02577,1.515,1.55,1.517,1.471,-1253,1.017,2.368,0.1862,0.3577,99,99,0,0,0  -  Cliente - TelemetriaPulo:71
  23:13:28.874  TEL,19.62,FIM (volte e repita em outra velocidade),250.1,3.954,-0.08204,0.7685,164.9,164.5,172.1,173,-0.01808,0.05746,0.03372,-0.0394,1.56,1.631,1.53,1.457,-1253,1.236,2.598,0.175,0.3288,99,99,0,0,0  -  Cliente - TelemetriaPulo:71
  23:13:28.874  TEL,19.63,FIM (volte e repita em outra velocidade),249.6,0.2256,0.2519,0.6635,164.9,164.4,172.4,173.3,0.00316,0.1082,0.04607,-0.04911,1.58,1.68,1.542,1.447,-1251,1.379,2.713,0.1665,0.309,99,99,0,0,0  -  Cliente - TelemetriaPulo:71
  23:13:28.874  TEL,19.63,FIM (volte e repita em outra velocidade),249.8,-4.007,0.3361,0.5183,164.8,164.2,172.9,173.8,0.01842,0.1543,0.04529,-0.07529,1.594,1.724,1.542,1.421,-1248,1.534,2.508,0.1582,0.3016,99,99,0,0,0  -  Cliente - TelemetriaPulo:71
  23:13:28.875  TEL,19.64,FIM (volte e repita em outra velocidade),249.6,-6.586,0.5732,0.4791,164.7,164.1,173.2,174.1,-0.003056,0.1338,0.04565,-0.07691,1.574,1.704,1.542,1.419,-1249,1.505,2.285,0.1579,0.3147,99,99,0,0,0  -  Cliente - TelemetriaPulo:71
  23:13:28.875  TEL,19.64,FIM (volte e repita em outra velocidade),249.5,-8.814,0.7454,0.4541,164.7,164,173.5,174.4,-0.03804,0.09143,0.04472,-0.07284,1.541,1.664,1.541,1.424,-1248,1.422,2.003,0.1576,0.3357,99,99,0,0,0  -  Cliente - TelemetriaPulo:71
  23:13:28.875  TEL,19.65,FIM (volte e repita em outra velocidade),249.4,-11.7,0.8661,0.4432,164.6,163.9,174,174.9,-0.1215,-0.02723,0.03634,-0.05386,1.462,1.551,1.533,1.443,-1247,1.144,1.342,0.1456,0.3866,99,99,0,0,0  -  Cliente - TelemetriaPulo:71
  23:13:28.875  TEL,19.66,FIM (volte e repita em outra velocidade),249.5,-12.21,0.8011,0.4498,164.5,163.9,174.3,175.2,-0.1556,-0.08628,0.02834,-0.042,1.43,1.495,1.525,1.454,-1247,0.9718,1.008,0.1289,0.4087,99,99,0,0,0  -  Cliente - TelemetriaPulo:71
  23:13:28.875  TEL,19.66,FIM (volte e repita em outra velocidade),249.6,-12.08,0.6556,0.4522,164.5,163.8,174.5,175.4,-0.1762,-0.1344,0.01783,-0.03063,1.411,1.45,1.514,1.466,-1247,0.795,0.6977,0.1027,0.424,99,99,0,0,0  -  Cliente - TelemetriaPulo:71
  23:13:28.875  TEL,19.67,FIM (volte e repita em outra velocidade),250.1,-10.92,0.3041,0.452,164.4,163.7,175.1,176,-0.1679,-0.1832,-0.006019,-0.009904,1.419,1.404,1.49,1.486,-1248,0.4527,0.2057,0.02132,0.4267,99,99,0,0,1  -  Cliente - TelemetriaPulo:71
  23:13:28.875  TEL,19.67,FIM (volte e repita em outra velocidade),249.6,-12.02,0.4898,-0.2191,167.4,163.6,175.6,176.5,-0.1945,-0.2087,-0.0003846,-0.003514,1.393,1.38,1.496,1.493,-1250,0.9198,0.0641,0.02959,0.413,99,99,0,0,1  -  Cliente - TelemetriaPulo:71
  23:13:28.875  TEL,19.68,FIM (volte e repita em outra velocidade),249.4,-11.89,0.3086,-0.5037,167.1,163.5,176,176.9,-0.2273,-0.2251,0.008287,-0.008543,1.363,1.365,1.505,1.488,-1248,0.3048,-0.08801,0.02839,0.3874,99,99,0,0,1  -  Cliente - TelemetriaPulo:71
  23:13:28.875  TEL,19.68,FIM (volte e repita em outra velocidade),249.7,-10.93,-0.03167,-0.8752,167.8,163.4,177,177.9,-0.241,-0.204,0.0207,-0.02146,1.35,1.385,1.517,1.475,-1247,0.2398,-0.4868,0.02267,0.3,99,99,0,0,1  -  Cliente - TelemetriaPulo:71
  23:13:28.875  TEL,19.69,FIM (volte e repita em outra velocidade),249.8,-10.63,-0.1656,-1.073,168.1,163.3,177.4,178.3,-0.2349,-0.1753,0.02797,-0.03067,1.356,1.412,1.524,1.466,-1249,0.1379,-0.7119,0.01852,0.241,99,99,0,0,1  -  Cliente - TelemetriaPulo:71
  23:13:28.875  TEL,19.69,FIM (volte e repita em outra velocidade),249.7,-10.53,-0.2753,-2.86,167.1,163.3,177.8,178.8,-0.3309,-0.1624,0.05839,-0.0637,1.267,1.424,1.555,1.433,-1249,1.454,-0.9122,0.1658,0.1736,99,99,0,0,0  -  Cliente - TelemetriaPulo:71
  23:13:28.875  TEL,19.7,FIM (volte e repita em outra velocidade),249,-8.059,-0.66,-2.845,166,163.1,178.6,179.5,-0.4787,-0.0939,0.1063,-0.1131,1.133,1.488,1.603,1.383,-1248,0.1687,-1.674,0.3866,0.02136,99,99,0,0,1  -  Cliente - TelemetriaPulo:71
  23:13:28.875  TEL,19.71,FIM (volte e repita em outra velocidade),248.3,-6.961,-0.8542,-3.442,165.9,169.8,179,179.9,-0.4858,-0.1189,0.1248,-0.1313,1.127,1.464,1.621,1.365,-1245,-0.6017,-2.456,0.4571,0.007732,99,99,0,0,1  -  Cliente - TelemetriaPulo:71
  23:13:28.875  TEL,19.71,FIM (volte e repita em outra velocidade),248.5,-5.572,-1.061,-2.473,165.9,165.6,179.4,180.3,-0.4693,-0.1048,0.1215,-0.126,1.141,1.479,1.618,1.37,-1241,-1.536,-2.899,0.5017,0.01408,99,99,0,0,1  -  Cliente - TelemetriaPulo:71
  23:13:28.875  TEL,19.72,FIM (volte e repita em outra velocidade),248.7,-3.897,-1.414,-1.964,165.7,166.7,180.1,181,-0.3562,-0.1129,0.08177,-0.08414,1.244,1.47,1.578,1.412,-1243,-3.157,-2.476,0.5238,0.01947,99,99,0,0,1  -  Cliente - TelemetriaPulo:71
  23:13:28.875  TEL,19.72,FIM (volte e repita em outra velocidade),248.9,-3.768,-1.531,-1.883,165.7,166.9,180.5,181.4,-0.2695,-0.1042,0.05558,-0.05776,1.324,1.478,1.552,1.439,-1244,-3.752,-2.509,0.5094,0.02379,99,99,0,0,1  -  Cliente - TelemetriaPulo:71
  23:13:28.875  TEL,19.73,FIM (volte e repita em outra velocidade),249.1,-4.227,-1.593,-1.78,165.6,166.9,180.8,181.8,-0.173,-0.08998,0.02777,-0.03132,1.414,1.492,1.524,1.465,-1245,-4.186,-2.687,0.4849,0.02944,99,0.4986,0,0,1  -  Cliente - TelemetriaPulo:71
  23:13:28.876  TEL,19.73,FIM (volte e repita em outra velocidade),248.5,-5.728,-1.646,0.136,165.5,165.4,181.5,182.5,-0.03831,-0.3019,-0.07652,0.06878,1.541,1.293,1.42,1.565,-1245,-4.502,-3.353,0.426,0.3258,99,0.2789,0,0,0  -  Cliente - TelemetriaPulo:71
  23:13:28.876  TEL,19.74,FIM (volte e repita em outra velocidade),248.4,-5.609,-1.73,0.3206,165.4,165.3,181.9,182.8,0.02721,-0.3801,-0.1178,0.1094,1.603,1.222,1.379,1.606,-1242,-4.275,-3.038,0.3985,0.4453,99,0.1755,0,0,0  -  Cliente - TelemetriaPulo:71
  23:13:28.876  TEL,19.74,FIM (volte e repita em outra velocidade),248.5,-5.638,-1.809,0.5361,165.4,165.2,182.2,183.2,0.08596,-0.4293,-0.1511,0.1425,1.659,1.177,1.345,1.639,-1242,-3.861,-2.471,0.3768,0.5412,99,0.07859,0,0,0  -  Cliente - TelemetriaPulo:71
  23:13:28.876  TEL,19.75,FIM (volte e repita em outra velocidade),251.4,-6.359,-1.922,0.8999,165.3,165,182.9,166.8,0.1657,-0.443,-0.1898,0.05446,1.735,1.165,1.307,1.551,-1242,-2.248,-1.277,0.3639,99,0.583,0.03443,0,0,1  -  Cliente - TelemetriaPulo:71
  23:13:28.876  TEL,19.77,FIM (volte e repita em outra velocidade),249.2,3.109,0.02135,6.099,165.1,164.9,183.7,162.8,-0.07803,-0.06814,0.003986,-0.1153,1.502,1.511,1.5,1.381,-1257,2.336,3.367,0.4483,99,0.179,0.5359,0,0,0  -  Cliente - TelemetriaPulo:71
  23:13:28.876  TEL,19.78,FIM (volte e repita em outra velocidade),249.2,-1.336,-0.09102,4.056,164.8,164.6,184,163.2,-0.1931,0.1085,0.1151,-0.1246,1.395,1.68,1.611,1.372,-1246,4.609,5.816,0.4714,99,-0.01879,99,0,0,1  -  Cliente - TelemetriaPulo:71
  23:13:28.876  TEL,19.83,FIM (volte e repita em outra velocidade),246.5,-3.126,1.727,-1.692,163.4,163.2,174,166.1,-0.04904,-0.1856,-0.09883,0.09254,1.53,1.402,1.398,1.589,-1246,-3.075,-2.019,0.4068,0.2314,99,99,0,0,0  -  Cliente - TelemetriaPulo:71
  23:13:28.876  TEL,19.84,FIM (volte e repita em outra velocidade),246.5,-4.598,1.67,-1.569,163.3,163,174.5,166.7,-0.09277,-0.118,-0.04603,0.03791,1.489,1.465,1.45,1.534,-1232,-2.451,-1.621,0.3964,0.01538,99,99,0,0,1  -  Cliente - TelemetriaPulo:71
  23:13:28.876  TEL,19.84,FIM (volte e repita em outra velocidade),246.4,-5.467,1.665,-0.3756,163.2,164.6,174.8,166.9,-0.1305,-0.1566,-0.03663,0.02772,1.454,1.431,1.46,1.524,-1233,-2.073,-2.24,0.3835,0.03306,99,99,0,0,1  -  Cliente - TelemetriaPulo:71
  23:13:28.876  TEL,19.85,FIM (volte e repita em outra velocidade),246.1,-4.607,1.427,0.6565,163.1,165.1,175.3,167.5,-0.1957,-0.3009,-0.04215,0.03435,1.393,1.294,1.454,1.531,-1232,-0.9325,-0.9684,0.3299,0.04555,99,99,0,1,1  -  Cliente - TelemetriaPulo:71
  23:13:28.876  TEL,19.86,FIM (volte e repita em outra velocidade),246.1,-2.905,1.087,2.375,163,165.6,175.6,167.8,-0.2174,-0.2909,-0.0684,0.05667,1.372,1.304,1.428,1.553,-1231,-0.3027,-0.8597,0.2858,0.04099,99,99,0,0,1  -  Cliente - TelemetriaPulo:71
  23:13:28.876  TEL,19.86,FIM (volte e repita em outra velocidade),246.6,-1.354,0.8362,1.563,162.9,166.7,175.9,168,-0.2048,-0.2755,-0.07874,0.06323,1.384,1.319,1.418,1.56,-1231,0.5581,-0.5776,0.2305,0.03681,99,99,0,1,1  -  Cliente - TelemetriaPulo:71
  23:13:28.876  TEL,19.87,FIM (volte e repita em outra velocidade),246.8,2.786,0.08117,1.442,162.7,165.7,176.4,168.5,-0.08164,-0.2403,-0.09304,0.03983,1.5,1.35,1.403,1.536,-1233,1.702,0.7856,0.09442,0.0494,99,99,0,0,1  -  Cliente - TelemetriaPulo:71
  23:13:28.876  TEL,19.87,FIM (volte e repita em outra velocidade),246.8,2.862,0.1628,1.688,162.6,165.8,176.6,168.8,-0.02095,-0.2044,-0.08378,0.03966,1.557,1.383,1.413,1.536,-1234,2.206,1.217,0.02361,0.04757,99,99,0,0,2  -  Cliente - TelemetriaPulo:71
  23:13:28.876  TEL,19.88,FIM (volte e repita em outra velocidade),245.6,1.921,0.2383,3.114,170,165,176.9,169,-0.04487,-0.2334,-0.08995,0.05932,1.534,1.359,1.406,1.556,-1234,3.04,0.2303,0.02146,0.1651,99,99,0,0,1  -  Cliente - TelemetriaPulo:71
  23:13:28.876  TEL,19.88,FIM (volte e repita em outra velocidade),245,3.015,-0.1358,2.613,169,164.4,177.4,169.5,-0.09192,-0.3218,-0.0876,0.06936,1.49,1.276,1.409,1.566,-1228,3.778,1.562,0.01179,0.3392,99,99,0,0,1  -  Cliente - TelemetriaPulo:71
  23:13:28.876  TEL,19.89,FIM (volte e repita em outra velocidade),245,3.37,-0.2196,2.217,167.2,164.3,177.6,169.7,-0.1137,-0.3282,-0.07152,0.06059,1.469,1.27,1.425,1.557,-1225,3.955,2.264,0.02832,0.3988,99,99,0,0,1  -  Cliente - TelemetriaPulo:71
  23:13:28.876  TEL,19.89,FIM (volte e repita em outra velocidade),244.7,3.355,-0.2648,2.038,166.6,164.2,177.8,170,-0.134,-0.3196,-0.04839,0.0471,1.45,1.278,1.448,1.543,-1225,3.613,2.977,0.03623,0.4412,99,99,0,0,1  -  Cliente - TelemetriaPulo:71
  23:13:28.876  TEL,19.9,FIM (volte e repita em outra velocidade),245.4,3.754,-0.5831,2.052,166.1,164.1,178.3,170.5,-0.1528,-0.2348,-0.01172,0.01514,1.433,1.356,1.485,1.512,-1224,3.519,4.166,0.05353,0.4774,99,99,0,0,0  -  Cliente - TelemetriaPulo:71
  23:13:28.877   ▶ TEL,19.91,FIM (volte e repita em outra velocidade),245.6,3.577,-0.6837,1.964,165.8,164.1,178.6,170.7,-0.1527,-0.1727,0.0044,-0.002877,1.433,1.414,1.501,1.493,-1227,3.545,4.589,0.05925,0.4791,99,99,0,0,0 (x2)  -  Cliente - TelemetriaPulo:71
  23:13:28.877  TEL,19.91,FIM (volte e repita em outra velocidade),245.8,3.052,-0.737,1.783,165.6,164,178.9,171,-0.1511,-0.1084,0.02038,-0.02224,1.434,1.474,1.517,1.474,-1228,3.5,4.861,0.06452,0.476,99,99,0,0,0  -  Cliente - TelemetriaPulo:71
  23:13:28.877  TEL,19.92,FIM (volte e repita em outra velocidade),245.7,0.9595,-0.6978,1.284,165.4,163.9,179.4,171.5,-0.1541,-0.000753,0.05245,-0.06027,1.432,1.576,1.549,1.436,-1229,3.247,4.892,0.07513,0.4649,99,99,0,0,0  -  Cliente - TelemetriaPulo:71
  23:13:28.877  TEL,19.92,-,245.6,-0.5288,-0.6265,1.09,165.4,163.8,179.8,172,-0.163,0.03292,0.06644,-0.07556,1.423,1.608,1.563,1.421,-1229,3.019,4.667,99,99,99,99,0,0,0  -  Cliente - TelemetriaPulo:71
  23:13:28.877  TEL,19.93,-,245.4,-2.07,-0.5498,1.148,165.3,163.7,180.3,172.5,-0.1709,0.0541,0.07391,-0.08352,1.416,1.628,1.57,1.413,-1228,2.736,4.338,99,99,99,99,0,0,0  -  Cliente - TelemetriaPulo:71
  23:13:28.877  TEL,19.93,-,245.5,-3.235,-0.5652,1.069,165.2,163.7,180.8,172.9,-0.1749,0.06386,0.07574,-0.0888,1.412,1.638,1.572,1.408,-1227,2.38,3.959,99,99,99,99,0,0,0  -  Cliente - TelemetriaPulo:71
  23:13:28.877  TEL,19.94,-,245.5,-5.482,-0.5124,0.9465,165.1,163.5,181.7,173.9,-0.1671,0.049,0.06812,-0.08606,1.419,1.623,1.564,1.41,-1227,1.619,3.164,99,99,99,99,0,0,0  -  Cliente - TelemetriaPulo:71
  23:13:28.877  TEL,19.94,-,245.4,-6.643,-0.4742,0.9306,165,163.4,182.2,174.3,-0.1591,0.02562,0.0604,-0.07743,1.427,1.601,1.557,1.419,-1227,1.25,2.803,99,99,99,99,0,0,0  -  Cliente - TelemetriaPulo:71
  23:13:28.877  TEL,19.95,-,245.4,-7.721,-0.4544,0.942,164.9,163.4,182.6,174.7,-0.1487,-0.004467,0.04969,-0.06521,1.437,1.573,1.546,1.431,-1227,0.913,2.487,99,99,99,99,0,0,0  -  Cliente - TelemetriaPulo:71
  23:13:28.877  TEL,19.96,-,245.4,-9.537,-0.4605,1.011,164.8,163.3,183.5,175.6,-0.1205,-0.07166,0.02104,-0.03421,1.463,1.509,1.517,1.462,-1227,0.3938,2.006,99,99,99,99,0,0,0  -  Cliente - TelemetriaPulo:71
  23:13:28.877  TEL,19.96,-,245.5,-10.26,-0.4871,1.053,164.8,163.2,183.9,176,-0.1031,-0.1027,0.004844,-0.01762,1.479,1.48,1.501,1.479,-1227,0.2334,1.836,99,99,99,99,0,0,0  -  Cliente - TelemetriaPulo:71
  23:13:28.878  TEL,19.97,-,245.6,-10.91,-0.5208,1.098,164.7,163.1,184.3,176.5,-0.08425,-0.129,-0.01102,-0.001595,1.497,1.455,1.485,1.495,-1227,0.1418,1.709,99,99,99,99,0,0,0  -  Cliente - TelemetriaPulo:71
  23:13:28.878  TEL,19.97,-,245.8,-12.23,-0.5838,1.184,164.6,163,185.1,177.3,-0.04695,-0.1627,-0.038,0.02554,1.532,1.423,1.458,1.522,-1228,0.1455,1.572,99,99,99,99,0,0,0  -  Cliente - TelemetriaPulo:71
  23:13:28.878  TEL,19.98,-,245.9,-13,-0.6029,1.219,164.6,163,185.5,177.6,-0.03163,-0.1701,-0.04784,0.03545,1.547,1.416,1.449,1.532,-1229,0.2209,1.553,99,99,99,99,0,0,0  -  Cliente - TelemetriaPulo:71
  23:13:28.878  TEL,19.98,-,245.9,-15.08,-0.5695,1.253,164.5,162.9,186.2,178.4,-0.01833,-0.1737,-0.05708,0.04772,1.56,1.413,1.439,1.544,-1229,0.4547,1.59,99,99,99,99,0,0,0  -  Cliente - TelemetriaPulo:71
  23:13:28.878  TEL,19.99,-,246,-17,-0.5701,1.232,164.4,162.7,186.9,179.1,-0.02182,-0.1593,-0.05613,0.04526,1.556,1.427,1.44,1.542,-1229,0.7498,1.644,99,99,99,99,0,0,0  -  Cliente - TelemetriaPulo:71
  23:13:28.878  TEL,20,-,246,-17.99,-0.5585,1.208,164.3,162.7,187.3,179.5,-0.0296,-0.1478,-0.05114,0.03999,1.549,1.437,1.445,1.536,-1230,0.8964,1.658,99,99,99,99,0,0,0  -  Cliente - TelemetriaPulo:71
  23:13:28.878  TEL,20.01,-,246.1,-19.01,-0.5465,1.182,164.3,162.6,187.6,179.8,-0.04083,-0.1346,-0.04362,0.03262,1.538,1.45,1.453,1.529,-1230,1.029,1.656,99,99,99,99,0,0,0  -  Cliente - TelemetriaPulo:71
  23:13:28.878  TEL,20.01,-,246.2,-21.06,-0.5305,1.123,164.2,162.5,188.3,180.5,-0.06991,-0.107,-0.02403,0.0136,1.511,1.476,1.472,1.51,-1230,1.227,1.605,99,99,99,99,0,0,0  -  Cliente - TelemetriaPulo:71
  23:13:28.878  TEL,20.02,-,246.4,-22.79,-0.5758,1.052,164.1,162.4,189,181.2,-0.09784,-0.07944,-0.004818,-0.008168,1.484,1.502,1.492,1.488,-1231,1.316,1.485,99,99,99,99,0,0,0  -  Cliente - TelemetriaPulo:71
  23:13:28.878  TEL,20.02,-,246.4,-23.68,-0.5624,1.01,164,162.4,189.3,181.5,-0.1088,-0.06735,0.003884,-0.01788,1.474,1.513,1.5,1.478,-1232,1.322,1.401,99,99,99,99,0,0,0  -  Cliente - TelemetriaPulo:71
  23:13:28.878  TEL,20.03,-,246.5,-24.6,-0.5519,0.9704,164,162.3,189.6,181.8,-0.1176,-0.05792,0.01186,-0.0257,1.466,1.522,1.508,1.471,-1232,1.303,1.305,99,99,99,99,0,0,0  -  Cliente - TelemetriaPulo:71
  23:13:28.878  TEL,20.03,-,246.6,-26.5,-0.5431,0.9119,163.9,162.2,190.2,182.4,-0.1283,-0.0483,0.02354,-0.03582,1.456,1.531,1.52,1.461,-1232,1.21,1.093,99,99,99,99,0,0,0  -  Cliente - TelemetriaPulo:71
  23:13:28.878  TEL,20.04,-,246.7,-27.47,-0.5437,0.8953,163.8,162.1,190.5,182.7,-0.1299,-0.04806,0.02663,-0.03805,1.454,1.531,1.523,1.458,-1233,1.143,0.9864,99,99,99,99,0,0,0  -  Cliente - TelemetriaPulo:71
  23:13:28.878  TEL,20.04,-,246.8,-28.43,-0.5463,0.8868,163.8,162.1,190.8,183,-0.1291,-0.05043,0.02753,-0.03848,1.455,1.529,1.524,1.458,-1234,1.064,0.8903,99,99,99,99,0,0,0  -  Cliente - TelemetriaPulo:71
  23:13:28.878  TEL,20.05,-,247,-30.3,-0.5518,0.8751,163.7,162,191.4,183.6,-0.1207,-0.06159,0.02314,-0.03406,1.463,1.518,1.519,1.462,-1234,0.8994,0.7357,99,99,99,99,0,0,0  -  Cliente - TelemetriaPulo:71
  23:13:28.878  TEL,20.05,-,247.1,-31.21,-0.5527,0.8672,163.6,161.9,191.7,183.9,-0.1137,-0.06936,0.01841,-0.02981,1.469,1.511,1.515,1.467,-1235,0.8236,0.6804,99,99,99,99,0,0,0  -  Cliente - TelemetriaPulo:71
  23:13:28.878  TEL,20.06,-,247.3,-33.01,-0.5536,0.8574,163.5,161.9,192.2,184.5,-0.09634,-0.08674,0.007002,-0.01838,1.486,1.495,1.503,1.478,-1235,0.7051,0.6093,99,99,99,99,0,0,0  -  Cliente - TelemetriaPulo:71
  23:13:28.879  TEL,20.07,-,247.4,-33.93,-0.5556,0.8602,163.5,161.8,192.5,184.7,-0.08736,-0.09511,0.001069,-0.01219,1.494,1.487,1.497,1.484,-1236,0.6644,0.5942,99,99,99,99,0,0,0  -  Cliente - TelemetriaPulo:71
  23:13:28.879  TEL,20.07,-,247.5,-34.86,-0.5583,0.8685,163.4,161.8,192.8,185,-0.07898,-0.1026,-0.004621,-0.006116,1.502,1.48,1.492,1.49,-1237,0.6361,0.5927,99,99,99,99,0,0,0  -  Cliente - TelemetriaPulo:71
  23:13:28.879  TEL,20.08,-,247.7,-35.8,-0.561,0.8766,163.4,161.7,193,185.3,-0.07174,-0.109,-0.01004,-0.0006372,1.509,1.474,1.486,1.496,-1238,0.617,0.605,99,99,99,99,0,0,0  -  Cliente - TelemetriaPulo:71
  23:13:28.879  TEL,20.08,-,247.9,-37.68,-0.5624,0.8754,163.3,161.6,193.5,185.8,-0.06169,-0.1173,-0.01904,0.007834,1.518,1.466,1.477,1.504,-1238,0.6075,0.6598,99,99,99,99,0,0,0  -  Cliente - TelemetriaPulo:71
  23:13:28.879  TEL,20.09,-,248,-38.6,-0.5593,0.8623,163.2,161.6,193.7,186,-0.05926,-0.1193,-0.02204,0.0105,1.521,1.464,1.474,1.507,-1240,0.6164,0.6931,99,99,99,99,0,0,0  -  Cliente - TelemetriaPulo:71
  23:13:28.879  TEL,20.09,-,248.2,-39.54,-0.556,0.8462,163.2,161.5,194,186.2,-0.05847,-0.1198,-0.02366,0.01204,1.522,1.464,1.473,1.508,-1240,0.6306,0.7233,99,99,99,99,0,0,0  -  Cliente - TelemetriaPulo:71
  23:13:28.879  TEL,20.1,-,248.5,-41.42,-0.5526,0.818,163.1,161.4,194.4,186.7,-0.06185,-0.1168,-0.02274,0.01175,1.518,1.466,1.474,1.508,-1241,0.6697,0.7654,99,99,99,99,0,0,0  -  Cliente - TelemetriaPulo:71
  23:13:28.879  TEL,20.11,-,248.7,-42.38,-0.5535,0.807,163.1,161.4,194.6,186.9,-0.06567,-0.1134,-0.02055,0.01009,1.515,1.47,1.476,1.506,-1243,0.6854,0.778,99,99,99,99,0,0,0  -  Cliente - TelemetriaPulo:71
  23:13:28.879  TEL,20.11,-,248.8,-43.33,-0.5554,0.7932,163,161.4,194.9,187.2,-0.07063,-0.1091,-0.01778,0.007464,1.51,1.474,1.479,1.504,-1243,0.6966,0.7851,99,99,99,99,0,0,0  -  Cliente - TelemetriaPulo:71
  23:13:28.879  TEL,20.12,-,249.1,-45.21,-0.557,0.748,162.9,161.3,195.3,187.6,-0.08185,-0.09935,-0.01145,0.0003462,1.499,1.483,1.485,1.497,-1244,0.7008,0.7776,99,99,99,99,0,0,0  -  Cliente - TelemetriaPulo:71
  23:13:28.879  TEL,20.13,-,249.5,-47.04,-0.5538,0.6909,162.8,161.2,195.7,188,-0.09201,-0.08989,-0.004371,-0.007003,1.49,1.492,1.492,1.489,-1246,0.6848,0.7314,99,99,99,99,0,0,0  -  Cliente - TelemetriaPulo:71
  23:13:28.879  TEL,20.13,-,249.7,-47.96,-0.5536,0.6675,162.8,161.1,195.9,188.2,-0.096,-0.08592,-0.0007794,-0.01028,1.486,1.495,1.496,1.486,-1247,0.6699,0.6933,99,99,99,99,0,0,0  -  Cliente - TelemetriaPulo:71
  23:13:28.879  TEL,20.14,-,250,-49.84,-0.5584,0.6386,162.7,161,196.4,188.7,-0.1016,-0.08014,0.004964,-0.01544,1.481,1.501,1.501,1.481,-1248,0.6246,0.6069,99,99,99,99,0,0,0  -  Cliente - TelemetriaPulo:71
  23:13:28.879  TEL,20.14,-,250.2,-50.79,-0.5609,0.6267,162.7,161,196.6,188.9,-0.103,-0.0785,0.006744,-0.01708,1.48,1.503,1.503,1.479,-1250,0.5945,0.5656,99,99,99,99,0,0,0  -  Cliente - TelemetriaPulo:71
  23:13:28.879  TEL,20.15,-,250.4,-51.73,-0.5621,0.6116,162.6,161,196.8,189.1,-0.1032,-0.07794,0.007454,-0.01811,1.479,1.503,1.504,1.478,-1251,0.561,0.5263,99,99,99,99,0,0,0  -  Cliente - TelemetriaPulo:71
  23:13:28.879  TEL,20.15,-,250.8,-53.58,-0.5589,0.5725,162.5,160.9,197.2,189.6,-0.1008,-0.07964,0.006538,-0.01805,1.482,1.501,1.503,1.478,-1252,0.4972,0.4563,99,99,99,99,0,0,0  -  Cliente - TelemetriaPulo:71
  23:13:28.879  TEL,20.16,-,251,-54.5,-0.5563,0.5567,162.5,160.8,197.4,189.8,-0.09838,-0.08177,0.005524,-0.01695,1.484,1.499,1.502,1.479,-1254,0.4711,0.4226,99,99,99,99,0,0,0  -  Cliente - TelemetriaPulo:71
  23:13:28.879  TEL,20.17,-,251.2,-55.44,-0.5557,0.5487,162.4,160.8,197.7,190,-0.09548,-0.08441,0.004275,-0.01529,1.487,1.497,1.501,1.481,-1255,0.4468,0.3927,99,99,99,99,0,0,0  -  Cliente - TelemetriaPulo:71
  23:13:28.880  TEL,20.17,-,251.6,-57.34,-0.5586,0.546,162.3,160.7,198.1,190.4,-0.08954,-0.0905,0.0007717,-0.01123,1.492,1.491,1.497,1.485,-1256,0.403,0.3526,99,99,99,99,0,0,0  -  Cliente - TelemetriaPulo:71
  23:13:28.880  TEL,20.18,-,251.8,-58.28,-0.56,0.5431,162.3,160.7,198.3,190.6,-0.08676,-0.09346,-0.001417,-0.009044,1.495,1.488,1.495,1.487,-1258,0.3846,0.3457,99,99,99,99,0,0,0  -  Cliente - TelemetriaPulo:71
  23:13:28.880  TEL,20.18,-,252.2,-60.15,-0.559,0.5201,162.2,160.6,198.7,191.1,-0.08184,-0.09869,-0.006376,-0.005063,1.499,1.484,1.49,1.491,-1259,0.3587,0.349,99,99,99,99,0,0,0  -  Cliente - TelemetriaPulo:71
  23:13:28.880  TEL,20.19,-,252.5,-61.07,-0.5566,0.504,162.2,160.5,198.9,191.3,-0.07985,-0.1009,-0.008223,-0.003267,1.501,1.481,1.488,1.493,-1261,0.3542,0.3522,99,99,99,99,0,0,0  -  Cliente - TelemetriaPulo:71
  23:13:28.880  TEL,20.19,-,252.7,-61.99,-0.5552,0.4913,162.1,160.5,199.1,191.5,-0.07836,-0.1024,-0.009497,-0.001881,1.503,1.48,1.487,1.494,-1262,0.352,0.3547,99,99,99,99,0,0,0  -  Cliente - TelemetriaPulo:71
  23:13:28.880  TEL,20.2,-,253.2,-63.87,-0.5573,0.4801,162.1,160.4,199.6,191.9,-0.07742,-0.1035,-0.01036,-0.0002241,1.504,1.479,1.486,1.496,-1263,0.3523,0.3589,99,99,99,99,0,0,0  -  Cliente - TelemetriaPulo:71
  23:13:28.880  TEL,20.21,-,253.4,-64.82,-0.5597,0.4749,162,160.4,199.8,192.2,-0.07808,-0.103,-0.01032,-6.293e-05,1.503,1.479,1.486,1.496,-1266,0.3498,0.362,99,99,99,99,0,0,0  -  Cliente - TelemetriaPulo:71
  23:13:28.880  TEL,20.21,-,253.6,-65.76,-0.5613,0.4646,162,160.3,200,192.4,-0.07916,-0.1019,-0.01028,-0.000368,1.502,1.48,1.486,1.496,-1267,0.3442,0.367,99,99,99,99,0,0,0  -  Cliente - TelemetriaPulo:71
  23:13:28.880  TEL,20.22,-,254.1,-67.61,-0.5593,0.4253,161.9,160.3,200.4,192.8,-0.08205,-0.09887,-0.009419,-0.002165,1.499,1.483,1.487,1.494,-1268,0.3341,0.367,99,99,99,99,0,0,0  -  Cliente - TelemetriaPulo:71
  23:13:28.880  TEL,20.22,-,254.4,-68.55,-0.5627,0.4054,161.9,160.2,200.9,193.3,-0.08365,-0.09712,-0.00869,-0.003448,1.498,1.485,1.488,1.493,-1271,0.3294,0.3579,99,99,99,99,0,0,0  -  Cliente - TelemetriaPulo:71
  23:13:28.880  TEL,20.23,-,254.7,-69.48,-0.5645,0.3903,161.8,160.2,201.3,193.7,-0.08521,-0.0951,-0.007622,-0.005031,1.496,1.487,1.489,1.491,-1272,0.324,0.3446,99,99,99,99,0,0,0  -  Cliente - TelemetriaPulo:71
  23:13:28.880  TEL,20.23,-,255.2,-71.35,-0.5683,0.3716,161.7,160.1,202.1,194.5,-0.08837,-0.09104,-0.004693,-0.007898,1.493,1.491,1.492,1.488,-1273,0.3041,0.3102,99,99,99,99,0,0,0  -  Cliente - TelemetriaPulo:71
  23:13:28.880  TEL,20.24,-,255.4,-72.29,-0.5693,0.361,161.7,160.1,202.5,194.9,-0.08988,-0.0893,-0.003466,-0.009154,1.492,1.492,1.493,1.487,-1276,0.2894,0.2924,99,99,99,99,0,0,0  -  Cliente - TelemetriaPulo:71
  23:13:28.880  TEL,20.24,-,255.7,-73.23,-0.5688,0.3462,161.7,160,202.9,195.3,-0.09113,-0.08796,-0.002564,-0.01014,1.491,1.494,1.494,1.486,-1277,0.2707,0.2763,99,99,99,99,0,0,0  -  Cliente - TelemetriaPulo:71
  23:13:28.880  TEL,20.25,-,256.3,-75.09,-0.5649,0.3084,161.6,159.9,203.5,196,-0.09243,-0.08674,-0.001587,-0.0114,1.489,1.495,1.495,1.485,-1278,0.2359,0.2367,99,99,99,99,0,0,0  -  Cliente - TelemetriaPulo:71
  23:13:28.880  TEL,20.26,-,256.5,-76.02,-0.5635,0.2932,161.5,159.9,203.8,196.3,-0.09263,-0.08688,-0.001029,-0.01152,1.489,1.495,1.495,1.485,-1281,0.2205,0.2121,99,99,99,99,0,0,0  -  Cliente - TelemetriaPulo:71
  23:13:28.881  TEL,20.26,-,256.8,-76.96,-0.5639,0.2855,161.5,159.9,204.1,196.6,-0.09255,-0.08728,-0.0005872,-0.0114,1.489,1.494,1.496,1.485,-1283,0.2059,0.1888,99,99,99,99,0,0,0  -  Cliente - TelemetriaPulo:71
  23:13:28.881  TEL,20.27,-,257.4,-78.86,-0.5693,0.2768,161.4,159.8,204.7,197.1,-0.09193,-0.08887,-0.0005635,-0.01078,1.49,1.493,1.496,1.486,-1284,0.1746,0.153,99,99,99,99,0,0,0  -  Cliente - TelemetriaPulo:71
  23:13:28.881  TEL,20.27,-,257.7,-79.81,-0.5711,0.2688,161.4,159.8,204.9,197.4,-0.0913,-0.08988,-0.001266,-0.01031,1.49,1.492,1.495,1.486,-1287,0.1576,0.1429,99,99,99,99,0,0,0  -  Cliente - TelemetriaPulo:71
  23:13:28.881  TEL,20.28,-,258,-80.72,-0.5635,0.2554,161.3,159.7,204.9,197.3,-0.09057,-0.09105,-0.001886,-0.009362,1.491,1.491,1.494,1.487,-1288,0.1427,0.1347,99,99,99,99,0,0,0  -  Cliente - TelemetriaPulo:71
  23:13:28.881  TEL,20.28,-,258.6,-82.57,-0.5558,0.2269,161.3,159.6,204.8,197.2,-0.08879,-0.09382,-0.002925,-0.006934,1.493,1.488,1.493,1.489,-1290,0.1241,0.1159,99,99,99,99,0,0,0  -  Cliente - TelemetriaPulo:71
  23:13:28.881  TEL,20.29,-,258.9,-83.52,-0.5555,0.2184,161.2,159.6,204.7,197.2,-0.08806,-0.09529,-0.003224,-0.0059,1.494,1.487,1.493,1.49,-1293,0.1176,0.1059,99,99,99,99,0,0,0  -  Cliente - TelemetriaPulo:71
  23:13:28.881  TEL,20.29,-,259.2,-84.47,-0.5574,0.2177,161.2,159.6,204.7,197.1,-0.08739,-0.09628,-0.003436,-0.005072,1.494,1.486,1.493,1.491,-1295,0.1131,0.09809,99,99,99,99,0,0,0  -  Cliente - TelemetriaPulo:71
  23:13:28.881  TEL,20.3,-,259.8,-86.36,-0.5612,0.2121,161.1,159.5,204.6,197.1,-0.08681,-0.09754,-0.004561,-0.004111,1.495,1.485,1.492,1.492,-1296,0.09817,0.09568,99,99,99,99,0,0,0  -  Cliente - TelemetriaPulo:71
  23:13:28.881  TEL,20.31,-,260.1,-87.29,-0.5604,0.2014,161.1,159.5,204.5,197,-0.08661,-0.09757,-0.005356,-0.003933,1.495,1.485,1.491,1.492,-1299,0.09076,0.09862,99,99,99,99,0,0,0  -  Cliente - TelemetriaPulo:71
  23:13:28.881  TEL,20.31,-,260.5,-88.21,-0.5567,0.1841,161,159.4,204.5,197,-0.08647,-0.09745,-0.005924,-0.003695,1.495,1.485,1.49,1.493,-1301,0.0865,0.09988,99,99,99,99,0,0,0  -  Cliente - TelemetriaPulo:71
  23:13:28.881  TEL,20.32,-,261.1,-90.06,-0.5499,0.1574,161,159.4,204.4,196.9,-0.08639,-0.09691,-0.005863,-0.003682,1.495,1.485,1.491,1.493,-1302,0.08222,0.09023,99,99,99,99,0,0,0  -  Cliente - TelemetriaPulo:71
  23:13:28.881  TEL,20.32,-,261.5,-91,-0.5492,0.1524,160.9,159.3,204.3,196.8,-0.08662,-0.09618,-0.005275,-0.003866,1.495,1.486,1.491,1.492,-1306,0.07883,0.08187,99,99,99,99,0,0,0  -  Cliente - TelemetriaPulo:71
  23:13:28.881  TEL,20.33,-,261.8,-91.96,-0.5496,0.1501,160.9,159.3,204.3,196.8,-0.08714,-0.09536,-0.004725,-0.004128,1.494,1.487,1.492,1.492,-1307,0.07351,0.07389,99,99,99,99,0,0,0  -  Cliente - TelemetriaPulo:71
  23:13:28.881  TEL,20.33,-,262.5,-93.86,-0.5475,0.1366,160.8,159.2,204.2,196.7,-0.08875,-0.09377,-0.004266,-0.005163,1.493,1.488,1.492,1.491,-1309,0.05494,0.06329,99,99,99,99,0,0,0  -  Cliente - TelemetriaPulo:71
  23:13:28.881  TEL,20.34,-,262.8,-94.79,-0.5437,0.1202,160.8,159.2,204.1,196.7,-0.08939,-0.09306,-0.004076,-0.00566,1.492,1.489,1.492,1.491,-1312,0.04588,0.05795,99,99,99,99,0,0,0  -  Cliente - TelemetriaPulo:71
  23:13:28.881  TEL,20.34,-,263.2,-95.72,-0.5394,0.1037,160.7,159.1,204.1,196.6,-0.08992,-0.09255,-0.003937,-0.006112,1.492,1.489,1.492,1.49,-1314,0.03914,0.04961,99,99,99,99,0,0,0  -  Cliente - TelemetriaPulo:71
  23:13:28.881  TEL,20.35,-,263.9,-97.59,-0.5337,0.08476,160.7,159.1,204,196.5,-0.09089,-0.0919,-0.002837,-0.006663,1.491,1.49,1.494,1.49,-1316,0.02681,0.02259,99,99,99,99,0,0,0  -  Cliente - TelemetriaPulo:71
  23:13:28.881  TEL,20.35,-,264.3,-98.54,-0.5336,0.08127,160.6,159,203.9,196.5,-0.09143,-0.09175,-0.002181,-0.006888,1.49,1.49,1.494,1.489,-1320,0.01833,0.008857,99,99,99,99,0,0,0  -  Cliente - TelemetriaPulo:71
  23:13:28.881  TEL,20.36,-,264.6,-99.5,-0.5345,0.07987,160.6,159,203.9,196.5,-0.09196,-0.09159,-0.0019,-0.00715,1.49,1.49,1.494,1.489,-1321,0.008827,-0.002786,99,99,99,99,0,0,0  -  Cliente - TelemetriaPulo:71
  23:13:28.881  TEL,20.37,-,265.3,-101.4,-0.5316,0.06103,160.5,158.9,203.8,196.4,-0.09236,-0.09159,-0.002392,-0.00755,1.49,1.49,1.494,1.489,-1323,-0.01574,-0.01805,99,99,99,99,0,0,0  -  Cliente - TelemetriaPulo:71
  23:13:28.882  TEL,20.37,-,265.7,-102.3,-0.5274,0.04737,160.5,158.9,203.8,196.3,-0.09214,-0.09176,-0.002625,-0.007371,1.49,1.49,1.494,1.489,-1327,-0.02532,-0.02512,99,99,99,99,0,0,0  -  Cliente - TelemetriaPulo:71
  23:13:28.882  TEL,20.38,-,266.1,-103.2,-0.524,0.03532,160.4,158.9,203.7,196.3,-0.09171,-0.0922,-0.002813,-0.007197,1.49,1.49,1.494,1.489,-1328,-0.03272,-0.03605,99,99,99,99,0,0,0  -  Cliente - TelemetriaPulo:71
  23:13:28.882  TEL,20.38,-,266.5,-104.2,-0.5225,0.02959,160.4,158.8,203.7,196.2,-0.09122,-0.09251,-0.002789,-0.00694,1.491,1.489,1.494,1.489,-1330,-0.03679,-0.0465,99,99,99,99,0,0,0  -  Cliente - TelemetriaPulo:71
  23:13:28.882  TEL,20.39,-,267.2,-106.1,-0.5228,0.02958,160.3,158.8,203.6,196.2,-0.09042,-0.09302,-0.002812,-0.006468,1.491,1.489,1.494,1.49,-1332,-0.04765,-0.06192,99,99,99,99,0,0,0  -  Cliente - TelemetriaPulo:71
  23:13:28.882  TEL,20.39,-,267.6,-107,-0.5224,0.02668,160.3,158.7,203.5,196.1,-0.09018,-0.09316,-0.003185,-0.006326,1.492,1.489,1.493,1.49,-1336,-0.0553,-0.06412,99,99,99,99,0,0,0  -  Cliente - TelemetriaPulo:71
  23:13:28.882  TEL,20.4,-,268,-107.9,-0.5199,0.01873,160.3,158.7,203.5,196.1,-0.08997,-0.09329,-0.003687,-0.006011,1.492,1.489,1.493,1.49,-1338,-0.06252,-0.06466,99,99,99,99,0,0,0  -  Cliente - TelemetriaPulo:71
  23:13:28.882  TEL,20.41,-,268.8,-109.8,-0.5114,-0.005611,160.2,158.6,203.4,196,-0.08931,-0.09389,-0.004612,-0.005508,1.492,1.488,1.492,1.491,-1340,-0.0711,-0.0685,99,99,99,99,0,0,0  -  Cliente - TelemetriaPulo:71
  23:13:28.882  ===== fim =====  -  Cliente - TelemetriaPulo:72
  23:13:29.499   ▶ Disconnect from 127.0.0.1|62008 (x2)  -  Studio



PULOU BASTANTE