ele deu so uma tremidinha no final, o outro foi bem mais

04,4 VALE 2.8° / CRISTA 2.8°,210.9,13.55,0.3269,-0.1562,142.6,138.4,141.7,140,-0.09099,-0.06223,-0.1667,-0.1289,1.491,1.518,1.33,1.367,-1052,-7.566,-7.857,0.01327,0.01778,0.0278,0.02763,0,0,4  -  Cliente - TelemetriaPulo:71
  23:38:05.718  TEL,12.05,4 VALE 2.8° / CRISTA 2.8°,211,14.27,0.4368,-0.02994,141,138.7,141.7,139.8,-0.1152,-0.0656,-0.1174,-0.08469,1.468,1.515,1.379,1.412,-1054,-6.81,-7.063,0.02896,0.009728,0.02767,0.02769,0,0,4  -  Cliente - TelemetriaPulo:71
  23:38:05.718  TEL,12.05,4 VALE 2.8° / CRISTA 2.8°,211,14.15,0.4609,-0.08214,140.9,139.2,141.7,139.9,-0.1009,-0.08384,-0.09186,-0.06228,1.481,1.497,1.405,1.434,-1055,-6.475,-6.743,0.009511,0.02076,0.02753,0.02762,0,0,4  -  Cliente - TelemetriaPulo:71
  23:38:05.718  TEL,12.06,4 VALE 2.8° / CRISTA 2.8°,211,13.83,0.4691,0.06335,140.5,139.5,141.8,139.7,-0.1214,-0.09619,-0.06976,-0.03868,1.462,1.486,1.427,1.458,-1055,-6.149,-6.428,0.02134,0.02654,0.02783,0.02779,0,0,4  -  Cliente - TelemetriaPulo:71
  23:38:05.718  TEL,12.06,4 VALE 2.8° / CRISTA 2.8°,211.1,12.86,0.3528,0.1244,140,139.6,142,141.1,-0.1387,-0.1062,-0.0362,0.008012,1.446,1.476,1.46,1.504,-1055,-5.462,-5.755,0.02259,0.02729,0.02876,0.02398,0,0,4  -  Cliente - TelemetriaPulo:71
  23:38:05.718  TEL,12.07,4 VALE 2.8° / CRISTA 2.8°,211.1,12.31,0.284,0.1964,140.1,139.7,142.2,142.4,-0.1468,-0.1085,-0.02622,0.02408,1.438,1.474,1.47,1.52,-1055,-5.114,-5.411,0.02311,0.0289,0.0295,0.02459,0,0,4  -  Cliente - TelemetriaPulo:71
  23:38:05.718  TEL,12.07,4 VALE 2.8° / CRISTA 2.8°,211,11.62,0.2849,0.1954,140.2,139.8,142.2,143.8,-0.1576,-0.1136,-0.01905,0.03567,1.428,1.469,1.477,1.532,-1055,-4.762,-5.057,0.02359,0.02948,0.03025,0.02693,0,0,4  -  Cliente - TelemetriaPulo:71
  23:38:05.719  TEL,12.08,4 VALE 2.8° / CRISTA 2.8°,210.8,10.5,0.188,0.1541,140.4,140.8,141.8,143.7,-0.1777,-0.1011,-0.01374,0.0455,1.409,1.481,1.483,1.542,-1055,-4.069,-4.366,0.02399,0.008358,0.03173,0.03496,0,0,4  -  Cliente - TelemetriaPulo:71
  23:38:05.719  TEL,12.09,4 VALE 2.8° / CRISTA 2.8°,210.7,10.1,0.1349,0.2112,140.5,140.9,142.3,145,-0.1876,-0.105,-0.01545,0.04811,1.4,1.478,1.481,1.544,-1054,-3.718,-4.018,0.02438,0.008961,0.03256,0.03759,0,0,4  -  Cliente - TelemetriaPulo:71
  23:38:05.719  TEL,12.09,4 VALE 2.8° / CRISTA 2.8°,210.7,9.768,0.08636,0.2554,140.7,141,142.2,145,-0.1966,-0.1073,-0.01997,0.05036,1.392,1.475,1.476,1.547,-1054,-3.37,-3.666,0.02437,0.009663,0.03351,0.03915,0,0,4  -  Cliente - TelemetriaPulo:71
  23:38:05.719  TEL,12.1,4 VALE 2.8° / CRISTA 2.8°,210.5,8.914,-0.03253,0.1604,141,140.9,143.7,144.9,-0.2092,-0.1107,-0.01457,0.04818,1.38,1.472,1.482,1.545,-1053,-2.669,-2.97,0.02545,0.01046,0.01503,0.03815,0,0,4  -  Cliente - TelemetriaPulo:71
  23:38:05.719  TEL,12.1,4 VALE 2.8° / CRISTA 2.8°,210.5,8.737,-0.07477,0.1205,140.5,140.8,142,144.8,-0.2253,-0.1113,-0.02432,0.04766,1.365,1.472,1.472,1.544,-1052,-2.339,-2.615,0.0372,0.01073,0.01524,0.03306,0,0,4  -  Cliente - TelemetriaPulo:71
  23:38:05.719  TEL,12.11,4 VALE 2.8° / CRISTA 2.8°,210.3,8.645,-0.1247,-0.08534,140.5,141,144.8,143,-0.1886,-0.1126,-0.03288,0.03789,1.399,1.47,1.463,1.534,-1052,-2.028,-2.279,0.00122,0.01031,0.01523,0.03228,0,0,4  -  Cliente - TelemetriaPulo:71
  23:38:05.719  TEL,12.11,4 VALE 2.8° / CRISTA 2.8°,210.3,8.681,-0.1141,-0.1399,142.5,140.8,145,138.9,-0.2089,-0.1168,-0.04919,0.01836,1.38,1.466,1.447,1.515,-1052,-1.463,-1.682,0.02146,0.009482,0.01477,0.03063,0,0,4  -  Cliente - TelemetriaPulo:71
  23:38:05.719  TEL,12.12,4 VALE 2.8° / CRISTA 2.8°,210.4,8.881,-0.1265,-0.1812,141.6,140.8,141.4,140.9,-0.2062,-0.1342,-0.0549,0.007672,1.383,1.45,1.441,1.504,-1051,-1.29,-1.435,0.0209,0.02404,0.01436,0.02995,0,0,4  -  Cliente - TelemetriaPulo:71
  23:38:05.719  TEL,12.13,4 VALE 2.8° / CRISTA 2.8°,210.5,9.364,-0.1011,0.02603,141.4,140,141.8,140.4,-0.1358,-0.1117,-0.06419,-0.006478,1.449,1.471,1.432,1.49,-1052,-0.9949,-1.049,0.04086,0.05761,0.01337,0.02833,0,0,3  -  Cliente - TelemetriaPulo:71
  23:38:05.719  TEL,12.13,4 VALE 2.8° / CRISTA 2.8°,210.4,9.312,-0.01804,0.07522,141.3,139.9,144.5,139.9,-0.09969,-0.08457,-0.06962,-0.008471,1.483,1.497,1.427,1.488,-1052,-0.8701,-0.8853,0.04371,0.07169,0.01372,0.02739,0,0,3  -  Cliente - TelemetriaPulo:71
  23:38:05.719  TEL,12.14,4 VALE 2.8° / CRISTA 2.8°,210.4,9.186,0.07921,0.08259,141.3,139.9,141.8,139.2,-0.07394,-0.06482,-0.07387,-0.01013,1.507,1.515,1.422,1.486,-1052,-0.7431,-0.7385,0.05157,0.088,0.01406,0.02751,0,0,2  -  Cliente - TelemetriaPulo:71
  23:38:05.719  TEL,12.14,4 VALE 2.8° / CRISTA 2.8°,210.2,9.07,0.1795,0.08572,141.2,139.9,144.3,141.9,-0.05783,-0.05234,-0.07647,-0.008998,1.522,1.527,1.42,1.487,-1052,-0.6469,-0.6275,0.06363,0.1063,0.01398,0.0263,0,0,2  -  Cliente - TelemetriaPulo:71
  23:38:05.719  TEL,12.15,4 VALE 2.8° / CRISTA 2.8°,210.1,8.851,0.3514,0.1374,141.1,139.8,143.6,141.1,-0.04374,-0.0409,-0.07929,-0.01819,1.535,1.538,1.417,1.478,-1051,-0.4831,-0.4542,0.09231,0.1422,0.01427,0.03898,0,0,2  -  Cliente - TelemetriaPulo:71
  23:38:05.719  TEL,12.15,4 VALE 2.8° / CRISTA 2.8°,210.3,8.999,0.3895,0.1415,141.1,139.7,141.7,142.4,-0.03891,-0.03566,-0.07967,-0.004833,1.54,1.543,1.417,1.492,-1051,-0.3932,-0.3782,0.1045,0.1582,0.01435,0.0301,0,0,2  -  Cliente - TelemetriaPulo:71
  23:38:05.719  TEL,12.16,4 VALE 2.8° / CRISTA 2.8°,210.3,8.654,0.4409,0.05138,141,139.7,144.3,140.1,-0.03614,-0.03584,-0.07939,-0.002518,1.543,1.543,1.417,1.494,-1052,-0.331,-0.3146,0.116,0.1741,0.01425,0.03011,0,0,2  -  Cliente - TelemetriaPulo:71
  23:38:05.719  TEL,12.16,4 VALE 2.8° / CRISTA 2.8°,210.3,8.341,0.5642,0.05283,141,139.6,143.2,140.5,-0.03586,-0.03736,-0.07641,0.002382,1.543,1.541,1.42,1.499,-1052,-0.2508,-0.2286,0.1336,0.1956,0.01384,0.0305,0,0,2  -  Cliente - TelemetriaPulo:71
  23:38:05.719  TEL,12.17,4 VALE 2.8° / CRISTA 2.8°,210.4,8.105,0.6104,-0.02035,140.9,139.6,141.4,139.8,-0.03547,-0.03877,-0.07365,0.004195,1.543,1.54,1.423,1.501,-1051,-0.2016,-0.1854,0.1378,0.201,0.01334,0.03055,0,0,2  -  Cliente - TelemetriaPulo:71
  23:38:05.720  TEL,12.18,4 VALE 2.8° / CRISTA 2.8°,210.5,7.88,0.6613,0.08664,140.9,139.6,140.2,141,-0.03693,-0.03732,-0.09048,0.007543,1.542,1.541,1.406,1.504,-1052,-0.1698,-0.1558,0.1392,0.202,0.03234,0.03095,0,0,2  -  Cliente - TelemetriaPulo:71
  23:38:05.720  TEL,12.18,4 VALE 2.8° / CRISTA 2.8°,210.6,7.948,0.7362,0.002015,140.9,139.5,140.7,140.2,-0.03656,-0.03823,-0.1008,0.01132,1.542,1.541,1.396,1.508,-1052,-0.1427,-0.1219,0.1365,0.2006,0.0465,0.03111,0,0,2  -  Cliente - TelemetriaPulo:71
  23:38:05.720  TEL,12.19,4 VALE 2.8° / CRISTA 2.8°,210.7,7.232,0.8108,-0.1002,140.8,139.5,140.9,140.2,-0.03512,-0.04064,-0.06633,0.01253,1.544,1.538,1.43,1.509,-1053,-0.1106,-0.09465,0.123,0.1846,0.02212,0.03333,0,0,2  -  Cliente - TelemetriaPulo:71
  23:38:05.720  TEL,12.19,4 VALE 2.8° / CRISTA 2.8°,210.8,6.919,0.8554,-0.04195,140.8,139.4,141.2,140,-0.03627,-0.03934,-0.0725,0.01265,1.542,1.539,1.424,1.509,-1053,-0.1076,-0.08671,0.1122,0.1702,0.03043,0.03426,0,0,2  -  Cliente - TelemetriaPulo:71
  23:38:05.720  TEL,12.2,4 VALE 2.8° / CRISTA 2.8°,211,6.359,0.9451,-0.139,140.7,139.4,140.6,140.2,-0.03607,-0.03974,-0.06233,0.01193,1.543,1.539,1.434,1.508,-1054,-0.08314,-0.06861,0.07991,0.1321,0.0615,0.03612,0,0,1  -  Cliente - TelemetriaPulo:71
  23:38:05.720  TEL,12.2,4 VALE 2.8° / CRISTA 2.8°,211,5.923,0.9791,-0.1497,140.7,139.3,141.8,141.5,-0.03606,-0.0399,-0.03336,0.02048,1.543,1.539,1.463,1.517,-1055,-0.07976,-0.07255,0.05926,0.1073,0.07615,0.0671,0,0,0  -  Cliente - TelemetriaPulo:71
  23:38:05.720  TEL,12.21,4 VALE 2.8° / CRISTA 2.8°,211,4.921,0.9665,-0.1405,140.6,139.3,143.1,142.8,-0.03658,-0.03964,-0.005737,0.02854,1.542,1.539,1.491,1.525,-1055,-0.07898,-0.08095,0.03552,0.07875,0.08776,0.09436,0,0,1  -  Cliente - TelemetriaPulo:71
  23:38:05.720  TEL,12.21,4 VALE 2.8° / CRISTA 2.8°,211,2.619,0.915,-0.1013,140.6,139.2,145.8,145.5,-0.03804,-0.03858,0.02873,0.03767,1.541,1.54,1.525,1.534,-1055,-0.07441,-0.08872,-0.02279,0.01151,0.1159,0.1413,0,0,2  -  Cliente - TelemetriaPulo:71
  23:38:05.720  TEL,12.22,4 VALE 2.8° / CRISTA 2.8°,211,1.529,0.898,-0.1373,141.5,139.2,145.7,145.5,-0.07251,-0.03924,0.0377,0.03897,1.508,1.54,1.534,1.535,-1055,-0.02785,-0.08486,-0.02319,-0.02683,0.1313,0.1602,0,0,2  -  Cliente - TelemetriaPulo:71
  23:38:05.720  TEL,12.22,4 VALE 2.8° / CRISTA 2.8°,210.9,0.6588,0.837,-0.3458,141.5,141.4,145.7,145.4,-0.1218,-0.08157,0.04498,0.03606,1.462,1.5,1.541,1.532,-1055,-0.007175,-0.1014,-0.007059,-0.02775,0.1463,0.1749,0,0,2  -  Cliente - TelemetriaPulo:71
  23:38:05.720  TEL,12.23,4 VALE 2.8° / CRISTA 2.8°,210.9,0.1827,0.7111,-0.3515,141,141.6,145.6,145.4,-0.1501,-0.139,0.04825,0.03576,1.435,1.445,1.545,1.532,-1054,-0.02515,-0.1121,-0.00802,-0.009088,0.1612,0.1827,0,0,2  -  Cliente - TelemetriaPulo:71
  23:38:05.720  TEL,12.24,4 VALE 2.8° / CRISTA 2.8°,210.8,-0.6595,0.5192,-0.295,140.9,140.8,145.6,145.3,-0.2048,-0.2099,0.04891,0.04124,1.384,1.379,1.545,1.538,-1054,-0.03019,-0.1174,-0.001811,-0.003994,0.1836,0.1832,0,0,2  -  Cliente - TelemetriaPulo:71
  23:38:05.720  TEL,12.24,4 VALE 2.8° / CRISTA 2.8°,210.8,-0.9708,0.3847,-0.1147,140.9,140.8,145.5,145.3,-0.228,-0.2377,0.04665,0.04653,1.362,1.353,1.543,1.543,-1054,-0.05763,-0.1081,0.0002348,-0.0005753,0.19,0.179,0,0,2  -  Cliente - TelemetriaPulo:71
  23:38:05.720  TEL,12.25,4 VALE 2.8° / CRISTA 2.8°,210.7,-1.259,0.2433,0.04166,140.9,140.8,145.5,145.2,-0.2459,-0.2548,0.04375,0.0514,1.346,1.337,1.54,1.548,-1054,-0.07022,-0.08368,0.000676,0.0003862,0.1913,0.1741,0,0,2  -  Cliente - TelemetriaPulo:71
  23:38:05.720  TEL,12.25,4 VALE 2.8° / CRISTA 2.8°,210.7,-1.857,-0.03323,0.2892,140.9,141,145.4,145.1,-0.2679,-0.2629,0.0399,0.05675,1.325,1.33,1.536,1.553,-1054,-0.052,-0.05937,-0.0003572,-0.001082,0.1762,0.1641,0,0,2  -  Cliente - TelemetriaPulo:71
  23:38:05.720  TEL,12.26,4 VALE 2.8° / CRISTA 2.8°,210.7,-2.222,-0.1658,0.2306,141.1,141.1,145.4,145.1,-0.2731,-0.2621,0.04093,0.05449,1.321,1.331,1.537,1.551,-1053,-0.02533,-0.03574,0.0008041,0.0005593,0.1601,0.1583,0,0,2  -  Cliente - TelemetriaPulo:71
  23:38:05.720  TEL,12.26,4 VALE 2.8° / CRISTA 2.8°,210.9,-2.547,-0.2844,0.1788,140.2,141.5,145.3,145.1,-0.2713,-0.2579,0.0433,0.05126,1.322,1.335,1.54,1.548,-1053,0.2041,0.2272,0.001349,0.00122,0.14,0.1489,0,0,2  -  Cliente - TelemetriaPulo:71
  23:38:05.721  TEL,12.27,4 VALE 2.8° / CRISTA 2.8°,211,-3.814,-0.4175,0.08333,141.6,144.2,145.3,145,-0.2185,-0.2016,0.04681,0.045,1.371,1.387,1.543,1.541,-1055,1.012,1.004,-0.04306,-0.03977,0.09048,0.1175,0,0,2  -  Cliente - TelemetriaPulo:71
  23:38:05.721  TEL,12.27,4 VALE 2.8° / CRISTA 2.8°,210.9,-4.368,-0.513,-0.1204,140.7,143.2,146.6,146.3,-0.2099,-0.1973,0.04994,0.03862,1.379,1.391,1.546,1.535,-1055,1.319,1.369,-0.04369,-0.04026,0.06162,0.09358,0,0,2  -  Cliente - TelemetriaPulo:71
  23:38:05.721  TEL,12.28,4 VALE 2.8° / CRISTA 2.8°,210.9,-5.474,-0.6675,-0.03995,140.1,141.9,146.5,146.2,-0.1927,-0.1823,0.04881,0.03984,1.395,1.405,1.545,1.536,-1055,1.952,1.982,-0.0431,-0.03952,-0.002644,0.0256,0,0,4  -  Cliente - TelemetriaPulo:71
  23:38:05.721  TEL,12.29,4 VALE 2.8° / CRISTA 2.8°,210.8,-6.082,-0.7366,-0.05038,144.4,146.8,141.6,146.2,-0.1839,-0.1745,0.01109,0.04027,1.404,1.412,1.507,1.537,-1055,2.294,2.197,-0.04076,-0.03822,-0.002964,-0.01504,0,0,4  -  Cliente - TelemetriaPulo:71
  23:38:05.721  TEL,12.29,4 VALE 2.8° / CRISTA 2.8°,211.2,-6.052,-0.7512,-0.1595,141.4,143.2,144.1,142.8,-0.1712,-0.1678,-0.02506,-0.001333,1.415,1.419,1.471,1.495,-1054,2.598,2.609,-0.04045,-0.03781,-0.003617,-0.01579,0,0,4  -  Cliente - TelemetriaPulo:71
  23:38:05.721  TEL,12.3,4 VALE 2.8° / CRISTA 2.8°,211.1,-5.036,-0.6739,-0.0755,142.9,147.2,141.4,143,-0.1584,-0.1585,-0.05657,-0.04712,1.427,1.427,1.44,1.449,-1056,2.913,2.902,-0.04029,-0.03724,-0.003989,-0.005233,0,0,4  -  Cliente - TelemetriaPulo:71
  23:38:05.721  TEL,12.3,4 VALE 2.8° / CRISTA 2.8°,211.3,-2.586,-0.4604,-0.05925,142.3,146.1,141.1,142.4,-0.1367,-0.1393,-0.1033,-0.1002,1.448,1.445,1.393,1.396,-1056,3.564,3.587,-0.03721,-0.03625,-0.0006312,-0.0007684,0,0,4  -  Cliente - TelemetriaPulo:71
  23:38:05.721  TEL,12.31,4 VALE 2.8° / CRISTA 2.8°,211.4,-1.366,-0.3421,-0.08268,142.1,145.7,141,142.3,-0.127,-0.1325,-0.1135,-0.1143,1.457,1.452,1.383,1.382,-1057,3.885,3.904,-0.03482,-0.03423,-0.0006624,-0.0007006,0,0,4  -  Cliente - TelemetriaPulo:71
  23:38:05.721  TEL,12.31,4 VALE 2.8° / CRISTA 2.8°,211.6,0.7241,-0.1164,0.1511,142.4,145.5,141.2,142.4,-0.1355,-0.1156,-0.1209,-0.1155,1.449,1.468,1.375,1.381,-1057,4.546,4.535,0.03338,-0.01061,0.001095,-0.00111,0,0,4  -  Cliente - TelemetriaPulo:71
  23:38:05.721  TEL,12.32,4 VALE 2.8° / CRISTA 2.8°,211.6,1.537,-0.02984,0.1456,142.3,145.5,142.5,142.1,-0.1142,-0.09957,-0.08118,-0.1089,1.469,1.483,1.415,1.387,-1058,4.869,4.859,0.06109,0.02681,-0.03413,1.18e-05,0,0,3  -  Cliente - TelemetriaPulo:71
  23:38:05.721  TEL,12.33,4 VALE 2.8° / CRISTA 2.8°,211.7,1.273,0.01824,0.1461,142.2,145.4,142.7,142.1,-0.09175,-0.07486,-0.1003,-0.1021,1.49,1.506,1.396,1.394,-1058,5.198,5.181,0.0845,0.052,-0.01092,0.0005926,0,0,2  -  Cliente - TelemetriaPulo:71
  23:38:05.721  TEL,12.33,4 VALE 2.8° / CRISTA 2.8°,211.9,1.574,0.2353,0.04703,142.1,145.3,141.5,142,-0.06177,-0.04568,-0.09031,-0.08202,1.518,1.533,1.406,1.414,-1059,5.846,5.84,0.1341,0.106,-0.003002,0.0009649,0,0,2  -  Cliente - TelemetriaPulo:71
  23:38:05.721  TEL,12.34,4 VALE 2.8° / CRISTA 2.8°,212,1.527,0.3219,0.002631,142.1,145.2,141.1,142,-0.05406,-0.03904,-0.08069,-0.07058,1.526,1.54,1.416,1.426,-1060,6.166,6.16,0.1604,0.133,-0.0004927,0.0009569,0,0,2  -  Cliente - TelemetriaPulo:71
  23:38:05.721  TEL,12.34,4 VALE 2.8° / CRISTA 2.8°,212.1,1.354,0.392,-0.03729,142,145.2,141,142,-0.04957,-0.03551,-0.06805,-0.05914,1.53,1.543,1.428,1.437,-1060,6.484,6.474,0.1864,0.1583,0.0001603,0.0008165,0,0,2  -  Cliente - TelemetriaPulo:71
  23:38:05.721  TEL,12.35,4 VALE 2.8° / CRISTA 2.8°,211.7,1.001,0.4321,-0.07679,142,145.1,140.7,143.3,-0.04904,-0.03135,-0.05486,-0.03159,1.53,1.547,1.442,1.465,-1061,6.389,6.388,0.2113,0.1803,0.0001173,-0.01688,0,0,2  -  Cliente - TelemetriaPulo:71
  23:38:05.721  TEL,12.35,4 VALE 2.8° / CRISTA 2.8°,211.6,-0.2171,0.4328,-0.1777,141.9,145,140.8,142.6,-0.03808,-0.03294,-0.0346,-0.03484,1.541,1.546,1.462,1.462,-1059,5.548,5.536,0.2507,0.2223,4.482e-05,-0.005693,0,0,2  -  Cliente - TelemetriaPulo:71
  23:38:05.721  TEL,12.36,4 VALE 2.8° / CRISTA 2.8°,211.8,-0.5793,0.4767,-0.1301,141.8,144.9,140.9,142.1,-0.03475,-0.03698,-0.0271,-0.03563,1.544,1.542,1.469,1.461,-1058,5.18,5.153,0.2667,0.2413,0.0004481,-0.0006275,0,0,2  -  Cliente - TelemetriaPulo:71
  23:38:05.721  TEL,12.36,4 VALE 2.8° / CRISTA 2.8°,212,-1.334,0.5545,-0.02844,141.7,144.8,141.1,141.9,-0.03203,-0.0416,-0.01705,-0.02804,1.546,1.537,1.479,1.468,-1059,4.527,4.499,0.2888,0.2686,0.001423,0.0006374,0,0,2  -  Cliente - TelemetriaPulo:71
  23:38:05.721  TEL,12.37,4 VALE 2.8° / CRISTA 2.8°,212.1,-1.762,0.5882,0.01437,141.7,144.8,141.2,141.8,-0.03185,-0.04225,-0.0142,-0.02412,1.547,1.537,1.482,1.472,-1060,4.197,4.174,0.2959,0.2768,0.001416,0.0006763,0,0,2  -  Cliente - TelemetriaPulo:71
  23:38:05.721  TEL,12.37,4 VALE 2.8° / CRISTA 2.8°,212.3,-2.198,0.6213,0.05241,141.6,144.7,141.2,141.8,-0.03189,-0.04248,-0.01307,-0.02096,1.547,1.537,1.483,1.475,-1061,3.866,3.845,0.2993,0.282,0.001332,0.0009505,0,0,2  -  Cliente - TelemetriaPulo:71
  23:38:05.721  TEL,12.38,4 VALE 2.8° / CRISTA 2.8°,212.4,-3.024,0.6918,0.1128,141.5,144.7,142.6,141.8,-0.03196,-0.04284,-0.0001449,-0.0153,1.547,1.536,1.496,1.481,-1061,3.207,3.189,0.2946,0.2837,-0.01387,0.0006781,0,0,2  -  Cliente - TelemetriaPulo:71
  23:38:05.722  TEL,12.39,4 VALE 2.8° / CRISTA 2.8°,212.6,-3.706,0.7047,0.1787,141.5,144.6,142,141.9,-0.03237,-0.04242,-0.01393,-0.01385,1.546,1.537,1.482,1.483,-1062,2.889,2.866,0.2866,0.2802,-0.002014,0.0002443,0,0,2  -  Cliente - TelemetriaPulo:71
  23:38:05.722  TEL,12.39,4 VALE 2.8° / CRISTA 2.8°,212.7,-4.056,0.7457,0.1566,141.4,144.6,143.4,141.8,-0.03193,-0.0433,-0.00126,-0.01499,1.547,1.536,1.495,1.481,-1063,2.567,2.547,0.2746,0.2742,0.02278,0.01843,0,0,2  -  Cliente - TelemetriaPulo:71
  23:38:05.722  TEL,12.4,4 VALE 2.8° / CRISTA 2.8°,212.8,-5.653,0.7563,0.3029,141.4,144.5,146,144.4,-0.03331,-0.04218,0.02513,0.01266,1.545,1.537,1.521,1.509,-1063,1.973,1.958,0.239,0.252,0.06009,0.07277,0,0,0  -  Cliente - TelemetriaPulo:71
  23:38:05.722   ▶ TEL,12.4,4 VALE 2.8° / CRISTA 2.8°,212.8,-6.772,0.7339,0.2928,141.3,144.4,147.3,145.7,-0.03307,-0.04312,0.03271,0.0257,1.546,1.536,1.529,1.522,-1064,1.724,1.71,0.215,0.2379,0.07716,0.0935,0,0,0 (x2)  -  Cliente - TelemetriaPulo:71
  23:38:05.722  TEL,12.41,4 VALE 2.8° / CRISTA 2.8°,212.9,-7.863,0.7156,0.2838,141.3,144.4,147.2,145.7,-0.03286,-0.04419,0.03718,0.03464,1.546,1.535,1.534,1.531,-1064,1.508,1.494,0.1874,0.22,0.09253,0.1133,0,0,0  -  Cliente - TelemetriaPulo:71
  23:38:05.722  TEL,12.41,4 VALE 2.8° / CRISTA 2.8°,213,-8.915,0.7001,0.2781,141.2,144.3,147.2,145.6,-0.03287,-0.04478,0.03955,0.04023,1.546,1.534,1.536,1.537,-1064,1.321,1.31,0.1566,0.198,0.1053,0.1317,0,0,0  -  Cliente - TelemetriaPulo:71
  23:38:05.722  TEL,12.42,4 VALE 2.8° / CRISTA 2.8°,213.1,-10.92,0.6776,0.2723,141.2,144.3,147.1,145.6,-0.03371,-0.04453,0.04142,0.04525,1.545,1.535,1.538,1.542,-1065,1.023,1.018,0.08503,0.1404,0.1204,0.1611,0,0,0  -  Cliente - TelemetriaPulo:71
  23:38:05.722  TEL,12.42,4 VALE 2.8° / CRISTA 2.8°,213.2,-11.89,0.669,0.2707,141.1,144.2,147.1,145.5,-0.03436,-0.04396,0.04189,0.04609,1.544,1.535,1.538,1.542,-1066,0.9033,0.9008,0.04408,0.1063,0.1222,0.1712,0,0,1  -  Cliente - TelemetriaPulo:71
  23:38:05.722  TEL,12.43,4 VALE 2.8° / CRISTA 2.8°,213.3,-12.86,0.6611,0.2701,141.1,144.2,147.1,145.5,-0.03505,-0.04322,0.04223,0.04636,1.544,1.536,1.539,1.543,-1066,0.7998,0.7995,-0.0004455,0.06831,0.1201,0.1775,0,0,1  -  Cliente - TelemetriaPulo:71
  23:38:05.722  TEL,12.44,4 VALE 2.8° / CRISTA 2.8°,213.4,-14.56,0.5786,-0.151,143.2,142,147,145.4,-0.1252,-0.09171,0.04786,0.03804,1.459,1.49,1.544,1.534,-1066,0.684,0.6214,-0.001296,0.02629,0.1035,0.1772,0,0,2  -  Cliente - TelemetriaPulo:71
  23:38:05.722  TEL,12.44,4 VALE 2.8° / CRISTA 2.8°,213.4,-14.86,0.4422,-0.1588,144.4,143.1,147,145.4,-0.1616,-0.1338,0.04943,0.0366,1.425,1.45,1.546,1.533,-1067,0.6073,0.5091,-0.002652,0.02594,0.09353,0.1653,0,0,2  -  Cliente - TelemetriaPulo:71
  23:38:05.722  TEL,12.45,4 VALE 2.8° / CRISTA 2.8°,213.4,-15.53,0.231,-0.1055,142.8,142.9,149.6,148,-0.2854,-0.2073,0.04877,0.04162,1.309,1.382,1.545,1.538,-1067,0.4245,0.3506,0.05778,0.02844,0.06641,0.123,0,0,1  -  Cliente - TelemetriaPulo:71
  23:38:05.722  TEL,12.45,4 VALE 2.8° / CRISTA 2.8°,213.4,-15.61,0.03246,-0.2626,142.7,143,149.6,148,-0.2561,-0.2344,0.04934,0.04193,1.336,1.356,1.546,1.538,-1067,0.3381,0.2842,0.008151,0.02818,0.04781,0.09699,0,0,3  -  Cliente - TelemetriaPulo:71
  23:38:05.722  TEL,12.46,4 VALE 2.8° / CRISTA 2.8°,213.5,-16.01,-0.07489,-0.1013,143.7,143.1,149.5,147.9,-0.2741,-0.2563,0.047,0.04593,1.32,1.336,1.543,1.542,-1067,0.2959,0.2349,0.007778,0.02794,0.02648,0.06656,0,0,3  -  Cliente - TelemetriaPulo:71
  23:38:05.722  TEL,12.46,4 VALE 2.8° / CRISTA 2.8°,213.7,-16.3,-0.2355,-0.1543,144,143.3,143.4,147.9,-0.2984,-0.2721,0.02156,0.04658,1.297,1.321,1.518,1.543,-1067,0.2813,0.2124,0.0208,0.0274,0.02468,0.0344,0,0,4  -  Cliente - TelemetriaPulo:71
  23:38:05.722  TEL,12.47,4 VALE 2.8° / CRISTA 2.8°,213.8,-15.7,-0.4518,-0.4098,143.5,143.4,143.3,144.9,-0.3017,-0.2891,-0.03043,0.01159,1.294,1.306,1.466,1.508,-1069,0.1676,0.1407,0.02491,0.02554,0.02442,-0.002765,0,0,4  -  Cliente - TelemetriaPulo:71
  23:38:05.723  TEL,12.47,4 VALE 2.8° / CRISTA 2.8°,214,-14.61,-0.4789,-0.3852,143.6,143.5,143.5,145.1,-0.2906,-0.2897,-0.05166,-0.04106,1.304,1.305,1.445,1.455,-1069,0.1212,0.1104,0.02426,0.02448,0.02421,0.01538,0,0,4  -  Cliente - TelemetriaPulo:71
  23:38:05.723  TEL,12.48,4 VALE 2.8° / CRISTA 2.8°,214.1,-13.27,-0.4709,-0.2585,143.6,143.6,143.5,144.1,-0.276,-0.2831,-0.06705,-0.06527,1.318,1.311,1.429,1.431,-1070,0.08024,0.09416,0.02367,0.02373,0.02268,0.01458,0,0,4  -  Cliente - TelemetriaPulo:71
  23:38:05.723  TEL,12.49,4 VALE 2.8° / CRISTA 2.8°,214.3,-10.71,-0.4068,0.1184,143.7,143.7,143.6,143.8,-0.2443,-0.2494,-0.09263,-0.09612,1.347,1.342,1.404,1.4,-1070,0.02372,0.0669,0.02469,0.02478,0.02515,0.02375,0,0,4  -  Cliente - TelemetriaPulo:71
  23:38:05.723  TEL,12.49,4 VALE 2.8° / CRISTA 2.8°,214.5,-9.647,-0.3618,0.2671,143.7,143.7,143.7,143.8,-0.2261,-0.2233,-0.09774,-0.09429,1.364,1.367,1.399,1.402,-1072,0.01989,0.07883,0.02414,0.02415,0.02425,0.02353,0,0,4  -  Cliente - TelemetriaPulo:71
  23:38:05.723  TEL,12.5,4 VALE 2.8° / CRISTA 2.8°,214.7,-8.206,-0.2716,0.1927,143.7,143.8,143.8,143.9,-0.189,-0.1726,-0.09844,-0.08414,1.399,1.414,1.398,1.412,-1072,0.03931,0.1056,0.02603,0.02587,0.02534,0.02581,0,0,4  -  Cliente - TelemetriaPulo:71
  23:38:05.723  TEL,12.5,4 VALE 2.8° / CRISTA 2.8°,214.8,-7.757,-0.2232,0.1409,143.8,143.9,143.8,143.9,-0.1688,-0.1485,-0.09394,-0.07606,1.418,1.437,1.402,1.42,-1074,0.05549,0.1098,-0.0002348,0.02514,0.02627,0.02761,0,0,4  -  Cliente - TelemetriaPulo:71
  23:38:05.723  TEL,12.51,4 VALE 2.8° / CRISTA 2.8°,214.9,-7.477,-0.1727,0.0675,144.1,143.8,143.8,145.2,-0.1967,-0.1153,-0.08522,-0.04413,1.392,1.468,1.411,1.452,-1074,0.1001,0.1071,0.003765,-0.02993,0.0259,0.006334,0,0,4  -  Cliente - TelemetriaPulo:71
  23:38:05.723  TEL,12.51,4 VALE 2.8° / CRISTA 2.8°,214.9,-7.701,-0.2004,-0.2303,144,145.8,143.8,144.9,-0.2173,-0.141,-0.07445,-0.05306,1.372,1.444,1.422,1.443,-1075,0.09103,0.07325,0.004442,-0.03082,0.02568,0.01914,0,0,4  -  Cliente - TelemetriaPulo:71
  23:38:05.723  TEL,12.52,4 VALE 2.8° / CRISTA 2.8°,215.1,-6.899,-0.3131,-0.1992,144.2,144.9,144,144.2,-0.2435,-0.2033,-0.05006,-0.04681,1.348,1.385,1.446,1.45,-1074,0.0763,0.02422,0.003303,-0.008269,0.02447,0.02402,0,0,4  -  Cliente - TelemetriaPulo:71
  23:38:05.723  TEL,12.52,4 VALE 2.8° / CRISTA 2.8°,215.2,-6.628,-0.3845,-0.1987,144.3,144.9,144.3,144.2,-0.2499,-0.2236,-0.03909,-0.04097,1.342,1.367,1.457,1.455,-1076,0.06499,0.009505,0.002923,-0.0009363,0.02429,0.02394,0,0,4  -  Cliente - TelemetriaPulo:71
  23:38:05.723  TEL,12.53,4 VALE 2.8° / CRISTA 2.8°,215.3,-6.409,-0.4612,-0.1379,144.4,144.6,144.3,144.3,-0.2524,-0.2331,-0.02928,-0.03553,1.34,1.358,1.467,1.461,-1076,0.04693,-0.005693,0.002494,0.001295,0.02532,0.02487,0,0,4  -  Cliente - TelemetriaPulo:71
  23:38:05.723  TEL,12.54,4 VALE 2.8° / CRISTA 2.8°,215.4,-6.212,-0.613,-0.0709,144.7,144.6,144.6,144.5,-0.2468,-0.2334,-0.01212,-0.02455,1.345,1.357,1.484,1.472,-1076,0.02468,-0.01642,0.001582,0.001566,0.02591,0.02587,0,0,4  -  Cliente - TelemetriaPulo:71
  23:38:05.723  TEL,12.54,4 VALE 2.8° / CRISTA 2.8°,215.5,-6.231,-0.6855,-0.04102,144.7,144.7,144.7,144.7,-0.2396,-0.2265,-0.006144,-0.01981,1.352,1.364,1.49,1.477,-1077,0.01541,-0.01974,0.001503,0.000693,0.02613,0.02608,0,0,4  -  Cliente - TelemetriaPulo:71
  23:38:05.723  TEL,12.55,4 VALE 2.8° / CRISTA 2.8°,215.6,-6.316,-0.7504,-0.01578,144.8,144.9,144.8,144.8,-0.2299,-0.2177,-0.002049,-0.01586,1.361,1.372,1.494,1.48,-1077,0.009531,-0.02197,0.001369,0.001125,0.02628,0.02612,0,0,4  -  Cliente - TelemetriaPulo:71
  23:38:05.723  TEL,12.55,4 VALE 2.8° / CRISTA 2.8°,215.7,-6.618,-0.8535,0.03257,145,145.1,145,145,-0.2055,-0.1919,0.0008059,-0.01108,1.383,1.396,1.497,1.485,-1078,0.005495,-0.01037,0.001222,0.0008487,0.02627,0.02614,0,0,4  -  Cliente - TelemetriaPulo:71
  23:38:05.723  TEL,12.56,4 VALE 2.8° / CRISTA 2.8°,215.9,-6.806,-0.8897,0.05621,145.1,145.1,145.1,145.1,-0.1921,-0.1771,-4.026e-05,-0.01014,1.396,1.41,1.496,1.486,-1079,0.004645,-0.006537,0.001305,0.00113,0.02615,0.02612,0,0,4  -  Cliente - TelemetriaPulo:71
  23:38:05.723  TEL,12.56,4 VALE 2.8° / CRISTA 2.8°,216.1,-7.208,-0.9285,0.09668,145.2,145.2,145.3,145.3,-0.1641,-0.1456,-0.007418,-0.01039,1.422,1.439,1.489,1.486,-1079,0.007616,0.01034,7.749e-05,0.001489,0.02793,0.02582,0,0,4  -  Cliente - TelemetriaPulo:71
  23:38:05.723  TEL,12.57,4 VALE 2.8° / CRISTA 2.8°,216.1,-7.369,-0.9262,0.09498,145.3,145.3,146.6,145.4,-0.1528,-0.1305,0.003776,-0.0115,1.433,1.454,1.5,1.485,-1080,0.008597,0.01652,0.001228,0.001717,0.01294,0.02572,0,0,4  -  Cliente - TelemetriaPulo:71
  23:38:05.723  TEL,12.58,4 VALE 2.8° / CRISTA 2.8°,216.4,-7.98,-0.927,0.125,145.4,145.4,145.8,145.6,-0.1334,-0.1025,-0.01587,-0.01765,1.451,1.48,1.48,1.479,-1081,0.02076,0.03536,0.002325,0.002348,-0.03089,0.001578,0,0,4  -  Cliente - TelemetriaPulo:71
  23:38:05.723  TEL,12.58,4 VALE 2.8° / CRISTA 2.8°,216.5,-8.153,-0.9079,-0.02801,145.4,145.3,147.1,145.5,-0.1237,-0.09315,-0.06541,-0.06885,1.46,1.489,1.431,1.428,-1082,0.01518,0.04241,0.002328,0.002198,-0.03122,0.002137,0,0,4  -  Cliente - TelemetriaPulo:71
  23:38:05.724  TEL,12.59,4 VALE 2.8° / CRISTA 2.8°,216.5,-6.439,-0.7271,0.01388,145.3,145.3,147,145.4,-0.1156,-0.085,-0.1279,-0.1089,1.468,1.496,1.368,1.387,-1082,0.02016,0.05766,0.00242,0.002237,-0.008757,0.002435,0,0,4  -  Cliente - TelemetriaPulo:71
  23:38:05.724  TEL,12.59,4 VALE 2.8° / CRISTA 2.8°,216.7,-2.682,-0.3283,-0.03101,145.1,145.2,145.7,145.2,-0.1036,-0.07506,-0.18,-0.1549,1.479,1.506,1.316,1.341,-1083,0.02332,0.0754,0.002329,0.002123,-0.001844,0.002077,0,0,4  -  Cliente - TelemetriaPulo:71
  23:38:05.724  TEL,12.6,4 VALE 2.8° / CRISTA 2.8°,216.8,-0.9554,-0.1424,-0.05522,145,145.1,145.2,145.1,-0.09986,-0.07302,-0.1887,-0.1625,1.482,1.508,1.308,1.334,-1083,0.01763,0.07306,0.002111,0.001951,0.0007912,0.002103,0,0,4  -  Cliente - TelemetriaPulo:71
  23:38:05.724  TEL,12.6,4 VALE 2.8° / CRISTA 2.8°,216.9,0.5644,0.02416,-0.07978,145,145,145,145,-0.09755,-0.07293,-0.1849,-0.1605,1.485,1.508,1.311,1.336,-1084,0.009908,0.0613,0.00191,0.001735,0.0007352,0.001422,0,0,4  -  Cliente - TelemetriaPulo:71
  23:38:05.724  TEL,12.61,4 VALE 2.8° / CRISTA 2.8°,217,2.712,0.2688,-0.1116,144.9,144.9,144.9,144.9,-0.09628,-0.07787,-0.1561,-0.137,1.486,1.503,1.34,1.359,-1084,-0.002502,0.02074,0.001253,0.001108,0.001169,0.0004901,0,0,4  -  Cliente - TelemetriaPulo:71
  23:38:05.724  TEL,12.61,4 VALE 2.8° / CRISTA 2.8°,217.1,3.315,0.3433,-0.1213,144.9,144.9,144.9,145,-0.09714,-0.08232,-0.1341,-0.1194,1.485,1.499,1.362,1.377,-1085,-0.009013,-0.001797,0.0008708,0.0007716,0.0008861,0.0006572,0,0,4  -  Cliente - TelemetriaPulo:71
  23:38:05.724  TEL,12.62,4 VALE 2.8° / CRISTA 2.8°,217.2,3.638,0.3883,-0.1222,144.9,144.9,145,144.9,-0.09879,-0.08759,-0.11,-0.0993,1.483,1.494,1.386,1.397,-1086,-0.01513,-0.02144,0.0005455,0.0003929,0.0005683,0.0004921,0,0,4  -  Cliente - TelemetriaPulo:71
  23:38:05.724  TEL,12.62,4 VALE 2.8° / CRISTA 2.8°,217.4,3.706,0.3992,-0.1198,145,144.9,145,145,-0.1007,-0.09463,-0.08559,-0.07858,1.482,1.487,1.411,1.418,-1086,-0.02087,-0.03881,0.0001556,0.001613,0.0002166,0.0002166,0,0,4  -  Cliente - TelemetriaPulo:71
  23:38:05.724  TEL,12.63,4 VALE 2.8° / CRISTA 2.8°,217.5,3.104,0.3861,-0.1637,145.1,145.8,145.2,145.2,-0.1065,-0.09093,-0.04047,-0.0407,1.476,1.491,1.456,1.456,-1087,-0.03481,-0.06592,-0.000527,-0.01611,-0.0005347,-0.0005424,0,0,4  -  Cliente - TelemetriaPulo:71
  23:38:05.724  TEL,12.64,4 VALE 2.8° / CRISTA 2.8°,217.6,2.634,0.3454,-0.1394,145.2,145.9,145.2,145.2,-0.1099,-0.1089,-0.02145,-0.02559,1.473,1.474,1.475,1.471,-1088,-0.0409,-0.07685,-0.000936,-0.006117,-0.0009513,-0.0009818,0,0,4  -  Cliente - TelemetriaPulo:71
  23:38:05.724  TEL,12.64,4 VALE 2.8° / CRISTA 2.8°,217.7,1.492,0.2866,0.002368,145.3,145.5,145.4,145.3,-0.1231,-0.1276,0.003005,-0.00193,1.461,1.456,1.499,1.494,-1088,-0.0427,-0.07782,-9.513e-05,-0.0006901,1.931e-05,3.457e-05,0,0,4  -  Cliente - TelemetriaPulo:71
  23:38:05.724  TEL,12.65,4 VALE 2.8° / CRISTA 2.8°,217.8,0.9253,0.2293,0.07583,145.4,145.5,145.5,145.5,-0.1319,-0.1337,0.01023,0.007592,1.452,1.451,1.507,1.504,-1089,-0.03774,-0.07623,0.0007255,-0.0004647,-0.0001291,-0.0001519,0,0,4  -  Cliente - TelemetriaPulo:71
  23:38:05.724  TEL,12.65,4 VALE 2.8° / CRISTA 2.8°,217.9,0.368,0.1671,0.1052,145.4,145.6,145.6,145.6,-0.1138,-0.1382,0.01401,0.01431,1.469,1.446,1.51,1.511,-1089,-0.0303,-0.07012,-0.02524,-0.0006078,-0.0004324,-0.00044,0,0,4  -  Cliente - TelemetriaPulo:71
  23:38:05.724  TEL,12.66,4 VALE 2.8° / CRISTA 2.8°,217.9,-0.2575,0.1361,0.2229,146.8,145.6,145.8,145.8,-0.1233,-0.1429,0.01369,0.0203,1.46,1.442,1.51,1.517,-1089,-0.02527,-0.05492,-0.02589,6.473e-05,-0.001118,-0.00111,0,0,4  -  Cliente - TelemetriaPulo:71
  23:38:05.724  TEL,12.66,4 VALE 2.8° / CRISTA 2.8°,218.1,-1.042,0.02708,0.08798,146.3,145.8,145.9,145.8,-0.1562,-0.1522,0.004081,0.01657,1.429,1.433,1.5,1.513,-1090,-0.008706,-0.02067,-0.008144,0.000783,0.000783,0.0008057,0,0,4  -  Cliente - TelemetriaPulo:71
  23:38:05.724  TEL,12.67,4 VALE 2.8° / CRISTA 2.8°,218.2,-1.214,-0.01643,0.06551,146.3,145.9,145.9,145.9,-0.1673,-0.1553,-0.002336,0.01207,1.419,1.43,1.494,1.508,-1090,0.001246,-0.009134,-0.002101,0.0008134,0.001065,0.001103,0,0,4  -  Cliente - TelemetriaPulo:71
  23:38:05.724  TEL,12.67,4 VALE 2.8° / CRISTA 2.8°,218.2,-1.283,-0.05351,0.03409,146.1,146,146,146,-0.1726,-0.1577,-0.009355,0.006257,1.414,1.428,1.487,1.503,-1091,0.005638,-0.001618,-2.158e-05,0.0009555,0.001169,0.001215,0,0,4  -  Cliente - TelemetriaPulo:71
  23:38:05.724  TEL,12.68,4 VALE 2.8° / CRISTA 2.8°,218.4,-1.161,-0.1035,-0.02399,146.1,146.1,146.1,146.1,-0.1742,-0.1592,-0.02307,-0.007409,1.413,1.427,1.473,1.489,-1091,0.01806,0.008344,0.00073,0.0009055,0.001134,0.001104,0,0,4  -  Cliente - TelemetriaPulo:71
  23:38:05.724  TEL,12.69,4 VALE 2.8° / CRISTA 2.8°,218.5,-1.006,-0.1167,-0.04593,146.2,146.2,146.2,146.2,-0.1723,-0.1563,-0.02879,-0.01441,1.414,1.429,1.468,1.482,-1092,0.01968,0.007265,-0.000895,-0.00133,0.0009512,0.0009969,0,0,4  -  Cliente - TelemetriaPulo:71
  23:38:05.724  TEL,12.69,4 VALE 2.8° / CRISTA 2.8°,218.6,-0.8252,-0.1211,-0.07748,146.3,146.4,146.2,146.3,-0.1699,-0.1564,-0.0333,-0.02119,1.417,1.429,1.463,1.475,-1092,0.0187,0.004925,-3.278e-05,-0.001749,0.0007606,0.0007836,0,0,4  -  Cliente - TelemetriaPulo:71
  23:38:05.724  TEL,12.7,4 VALE 2.8° / CRISTA 2.8°,218.6,-0.3033,-0.1101,-0.03954,146.3,146.4,147.4,147.6,-0.1611,-0.1531,-0.01919,-0.01178,1.425,1.432,1.477,1.485,-1093,0.004571,-0.001756,0.0001605,-0.0001676,-0.01925,-0.019,0,0,4  -  Cliente - TelemetriaPulo:71
  23:38:05.725  TEL,12.7,4 VALE 2.8° / CRISTA 2.8°,218.8,-0.9542,-0.1776,-0.1227,146.4,146.5,147.4,147.5,-0.1546,-0.1506,-0.03712,-0.03361,1.431,1.435,1.459,1.463,-1093,0.007328,-0.001811,-0.0004127,-0.0002218,-0.006684,-0.0066,0,0,4  -  Cliente - TelemetriaPulo:71
  23:38:05.725  TEL,12.71,4 VALE 2.8° / CRISTA 2.8°,219,-0.6869,-0.1647,-0.1051,146.5,146.6,146.9,146.9,-0.148,-0.1474,-0.04553,-0.04526,1.437,1.438,1.451,1.451,-1094,0.01182,-0.005441,-0.0005496,-0.0004505,-0.002632,-0.002632,0,0,4  -  Cliente - TelemetriaPulo:71
  23:38:05.725  TEL,12.71,4 VALE 2.8° / CRISTA 2.8°,219.2,-0.3719,-0.1431,-0.09677,146.7,146.7,146.9,146.8,-0.1412,-0.1436,-0.04961,-0.05271,1.444,1.441,1.447,1.444,-1095,0.01291,-0.004247,-0.0007379,-0.0007075,-0.001478,-0.001028,0,0,4  -  Cliente - TelemetriaPulo:71
  23:38:05.725  TEL,12.72,4 VALE 2.8° / CRISTA 2.8°,219.5,0.2746,-0.08305,0.1096,146.8,146.9,149.4,146.9,-0.1327,-0.1304,-0.03188,-0.0529,1.452,1.454,1.464,1.443,-1096,0.007367,0.001885,-0.0006449,-0.0007366,-0.02389,-0.0008204,0,0,4  -  Cliente - TelemetriaPulo:71
  23:38:05.725  TEL,12.73,4 VALE 2.8° / CRISTA 2.8°,219.7,-0.006215,-0.09734,0.1205,146.9,147,148.2,147,-0.1299,-0.1245,-0.03569,-0.05329,1.454,1.459,1.461,1.443,-1097,0.03061,0.01246,-7.51e-05,-8.273e-05,-0.0236,-3.695e-05,0,0,4  -  Cliente - TelemetriaPulo:71
  23:38:05.725  TEL,12.73,4 VALE 2.8° / CRISTA 2.8°,219.9,0.1355,-0.07584,0.09525,147,147.1,148.2,147.1,-0.1272,-0.1181,-0.0538,-0.05289,1.457,1.465,1.443,1.443,-1098,0.04675,0.02667,0.0003049,-0.0005877,-0.007584,0.0003355,0,0,4  -  Cliente - TelemetriaPulo:71
  23:38:05.725  TEL,12.74,4 VALE 2.8° / CRISTA 2.8°,220.2,0.4631,-0.02274,0.043,147.2,147.3,147.6,147.3,-0.122,-0.1108,-0.05836,-0.04955,1.462,1.472,1.438,1.447,-1099,0.05688,0.03652,0.0005556,0.0004717,-0.002069,0.0006319,0,0,4  -  Cliente - TelemetriaPulo:71
  23:38:05.725  TEL,12.74,4 VALE 2.8° / CRISTA 2.8°,220.4,0.5802,0.0008743,0.02023,147.3,147.4,147.4,147.4,-0.1199,-0.1081,-0.05777,-0.04682,1.464,1.475,1.439,1.45,-1101,0.05416,0.03703,0.000594,0.0005635,-0.0002069,0.0006856,0,0,4  -  Cliente - TelemetriaPulo:71
  23:38:05.725  TEL,12.75,4 VALE 2.8° / CRISTA 2.8°,220.6,0.652,0.02139,-0.002405,147.4,147.5,147.5,147.5,-0.1183,-0.1048,-0.05494,-0.04376,1.465,1.478,1.441,1.453,-1102,0.04952,0.03731,0.0005945,-0.001084,0.0003809,0.0006784,0,0,4  -  Cliente - TelemetriaPulo:71
  23:38:05.725  TEL,12.75,4 VALE 2.8° / CRISTA 2.8°,220.9,0.6518,0.05199,-0.03876,147.6,147.7,147.7,147.7,-0.1162,-0.1062,-0.04685,-0.03582,1.467,1.476,1.45,1.461,-1103,0.03719,0.02525,0.0003978,0.0001996,0.0004665,-0.001258,0,0,4  -  Cliente - TelemetriaPulo:71
  23:38:05.725  TEL,12.76,5 QUINAS 0.0016 / 0.0043 / 0.01,221.1,0.5676,0.05747,-0.05823,147.8,147.8,147.8,147.9,-0.1158,-0.1075,-0.04272,-0.03442,1.467,1.475,1.454,1.462,-1104,0.02996,0.01827,0.0002921,0.0001624,-0.001295,-0.0002725,0,0,4  -  Cliente - TelemetriaPulo:71
  23:38:05.725  TEL,12.76,5 QUINAS 0.0016 / 0.0043 / 0.01,221.3,0.455,0.06916,-0.06224,148,147.9,150.3,148,-0.1161,-0.1119,-0.01942,-0.0323,1.467,1.471,1.477,1.464,-1105,0.007959,0.001966,-0.0001317,-0.000124,-0.01721,5.603e-06,0,0,4  -  Cliente - TelemetriaPulo:71
  23:38:05.725  TEL,12.77,5 QUINAS 0.0016 / 0.0043 / 0.01,221.8,0.06828,0.05054,-0.01538,147.1,148.5,149.1,148.2,-0.1162,-0.1157,-0.01807,-0.03111,1.467,1.467,1.478,1.465,-1106,0.2328,0.2351,-0.0002447,-0.0002522,-0.01744,-0.0002599,0,0,4  -  Cliente - TelemetriaPulo:71
  23:38:05.725  TEL,12.77,5 QUINAS 0.0016 / 0.0043 / 0.01,222.1,-0.005592,0.05157,0.07528,147.6,150.1,149.3,148.4,-0.1187,-0.1175,-0.02961,-0.02965,1.465,1.466,1.467,1.467,-1109,0.6103,0.5901,-0.0004796,-0.0004947,-0.005728,1.645e-05,0,0,4  -  Cliente - TelemetriaPulo:71
  23:38:05.725  TEL,12.78,5 QUINAS 0.0016 / 0.0043 / 0.01,222.4,-0.09011,0.04378,-0.007408,146.2,151,148.6,148.8,-0.1229,-0.1249,-0.03226,-0.03025,1.461,1.459,1.464,1.466,-1110,1.277,1.34,-0.0002325,2.694e-05,-0.0008276,-0.0002859,0,0,4  -  Cliente - TelemetriaPulo:71
  23:38:05.725  TEL,12.79,5 QUINAS 0.0016 / 0.0043 / 0.01,222.5,-0.08577,0.04147,0.0008502,149.5,149.5,148.5,149,-0.1247,-0.1277,-0.031,-0.03058,1.459,1.456,1.465,1.466,-1112,1.623,1.682,-0.0002844,-3.266e-05,-0.001124,-0.0002922,0,0,4  -  Cliente - TelemetriaPulo:71
  23:38:05.725  TEL,12.79,5 QUINAS 0.0016 / 0.0043 / 0.01,222.6,-0.1224,0.0344,-0.00887,146.3,152.6,148.6,149.1,-0.1264,-0.1303,-0.03079,-0.03128,1.457,1.454,1.466,1.465,-1113,1.903,1.949,-0.0002147,6.759e-05,-0.0006572,-0.0003597,0,0,4  -  Cliente - TelemetriaPulo:71
  23:38:05.725  TEL,12.8,5 QUINAS 0.0016 / 0.0043 / 0.01,222.9,-0.09817,0.0277,0.08049,147.4,152.2,148.9,149.5,-0.1303,-0.1324,-0.03141,-0.02965,1.454,1.452,1.465,1.467,-1113,2.562,2.597,-0.0005939,-0.0003268,-0.0008074,-0.000754,0,0,4  -  Cliente - TelemetriaPulo:71
  23:38:05.725  TEL,12.8,5 QUINAS 0.0016 / 0.0043 / 0.01,223.1,-0.101,0.02208,0.04089,148,150.4,148.7,149.6,-0.1316,-0.1339,-0.03235,-0.03018,1.453,1.45,1.464,1.466,-1114,2.896,2.952,-0.0007151,-0.0004405,-0.0002955,-0.0002726,0,0,4  -  Cliente - TelemetriaPulo:71
  23:38:05.725  TEL,12.81,5 QUINAS 0.0016 / 0.0043 / 0.01,223.2,-0.08073,0.01775,0.00148,147.9,151.7,148.7,149.7,-0.1323,-0.1356,-0.03244,-0.02981,1.452,1.449,1.464,1.467,-1116,3.208,3.253,-0.0007148,-0.0004401,-0.0002341,-0.00144,0,0,4  -  Cliente - TelemetriaPulo:71
  23:38:05.726  TEL,12.81,5 QUINAS 0.0016 / 0.0043 / 0.01,223.5,-0.03953,0.008937,0.04832,148,151.7,149,150.3,-0.1333,-0.1368,-0.03257,-0.03067,1.451,1.448,1.464,1.466,-1116,3.852,3.894,-0.0009885,-0.0007063,-0.0007749,-0.0008665,0,0,4  -  Cliente - TelemetriaPulo:71
  23:38:05.726  TEL,12.82,5 QUINAS 0.0016 / 0.0043 / 0.01,223.6,-0.02048,0.005222,0.06057,148,151.7,149.1,150.5,-0.1335,-0.1367,-0.03275,-0.0304,1.451,1.448,1.464,1.466,-1117,4.173,4.213,-0.001172,-0.0008438,-0.0008818,-0.0009047,0,0,4  -  Cliente - TelemetriaPulo:71
  23:38:05.726  TEL,12.82,5 QUINAS 0.0016 / 0.0043 / 0.01,223.7,-0.008794,0.001466,0.06846,148,151.9,149.1,150.7,-0.1344,-0.1361,-0.03287,-0.02998,1.45,1.448,1.463,1.466,-1118,4.493,4.532,-0.0006148,-0.001011,-0.0009886,-0.0009962,0,0,4  -  Cliente - TelemetriaPulo:71
  23:38:05.726  TEL,12.83,5 QUINAS 0.0016 / 0.0043 / 0.01,223.4,-0.09145,-0.0278,0.02731,148.3,151,148.9,150.6,-0.1365,-0.1316,-0.03413,-0.03104,1.448,1.453,1.462,1.465,-1119,4.217,4.277,-0.0005708,-0.0004867,-0.001097,-0.001089,0,0,4  -  Cliente - TelemetriaPulo:71
  23:38:05.726  TEL,12.84,5 QUINAS 0.0016 / 0.0043 / 0.01,223.3,-0.09291,-0.03362,-0.0926,149,150.2,148.5,150.7,-0.1345,-0.1308,-0.03443,-0.03387,1.45,1.453,1.462,1.462,-1117,3.842,3.876,-0.0008696,-0.0007781,-0.0005339,-0.0008162,0,0,4  -  Cliente - TelemetriaPulo:71
  23:38:05.726  TEL,12.84,5 QUINAS 0.0016 / 0.0043 / 0.01,223.6,0.03703,-0.02137,-0.1829,150,149.5,148.9,151.1,-0.128,-0.1328,-0.03255,-0.0404,1.456,1.451,1.464,1.456,-1117,3.111,3.115,-0.001298,-0.001657,0.0003653,-0.0003595,0,0,4  -  Cliente - TelemetriaPulo:71
  23:38:05.726  TEL,12.85,5 QUINAS 0.0016 / 0.0043 / 0.01,223.8,0.1344,-0.01132,-0.2109,150.1,149.8,149,151.2,-0.1239,-0.1348,-0.0306,-0.04451,1.46,1.45,1.466,1.452,-1118,2.768,2.779,-0.001892,-0.002243,0.0009996,0.0005572,0,0,4  -  Cliente - TelemetriaPulo:71
  23:38:05.726  TEL,12.85,5 QUINAS 0.0016 / 0.0043 / 0.01,223.9,0.2277,-0.002014,-0.1707,149.4,149.3,149.1,151.4,-0.1212,-0.1373,-0.02842,-0.04709,1.462,1.447,1.468,1.449,-1119,2.418,2.456,-0.001516,-0.001668,0.001513,0.001155,0,0,4  -  Cliente - TelemetriaPulo:71
  23:38:05.726  TEL,12.86,5 QUINAS 0.0016 / 0.0043 / 0.01,224.1,0.311,0.005486,-0.1388,150,150.1,149.1,151.4,-0.1188,-0.1388,-0.02595,-0.04852,1.465,1.446,1.47,1.448,-1120,2.096,2.129,-0.001185,-0.001353,0.001943,0.001645,0,0,4  -  Cliente - TelemetriaPulo:71
  23:38:05.726  TEL,12.86,5 QUINAS 0.0016 / 0.0043 / 0.01,224.4,0.3998,0.01613,-0.01946,150.5,150.7,149.4,151.6,-0.1153,-0.1393,-0.0209,-0.04723,1.468,1.445,1.475,1.449,-1120,1.559,1.585,-0.0009686,-0.001182,0.002297,0.001939,0,0,4  -  Cliente - TelemetriaPulo:71
  23:38:05.726  TEL,12.87,5 QUINAS 0.0016 / 0.0043 / 0.01,224.6,0.3761,0.01714,0.05668,150,150.6,149.6,151.7,-0.1172,-0.1392,-0.01928,-0.04404,1.466,1.445,1.477,1.452,-1122,1.352,1.389,0.002533,0.002075,0.002091,0.001732,0,0,4  -  Cliente - TelemetriaPulo:71
  23:38:05.726  TEL,12.87,5 QUINAS 0.0016 / 0.0043 / 0.01,224.9,0.3053,0.01482,0.0888,150,150.5,149.8,151.7,-0.09748,-0.1155,-0.0183,-0.04057,1.485,1.468,1.478,1.456,-1123,1.179,1.217,-0.01736,-0.01982,0.001784,0.001449,0,0,4  -  Cliente - TelemetriaPulo:71
  23:38:05.726  TEL,12.88,5 QUINAS 0.0016 / 0.0043 / 0.01,225.1,-0.05071,0.06192,0.2923,151.1,151.8,152.1,151.8,-0.1201,-0.126,-0.007661,-0.02948,1.463,1.458,1.489,1.467,-1124,0.8933,0.9062,-0.006006,-0.006792,-0.01222,0.0001887,0,0,4  -  Cliente - TelemetriaPulo:71
  23:38:05.726  TEL,12.89,5 QUINAS 0.0016 / 0.0043 / 0.01,225.3,-0.4485,0.03103,0.478,150.7,151.4,150.8,152.3,-0.1319,-0.1253,-0.01349,-0.02063,1.452,1.458,1.483,1.476,-1125,0.8085,0.8269,-0.002953,-0.00322,-0.01376,-0.001336,0,0,4  -  Cliente - TelemetriaPulo:71
  23:38:05.726  TEL,12.89,5 QUINAS 0.0016 / 0.0043 / 0.01,225.5,-0.6585,0.00819,0.2706,150.8,151.4,150.9,151.3,-0.1412,-0.1265,-0.02982,-0.01938,1.443,1.457,1.467,1.477,-1127,0.7581,0.7497,-0.0001737,-0.0002652,-0.003516,-0.0005016,0,0,4  -  Cliente - TelemetriaPulo:71
  23:38:05.726  TEL,12.9,5 QUINAS 0.0016 / 0.0043 / 0.01,225.9,-0.5241,-0.004114,0.1386,151.1,151.3,150.6,151.4,-0.151,-0.1272,-0.04488,-0.02119,1.434,1.457,1.451,1.475,-1128,0.6367,0.6038,0.001426,0.001029,0.002349,0.00212,0,0,4  -  Cliente - TelemetriaPulo:71
  23:38:05.726  ===== fim =====  -  Cliente - TelemetriaPulo:72
  23:38:08.344  ##### PULO #2  trecho=7 MUITOS TRIÂNGULOS (4 studs, ±0.3°, erro 0.001)  vel=259  impulso no frame t=14.919 (ΔVy=4.3, assoalho=0, asa=0, rodas no chão antes=2)  -  Cliente - TelemetriaPulo:215
  23:38:08.344  ===== PULO #2 =====  -  Cliente - TelemetriaPulo:69
  23:38:08.344  TEL,t,trecho,vel,vyChassi,arfagem,rolagem,wFD,wFE,wTD,wTE,posFD,posFE,posTD,posTE,molaFD,molaFE,molaTD,molaTE,downforce,dirFD,dirFE,chaoFD,chaoFE,chaoTD,chaoTE,assoalho,asa,rodasNoChao  -  Cliente - TelemetriaPulo:70
  23:38:08.344  TEL,14.54,6 POUCOS TRIÂNGULOS (40 studs, ±1°),256.6,-1.267,0.2163,0.0526,171.4,171.4,171.4,171.4,-0.07017,-0.07409,-0.03601,-0.03887,1.51,1.507,1.46,1.457,-1282,0.04118,0.04047,0.02452,0.02584,0.02495,0.0249,0,0,4  -  Cliente - TelemetriaPulo:71
  23:38:08.344  TEL,14.54,6 POUCOS TRIÂNGULOS (40 studs, ±1°),256.6,-1.426,0.2544,0.1099,171.4,171.3,171.4,171.4,-0.06992,-0.06342,-0.03582,-0.03532,1.511,1.517,1.461,1.461,-1283,0.03712,0.03392,0.02437,0.01857,0.02467,0.02456,0,0,4  -  Cliente - TelemetriaPulo:71
  23:38:08.344  TEL,14.55,6 POUCOS TRIÂNGULOS (40 studs, ±1°),256.7,-1.656,0.2977,0.08531,171.4,171.7,171.4,171.4,-0.07327,-0.06807,-0.0357,-0.0331,1.508,1.512,1.461,1.463,-1283,0.03401,0.03176,0.02495,0.02296,0.02439,0.02499,0,0,4  -  Cliente - TelemetriaPulo:71
  23:38:08.344  TEL,14.55,6 POUCOS TRIÂNGULOS (40 studs, ±1°),256.9,-1.923,0.3439,0.0437,171.4,171.5,171.4,171.5,-0.08358,-0.07688,-0.03669,-0.02957,1.498,1.504,1.46,1.467,-1284,0.03983,0.0332,0.02532,0.02519,0.0254,0.02498,0,0,4  -  Cliente - TelemetriaPulo:71
  23:38:08.344  TEL,14.56,6 POUCOS TRIÂNGULOS (40 studs, ±1°),257,-2.025,0.3566,0.02396,171.5,171.5,171.4,171.6,-0.08987,-0.08272,-0.03633,-0.0289,1.492,1.499,1.46,1.467,-1284,0.04164,0.03119,0.02532,0.02539,0.02545,0.02544,0,0,4  -  Cliente - TelemetriaPulo:71
  23:38:08.344  TEL,14.56,6 POUCOS TRIÂNGULOS (40 studs, ±1°),257,-2.121,0.3823,0.00877,171.5,171.5,171.4,171.6,-0.09763,-0.09027,-0.03555,-0.02807,1.485,1.491,1.461,1.468,-1285,0.04037,0.02993,0.02534,0.02542,0.02557,0.02553,0,0,4  -  Cliente - TelemetriaPulo:71
  23:38:08.345  TEL,14.57,6 POUCOS TRIÂNGULOS (40 studs, ±1°),257.2,-2.219,0.3913,-0.01948,171.6,171.6,171.6,171.6,-0.1161,-0.1072,-0.03357,-0.02725,1.467,1.475,1.463,1.469,-1285,0.03188,0.02009,0.02589,0.0254,0.02562,0.02555,0,0,4  -  Cliente - TelemetriaPulo:71
  23:38:08.345  TEL,14.57,6 POUCOS TRIÂNGULOS (40 studs, ±1°),257.2,-2.226,0.3876,-0.01699,171.5,171.7,171.7,171.7,-0.1012,-0.1157,-0.03277,-0.02526,1.481,1.467,1.464,1.471,-1286,0.02387,0.01434,0.002809,0.02529,0.0284,0.02825,0,0,4  -  Cliente - TelemetriaPulo:71
  23:38:08.345  TEL,14.58,6 POUCOS TRIÂNGULOS (40 studs, ±1°),257.2,-3.057,0.3381,0.04355,173,171.7,173.5,173.6,-0.1368,-0.1347,0.00458,0.01233,1.448,1.45,1.501,1.509,-1286,0.03475,-0.003624,0.01812,0.02738,0.01911,0.02282,0,0,4  -  Cliente - TelemetriaPulo:71
  23:38:08.345  TEL,14.59,6 POUCOS TRIÂNGULOS (40 studs, ±1°),257.3,-3.918,0.2425,0.01385,172.4,171.6,172.4,173.5,-0.1454,-0.1164,0.01168,0.02018,1.44,1.467,1.508,1.517,-1286,0.01919,-0.006329,0.01804,0.0009426,0.01915,0.02286,0,0,4  -  Cliente - TelemetriaPulo:71
  23:38:08.345  TEL,14.59,6 POUCOS TRIÂNGULOS (40 studs, ±1°),257.4,-4.665,0.1924,-0.1608,172.4,173.3,172.5,173.6,-0.1574,-0.1277,0.01304,0.02203,1.428,1.456,1.509,1.518,-1287,0.01322,-0.01984,0.02273,0.0004258,0.02311,0.02188,0,0,4  -  Cliente - TelemetriaPulo:71
  23:38:08.345  TEL,14.6,6 POUCOS TRIÂNGULOS (40 studs, ±1°),257.6,-5.527,0.0594,-0.09089,172.2,172.7,172.2,172.5,-0.1699,-0.162,0.0129,0.01226,1.417,1.424,1.509,1.509,-1287,0.008069,-0.01647,0.02412,0.01629,0.02443,0.02394,0,0,4  -  Cliente - TelemetriaPulo:71
  23:38:08.345  TEL,14.6,6 POUCOS TRIÂNGULOS (40 studs, ±1°),257.7,-5.748,0.004372,-0.08524,172.3,172.8,172.3,172.3,-0.1735,-0.1734,0.0101,0.006211,1.413,1.413,1.506,1.503,-1288,0.00528,-0.01725,0.02425,0.0216,0.02434,0.02421,0,0,4  -  Cliente - TelemetriaPulo:71
  23:38:08.345  TEL,14.61,6 POUCOS TRIÂNGULOS (40 studs, ±1°),257.7,-5.858,-0.04284,0.02882,172.4,172.6,172.4,172.4,-0.1768,-0.1777,0.004196,0.0006318,1.41,1.409,1.501,1.497,-1288,-0.001392,-0.01609,0.02448,0.02368,0.02463,0.02469,0,0,4  -  Cliente - TelemetriaPulo:71
  23:38:08.345  TEL,14.61,6 POUCOS TRIÂNGULOS (40 studs, ±1°),257.8,-5.887,-0.08183,0.1098,172.5,172.5,172.5,172.5,-0.179,-0.1771,-0.003242,-0.00357,1.408,1.41,1.493,1.493,-1289,0.0002332,-0.01361,0.02438,0.02412,0.02442,0.02444,0,0,4  -  Cliente - TelemetriaPulo:71
  23:38:08.345  TEL,14.62,6 POUCOS TRIÂNGULOS (40 studs, ±1°),258,-5.77,-0.1335,0.06302,172.6,172.7,172.6,172.6,-0.1787,-0.1723,-0.01998,-0.0156,1.408,1.414,1.476,1.481,-1289,0.003777,-0.002447,0.02443,0.02438,0.0252,0.02527,0,0,4  -  Cliente - TelemetriaPulo:71
  23:38:08.345  TEL,14.62,6 POUCOS TRIÂNGULOS (40 studs, ±1°),258,-5.604,-0.1461,0.04488,172.7,172.7,172.6,172.7,-0.1767,-0.1689,-0.02728,-0.02127,1.41,1.418,1.469,1.475,-1290,0.008459,0.002297,0.02514,0.02507,0.02535,0.02542,0,0,4  -  Cliente - TelemetriaPulo:71
  23:38:08.345  TEL,14.63,6 POUCOS TRIÂNGULOS (40 studs, ±1°),258.2,-5.184,-0.1499,0.006792,172.7,172.7,172.7,172.8,-0.1677,-0.159,-0.03988,-0.03097,1.419,1.427,1.456,1.465,-1290,0.01472,0.0103,0.02542,0.02536,0.02587,0.02552,0,0,4  -  Cliente - TelemetriaPulo:71
  23:38:08.345  TEL,14.64,6 POUCOS TRIÂNGULOS (40 studs, ±1°),258.2,-4.957,-0.1424,-0.00712,172.8,172.8,172.7,172.8,-0.1617,-0.1532,-0.04299,-0.03455,1.424,1.432,1.453,1.462,-1291,0.01238,0.01106,0.02537,0.02533,0.02584,0.02543,0,0,4  -  Cliente - TelemetriaPulo:71
  23:38:08.345  TEL,14.64,6 POUCOS TRIÂNGULOS (40 studs, ±1°),258.3,-4.76,-0.1314,-0.02116,172.8,172.8,172.8,172.8,-0.1553,-0.1474,-0.04481,-0.03744,1.43,1.438,1.452,1.459,-1291,0.009659,0.009973,0.02534,0.02532,0.02572,0.02542,0,0,4  -  Cliente - TelemetriaPulo:71
  23:38:08.345  TEL,14.65,6 POUCOS TRIÂNGULOS (40 studs, ±1°),258.5,-4.44,-0.1004,-0.04841,172.9,172.9,172.9,172.9,-0.142,-0.1367,-0.04556,-0.04078,1.443,1.448,1.451,1.456,-1292,0.001396,0.006316,0.02511,0.02491,0.02541,0.02516,0,0,4  -  Cliente - TelemetriaPulo:71
  23:38:08.345  TEL,14.65,6 POUCOS TRIÂNGULOS (40 studs, ±1°),258.5,-4.324,-0.08277,-0.0525,172.9,173,172.9,172.9,-0.1355,-0.132,-0.04465,-0.04129,1.449,1.452,1.452,1.455,-1292,0.001775,0.005587,0.0249,0.02493,0.02503,0.02494,0,0,4  -  Cliente - TelemetriaPulo:71
  23:38:08.346  TEL,14.66,6 POUCOS TRIÂNGULOS (40 studs, ±1°),258.6,-4.248,-0.06496,-0.05686,173,173,173,173,-0.1296,-0.1278,-0.04326,-0.04278,1.454,1.456,1.453,1.454,-1293,0.001756,0.003167,0.02481,0.02481,0.02482,0.02626,0,0,4  -  Cliente - TelemetriaPulo:71
  23:38:08.346  TEL,14.66,6 POUCOS TRIÂNGULOS (40 studs, ±1°),258.7,-4.565,-0.06067,-0.1208,173,173,173,174.1,-0.1194,-0.122,-0.04012,-0.0361,1.464,1.461,1.456,1.46,-1293,-0.01171,-0.008854,0.02438,0.02444,0.02434,0.018,0,0,4  -  Cliente - TelemetriaPulo:71
  23:38:08.346  TEL,14.67,6 POUCOS TRIÂNGULOS (40 studs, ±1°),258.8,-4.521,-0.03968,0.01755,173.1,173.1,173,173.5,-0.117,-0.1194,-0.04026,-0.03551,1.466,1.464,1.456,1.461,-1294,-0.01107,-0.00779,0.01118,0.008934,0.02467,0.01785,0,0,4  -  Cliente - TelemetriaPulo:71
  23:38:08.346  TEL,14.68,6 POUCOS TRIÂNGULOS (40 studs, ±1°),258.8,-4.702,0.03724,0.1192,174.6,174.5,173.2,173.1,-0.1208,-0.117,-0.06637,-0.03639,1.463,1.466,1.43,1.46,-1294,0.00643,-0.0312,-0.02645,-0.02894,0.04979,0.02345,0,0,4  -  Cliente - TelemetriaPulo:71
  23:38:08.346  TEL,14.68,6 POUCOS TRIÂNGULOS (40 studs, ±1°),258.9,-4.025,0.04147,0.01923,174.7,174.8,173.9,173.1,-0.1573,-0.1549,-0.04843,-0.03357,1.428,1.431,1.448,1.463,-1294,0.0174,-0.03073,-0.008786,-0.009589,0.03548,0.02456,0,0,4  -  Cliente - TelemetriaPulo:71
  23:38:08.346  TEL,14.69,6 POUCOS TRIÂNGULOS (40 studs, ±1°),258.9,-4.035,-0.001473,0.06628,173.8,173.8,174.8,173.2,-0.1752,-0.1708,-0.02003,-0.03011,1.412,1.416,1.476,1.466,-1294,0.002344,-0.02473,-0.008627,-0.009435,0.009055,0.02513,0,0,4  -  Cliente - TelemetriaPulo:71
  23:38:08.346  TEL,14.69,6 POUCOS TRIÂNGULOS (40 studs, ±1°),259,-4.316,-0.08882,0.08154,173.8,173.9,174.3,173.3,-0.1959,-0.1898,-0.02144,-0.02885,1.392,1.398,1.475,1.468,-1295,0.02038,-0.02218,-0.002527,-0.002817,0.009341,0.02543,0,0,4  -  Cliente - TelemetriaPulo:71
  23:38:08.346  TEL,14.7,6 POUCOS TRIÂNGULOS (40 studs, ±1°),259.2,-3.84,-0.1955,0.01875,173.5,173.6,173.7,173.5,-0.2163,-0.2086,-0.03696,-0.02779,1.373,1.38,1.459,1.469,-1295,0.04037,-0.009943,0.0002363,0.0003202,0.02387,0.02566,0,0,4  -  Cliente - TelemetriaPulo:71
  23:38:08.346  TEL,14.7,6 POUCOS TRIÂNGULOS (40 studs, ±1°),259.3,-3.57,-0.2447,-0.003777,173.5,173.6,173.6,173.6,-0.2197,-0.212,-0.03749,-0.02738,1.37,1.377,1.459,1.469,-1296,0.04679,-0.009102,0.000501,0.0005239,0.02496,0.02567,0,0,4  -  Cliente - TelemetriaPulo:71
  23:38:08.346  TEL,14.71,6 POUCOS TRIÂNGULOS (40 studs, ±1°),259.3,-3.328,-0.291,-0.02781,173.6,173.6,173.6,173.7,-0.2192,-0.2124,-0.03666,-0.02932,1.371,1.377,1.46,1.467,-1296,0.04605,-0.005764,0.0004104,0.0004562,0.02536,0.02729,0,0,4  -  Cliente - TelemetriaPulo:71
  23:38:08.346  TEL,14.71,6 POUCOS TRIÂNGULOS (40 studs, ±1°),259.4,-3.258,-0.3952,-0.1056,173.7,173.8,173.7,174.7,-0.2087,-0.2054,-0.03449,-0.02367,1.38,1.383,1.462,1.473,-1297,0.03215,-0.008229,-0.0006622,1.669e-05,0.02527,0.01994,0,0,4  -  Cliente - TelemetriaPulo:71
  23:38:08.346  TEL,14.72,6 POUCOS TRIÂNGULOS (40 studs, ±1°),259.4,-3.098,-0.4234,-0.09726,173.8,173.9,173.9,174.2,-0.2003,-0.1996,-0.03366,-0.02927,1.388,1.389,1.463,1.467,-1297,0.02923,-0.01057,-0.0004424,-0.0002288,0.02494,0.02314,0,0,4  -  Cliente - TelemetriaPulo:71
  23:38:08.346  TEL,14.72,6 POUCOS TRIÂNGULOS (40 studs, ±1°),259.6,-2.823,-0.455,-0.02195,174,173.9,174,174,-0.1802,-0.1824,-0.03293,-0.03303,1.407,1.405,1.463,1.463,-1297,-0.001253,-0.02348,-0.0001707,-0.0005068,0.02331,0.02085,0,0,4  -  Cliente - TelemetriaPulo:71
  23:38:08.346  TEL,14.73,6 POUCOS TRIÂNGULOS (40 studs, ±1°),259.5,-2.71,-0.4573,0.1196,173.9,173.9,174.8,174.9,-0.1706,-0.17,-0.0151,-0.01133,1.416,1.417,1.481,1.485,-1298,-0.02352,-0.03132,-0.0003896,-0.0005115,-0.01571,-0.01831,0,0,4  -  Cliente - TelemetriaPulo:71
  23:38:08.346  TEL,14.74,6 POUCOS TRIÂNGULOS (40 studs, ±1°),259.6,-3.459,-0.5233,-0.01148,174,174,174.9,175.1,-0.1599,-0.1592,-0.05116,-0.05006,1.426,1.427,1.445,1.446,-1298,-0.02826,-0.03283,-0.0004992,-0.0004458,-0.003398,-0.003673,0,0,4  -  Cliente - TelemetriaPulo:71
  23:38:08.346  TEL,14.74,6 POUCOS TRIÂNGULOS (40 studs, ±1°),259.8,-1.633,-0.3598,0.02054,174.1,174,174.1,174.2,-0.1384,-0.1234,-0.08503,-0.08326,1.446,1.46,1.411,1.413,-1298,-0.01385,-0.01247,-0.001211,-0.01459,-0.001264,-0.001356,0,0,4  -  Cliente - TelemetriaPulo:71
  23:38:08.346  TEL,14.75,6 POUCOS TRIÂNGULOS (40 studs, ±1°),259.8,-0.8859,-0.2533,-0.06003,174,174.8,174,174,-0.1299,-0.1157,-0.09265,-0.0931,1.454,1.467,1.404,1.403,-1299,-0.01545,-0.006928,-0.000643,-0.01483,-0.0008336,-0.0007651,0,0,4  -  Cliente - TelemetriaPulo:71
  23:38:08.347  TEL,14.75,6 POUCOS TRIÂNGULOS (40 studs, ±1°),259.9,-0.1087,-0.1668,-0.02084,173.9,174.8,173.9,174,-0.1221,-0.118,-0.09584,-0.09888,1.461,1.465,1.401,1.397,-1299,-0.01798,0.00058,-0.0005535,-0.005184,-0.0005915,0.001232,0,0,4  -  Cliente - TelemetriaPulo:71
  23:38:08.347  TEL,14.76,6 POUCOS TRIÂNGULOS (40 studs, ±1°),260,0.4451,-0.06699,-0.09748,173.9,174,174,175.8,-0.1109,-0.1102,-0.0947,-0.06323,1.472,1.473,1.402,1.433,-1299,-0.01413,0.01322,-0.0005089,-0.00102,-0.0006081,-0.03225,0,0,4  -  Cliente - TelemetriaPulo:71
  23:38:08.347  TEL,14.76,6 POUCOS TRIÂNGULOS (40 studs, ±1°),260,0.8201,-0.008605,-0.06295,173.9,173.9,173.9,175.7,-0.1061,-0.1081,-0.09083,-0.08208,1.477,1.475,1.406,1.414,-1300,-0.01403,0.009193,-0.000631,-0.0007987,-0.0006995,-0.01132,0,0,4  -  Cliente - TelemetriaPulo:71
  23:38:08.347  TEL,14.77,6 POUCOS TRIÂNGULOS (40 studs, ±1°),260.2,1.21,0.05061,0.08922,173.9,173.9,173.9,174.6,-0.106,-0.1043,-0.08624,-0.07436,1.477,1.478,1.41,1.422,-1300,-0.01347,0.006588,0.0009869,-0.0006381,-0.0005925,-0.01163,0,0,4  -  Cliente - TelemetriaPulo:71
  23:38:08.347  TEL,14.77,6 POUCOS TRIÂNGULOS (40 studs, ±1°),260.2,1.433,0.09457,0.1241,173.9,173.9,173.9,174.5,-0.09086,-0.1006,-0.07983,-0.07156,1.491,1.482,1.417,1.425,-1301,-0.004973,0.009125,-0.01429,-0.0007668,-0.0008888,-0.004597,0,0,4  -  Cliente - TelemetriaPulo:71
  23:38:08.347  TEL,14.78,6 POUCOS TRIÂNGULOS (40 studs, ±1°),260.3,1.496,0.1731,0.0787,174.8,173.9,173.9,174,-0.1069,-0.1014,-0.06364,-0.0544,1.476,1.481,1.433,1.442,-1301,0.01933,0.007119,-0.003264,0.0004362,-0.0006014,-0.0007006,0,0,4  -  Cliente - TelemetriaPulo:71
  23:38:08.347  TEL,14.79,6 POUCOS TRIÂNGULOS (40 studs, ±1°),260.4,1.416,0.1819,0.05217,174.3,173.9,174,174,-0.1131,-0.1035,-0.05574,-0.04536,1.47,1.479,1.441,1.451,-1302,9.256e-05,0.006088,-0.0006273,0.0006162,0.0003568,0.0003263,0,0,4  -  Cliente - TelemetriaPulo:71
  23:38:08.347  TEL,14.79,6 POUCOS TRIÂNGULOS (40 studs, ±1°),260.5,1.301,0.1844,0.03216,174.1,174,174,174,-0.1186,-0.1065,-0.04595,-0.03638,1.465,1.476,1.45,1.46,-1302,-0.005073,0.00565,0.001017,0.0007352,-0.0009661,0.0006819,0,0,4  -  Cliente - TelemetriaPulo:71
  23:38:08.347  TEL,14.8,6 POUCOS TRIÂNGULOS (40 studs, ±1°),260.6,0.9029,0.1621,0.01012,174.1,174,174.2,174.1,-0.1271,-0.09502,-0.03398,-0.02181,1.457,1.487,1.462,1.475,-1302,0.005244,0.00258,0.001494,-0.01823,0.0007309,0.0009294,0,0,4  -  Cliente - TelemetriaPulo:71
  23:38:08.347  TEL,14.8,6 POUCOS TRIÂNGULOS (40 studs, ±1°),260.6,0.5703,0.1634,-0.08822,173.9,175.2,174.1,174.1,-0.1085,-0.1017,-0.02782,-0.01775,1.474,1.481,1.469,1.479,-1303,-0.0009019,-0.004344,-0.02148,-0.01854,0.0005535,0.0006374,0,0,4  -  Cliente - TelemetriaPulo:71
  23:38:08.347  TEL,14.81,6 POUCOS TRIÂNGULOS (40 studs, ±1°),260.7,0.2362,0.1699,-0.045,175.2,175.3,174.1,174.2,-0.1149,-0.1221,-0.02332,-0.01226,1.468,1.461,1.473,1.484,-1303,0.02537,-0.007231,-0.02163,-0.005986,0.000514,-0.001714,0,0,4  -  Cliente - TelemetriaPulo:71
  23:38:08.347  TEL,14.81,6 POUCOS TRIÂNGULOS (40 studs, ±1°),260.8,-0.2047,0.1139,-0.07923,174.8,174.7,174.2,174.3,-0.1411,-0.1419,-0.01726,-0.01274,1.444,1.443,1.479,1.484,-1303,0.004046,-0.006833,-0.007248,-0.002122,7.641e-05,-0.0001754,0,0,4  -  Cliente - TelemetriaPulo:71
  23:38:08.347  TEL,14.82,6 POUCOS TRIÂNGULOS (40 studs, ±1°),260.8,-0.3284,0.08409,-0.07482,174.8,174.5,174.3,174.4,-0.1502,-0.1499,-0.01569,-0.01388,1.435,1.435,1.481,1.482,-1304,-0.006114,-0.004768,-0.002659,-0.0008887,-0.0001258,-0.0002097,0,0,4  -  Cliente - TelemetriaPulo:71
  23:38:08.347  TEL,14.82,6 POUCOS TRIÂNGULOS (40 studs, ±1°),260.3,-0.3098,0.06988,0.2113,174.5,175.3,174.3,174,-0.3405,-0.2708,-0.01869,-0.0127,1.258,1.323,1.478,1.484,-1304,0.02358,-0.1577,0.1774,0.1158,0.0005808,0.002236,0,0,2  -  Cliente - TelemetriaPulo:71
  23:38:08.347  TEL,14.83,6 POUCOS TRIÂNGULOS (40 studs, ±1°),260.4,1.094,-0.3468,-0.03447,173.5,174.5,174.5,175.1,-0.2791,-0.1992,-0.02079,-0.00792,1.315,1.389,1.476,1.488,-1302,0.04012,-0.1738,0.144,0.07364,0.0006145,-0.002926,0,0,2  -  Cliente - TelemetriaPulo:71
  23:38:08.347  TEL,14.84,6 POUCOS TRIÂNGULOS (40 studs, ±1°),260.5,0.8017,-0.3216,-0.04761,173.3,174.4,174.5,174.7,-0.202,-0.1429,-0.02271,-0.01452,1.387,1.442,1.474,1.482,-1302,0.0219,-0.1375,0.08199,0.03075,0.0004265,0.0003808,0,0,3  -  Cliente - TelemetriaPulo:71
  23:38:08.347  TEL,14.84,6 POUCOS TRIÂNGULOS (40 studs, ±1°),260.6,0.3405,-0.2336,-0.06256,173.2,174.4,174.4,174.5,-0.1382,-0.1003,-0.02482,-0.01827,1.446,1.482,1.472,1.478,-1303,0.001868,-0.09402,0.03078,-0.00116,0.0002286,0.0002134,0,0,4  -  Cliente - TelemetriaPulo:71
  23:38:08.347  TEL,14.85,6 POUCOS TRIÂNGULOS (40 studs, ±1°),260.6,-0.1429,-0.1321,-0.08516,173.1,176.1,174.3,174.4,-0.09364,-0.09621,-0.02663,-0.02251,1.488,1.486,1.47,1.474,-1303,-0.01925,-0.07456,-0.007786,-0.001705,-1.121e-05,-2.646e-05,0,0,4  -  Cliente - TelemetriaPulo:71
  23:38:08.347  TEL,14.85,6 POUCOS TRIÂNGULOS (40 studs, ±1°),260.3,0.6808,-0.3252,-0.5876,172.8,174.7,174.2,174.6,-0.3289,-0.109,-0.02536,-0.04291,1.269,1.474,1.471,1.453,-1303,0.1997,-0.08262,0.2536,0.01405,0.002734,0.001551,0,0,3  -  Cliente - TelemetriaPulo:71
  23:38:08.347  TEL,14.86,6 POUCOS TRIÂNGULOS (40 studs, ±1°),260.2,1.236,-0.3857,-0.525,172.2,175.6,175,174.6,-0.2766,-0.09933,-0.006272,-0.05586,1.317,1.483,1.49,1.441,-1301,0.01788,-0.1486,0.2263,0.01489,-0.01126,0.003315,0,0,3  -  Cliente - TelemetriaPulo:71
  23:38:08.348  TEL,14.86,6 POUCOS TRIÂNGULOS (40 studs, ±1°),260.3,1.014,-0.309,-0.3626,172,174.2,175.1,174.5,-0.2092,-0.09211,-0.01385,-0.06428,1.38,1.49,1.483,1.432,-1301,-0.1181,-0.1506,0.1779,0.01586,-0.0004871,0.004205,0,0,3  -  Cliente - TelemetriaPulo:71
  23:38:08.348  TEL,14.87,6 POUCOS TRIÂNGULOS (40 studs, ±1°),260.2,0.8298,-0.1559,0.09649,171.8,175,174.6,174,-0.1022,-0.2247,-0.01674,-0.06535,1.48,1.366,1.48,1.431,-1301,-0.2349,-0.2713,0.0921,0.1695,0.002982,0.005125,0,0,2  -  Cliente - TelemetriaPulo:71
  23:38:08.348  TEL,14.87,6 POUCOS TRIÂNGULOS (40 studs, ±1°),260.3,1.518,-0.2108,1.135,171.8,174.5,175.5,174.9,-0.07273,-0.2226,-0.02529,-0.01925,1.508,1.367,1.471,1.477,-1301,-0.225,-0.2459,0.065,0.2018,0.0003939,-0.01872,0,0,2  -  Cliente - TelemetriaPulo:71
  23:38:08.348  TEL,14.88,7 MUITOS TRIÂNGULOS (4 studs, ±0.3°, erro 0.001),260.6,0.155,-0.2231,0.8714,171.7,174,173.6,177.9,-0.03846,-0.1411,-0.05309,0.0125,1.54,1.444,1.443,1.509,-1301,0.003217,-0.02614,0.03108,0.1791,-0.001365,-0.02055,0,0,3  -  Cliente - TelemetriaPulo:71
  23:38:08.348  TEL,14.89,7 MUITOS TRIÂNGULOS (4 studs, ±0.3°, erro 0.001),260.4,-0.2113,-0.1473,0.6334,171.6,174,176.3,176.7,-0.03257,-0.1074,-0.0703,0.01212,1.546,1.475,1.426,1.508,-1303,0.06434,0.05293,0.02323,0.1626,0.0005853,-0.0166,0,0,3  -  Cliente - TelemetriaPulo:71
  23:38:08.348  TEL,14.89,7 MUITOS TRIÂNGULOS (4 studs, ±0.3°, erro 0.001),260.3,-0.3452,-0.05389,0.433,173.4,173.9,176.1,176.7,-0.03979,-0.08392,-0.1015,-0.02023,1.539,1.497,1.395,1.476,-1302,0.1456,0.1073,0.02628,0.1474,0.02034,0.01663,0,0,3  -  Cliente - TelemetriaPulo:71
  23:38:08.348  TEL,14.9,7 MUITOS TRIÂNGULOS (4 studs, ±0.3°, erro 0.001),260.3,2.391,0.2703,-0.5305,174.2,173.8,176.5,176.4,-0.03799,-0.06638,-0.2061,-0.01791,1.541,1.514,1.29,1.478,-1302,0.1422,0.145,0.02121,0.1127,0.1385,0.01318,0,0,2  -  Cliente - TelemetriaPulo:71
  23:38:08.348  TEL,14.9,7 MUITOS TRIÂNGULOS (4 studs, ±0.3°, erro 0.001),260.3,2.513,0.3494,-0.5984,175.1,173.8,177.7,175.9,-0.04051,-0.05991,-0.1407,-0.01108,1.538,1.52,1.356,1.485,-1301,0.1023,0.09805,0.01956,0.08457,0.09595,0.01168,0,0,2  -  Cliente - TelemetriaPulo:71
  23:38:08.348  TEL,14.91,7 MUITOS TRIÂNGULOS (4 studs, ±0.3°, erro 0.001),260.4,1.694,0.3447,-0.4703,174.4,173.7,179.1,175.7,-0.04878,-0.05088,-0.07643,-0.009482,1.531,1.529,1.42,1.487,-1302,0.02515,0.0362,0.01892,0.05288,0.04907,0.01416,0,0,3  -  Cliente - TelemetriaPulo:71
  23:38:08.348  TEL,14.91,7 MUITOS TRIÂNGULOS (4 studs, ±0.3°, erro 0.001),260.3,-0.4655,0.2877,-0.5707,174,175.4,175.3,171.6,-0.07071,-0.06699,-0.1628,-0.09712,1.51,1.513,1.334,1.399,-1302,-0.06537,-0.06957,0.01078,0.0125,0.1535,0.09312,0,0,2  -  Cliente - TelemetriaPulo:71
  23:38:08.348  TEL,14.92,7 MUITOS TRIÂNGULOS (4 studs, ±0.3°, erro 0.001),260.4,3.845,0.6635,-0.4129,175.1,173.2,175.7,172.4,-0.08969,-0.09717,-0.1555,-0.07941,1.492,1.485,1.341,1.417,-1301,-0.04538,-0.04708,0.009929,0.009799,0.1749,0.09179,0,0,2  -  Cliente - TelemetriaPulo:71
  23:38:08.348  TEL,14.92,7 MUITOS TRIÂNGULOS (4 studs, ±0.3°, erro 0.001),260.4,4.488,0.6765,-0.2435,173.7,174.7,176.3,173.1,-0.1107,-0.1285,-0.1083,-0.03817,1.472,1.455,1.388,1.458,-1302,-0.07897,-0.08926,0.0111,0.0141,0.1575,0.07267,0,0,2  -  Cliente - TelemetriaPulo:71
  23:38:08.348  TEL,14.93,7 MUITOS TRIÂNGULOS (4 studs, ±0.3°, erro 0.001),260.3,2.843,0.4388,0.1141,174.7,174.2,178.1,175,-0.1808,-0.1724,-0.02334,0.02412,1.407,1.414,1.473,1.52,-1302,-0.07155,-0.1297,0.04515,0.02272,0.1135,0.05247,0,0,2  -  Cliente - TelemetriaPulo:71
  23:38:08.348  TEL,14.94,7 MUITOS TRIÂNGULOS (4 studs, ±0.3°, erro 0.001),260.3,1.941,0.3085,0.08763,174.6,173.8,178.1,174.9,-0.1659,-0.1859,0.00411,0.03721,1.42,1.402,1.5,1.534,-1302,-0.05553,-0.1195,0.01402,0.02278,0.09747,0.05357,0,0,2  -  Cliente - TelemetriaPulo:71
  23:38:08.348  TEL,14.94,7 MUITOS TRIÂNGULOS (4 studs, ±0.3°, erro 0.001),260.2,0.9925,0.2094,0.2925,174.6,173.9,178,174.8,-0.1891,-0.1978,0.01987,0.04621,1.399,1.391,1.516,1.543,-1301,-0.03949,-0.1122,0.02002,0.02558,0.08498,0.05643,0,0,2  -  Cliente - TelemetriaPulo:71
  23:38:08.348  TEL,14.95,7 MUITOS TRIÂNGULOS (4 studs, ±0.3°, erro 0.001),260.1,-0.5778,-0.002065,0.0301,174,176.1,177.9,174.7,-0.2207,-0.1721,0.03919,0.04399,1.369,1.415,1.536,1.54,-1301,0.01944,-0.06026,0.02781,-0.0124,0.05916,0.06393,0,0,2  -  Cliente - TelemetriaPulo:71
  23:38:08.348  TEL,14.95,7 MUITOS TRIÂNGULOS (4 studs, ±0.3°, erro 0.001),260.1,-1.108,-0.1134,0.02712,173.8,176.2,179.5,176.4,-0.1844,-0.2025,0.0446,0.04116,1.403,1.386,1.541,1.538,-1301,0.03577,-0.04711,-0.01483,0.01296,0.04646,0.06011,0,0,3  -  Cliente - TelemetriaPulo:71
  23:38:08.348  TEL,14.96,7 MUITOS TRIÂNGULOS (4 studs, ±0.3°, erro 0.001),260.1,-1.779,-0.1833,0.1481,176.2,174.8,179.5,176.3,-0.2333,-0.2067,0.04569,0.0427,1.358,1.382,1.542,1.539,-1301,0.1386,-0.01015,0.02716,0.01356,0.03243,0.05014,0,0,3  -  Cliente - TelemetriaPulo:71
  23:38:08.348  TEL,14.96,7 MUITOS TRIÂNGULOS (4 studs, ±0.3°, erro 0.001),260,-2.163,-0.3234,-0.008277,175.8,174.8,179.4,176.3,-0.2082,-0.2157,0.04769,0.04084,1.381,1.374,1.544,1.537,-1301,0.1255,0.008523,-0.001246,0.01959,0.01176,0.03255,0,0,4  -  Cliente - TelemetriaPulo:71
  23:38:08.348  TEL,14.97,7 MUITOS TRIÂNGULOS (4 studs, ±0.3°, erro 0.001),260.1,-2.748,-0.4763,-0.03118,175.1,174.4,175.1,175.3,-0.2254,-0.2249,-0.01045,0.01531,1.365,1.365,1.486,1.512,-1300,0.06996,0.03215,0.01391,0.02558,0.02156,0.008435,0,0,4  -  Cliente - TelemetriaPulo:71
  23:38:08.348  TEL,14.97,7 MUITOS TRIÂNGULOS (4 studs, ±0.3°, erro 0.001),260,-2.13,-0.4867,-0.1216,175.1,174.3,174.6,176.2,-0.2287,-0.2233,-0.03304,-0.1445,1.362,1.367,1.463,1.352,-1301,0.0395,0.03181,0.0224,0.02618,0.02341,0.1433,0,0,3  -  Cliente - TelemetriaPulo:71
  23:38:08.349  TEL,14.98,7 MUITOS TRIÂNGULOS (4 studs, ±0.3°, erro 0.001),260.1,2.078,-0.1886,0.4031,174,176.2,175.6,178.7,-0.1897,-0.1485,-0.03558,-0.09521,1.398,1.437,1.461,1.401,-1300,0.03204,0.09633,-0.005367,-0.00938,0.0005462,0.09792,0,0,3  -  Cliente - TelemetriaPulo:71
  23:38:08.349  TEL,14.99,7 MUITOS TRIÂNGULOS (4 studs, ±0.3°, erro 0.001),259.4,1.376,-0.1969,0.005396,175.6,175.8,175.3,178.6,-0.1802,-0.1662,-0.2571,-0.05438,1.407,1.42,1.239,1.442,-1300,0.01685,0.08089,-0.006247,0.01773,0.2155,0.05049,0,0,2  -  Cliente - TelemetriaPulo:71
  23:38:08.349  TEL,14.99,7 MUITOS TRIÂNGULOS (4 studs, ±0.3°, erro 0.001),259.5,4.864,0.07944,-0.9993,175.4,173.9,176.2,180.2,-0.1784,-0.1722,-0.2534,-0.01077,1.409,1.414,1.243,1.486,-1297,0.005093,0.1165,0.01387,0.01612,0.2369,0.003408,0,0,3  -  Cliente - TelemetriaPulo:71
  23:38:08.349  TEL,15,7 MUITOS TRIÂNGULOS (4 studs, ±0.3°, erro 0.001),259.8,5.066,0.08236,-0.6358,174.2,173.6,175.3,175.2,-0.1261,-0.1767,-0.1126,-0.01413,1.458,1.41,1.384,1.482,-1298,-0.2062,-0.01742,0.01057,0.01473,0.1487,0.002938,0,0,3  -  Cliente - TelemetriaPulo:71
  23:38:08.349  TEL,15,7 MUITOS TRIÂNGULOS (4 studs, ±0.3°, erro 0.001),259.8,4.373,0.03801,-0.158,172.4,174.3,177,175.6,-0.19,-0.1681,-0.05513,-0.006303,1.398,1.418,1.441,1.49,-1299,-0.2303,-0.09059,0.08857,0.01546,0.1042,0.002846,0,0,2  -  Cliente - TelemetriaPulo:71
  23:38:08.349  TEL,15.01,7 MUITOS TRIÂNGULOS (4 studs, ±0.3°, erro 0.001),259.3,3.883,-0.08318,0.1159,172.2,173.9,176.9,175.3,-0.1849,-0.1615,-0.0141,-0.2105,1.403,1.425,1.482,1.286,-1299,-0.2226,-0.1184,0.09807,0.02576,0.06992,0.2175,0,0,1  -  Cliente - TelemetriaPulo:71
  23:38:08.349  TEL,15.01,7 MUITOS TRIÂNGULOS (4 studs, ±0.3°, erro 0.001),259.5,7.115,0.1946,1.747,172,172.3,176.9,174.5,-0.1689,-0.1126,0.01891,-0.1932,1.418,1.47,1.515,1.303,-1296,-0.1345,-0.04686,0.07946,0.0242,0.04276,0.2565,0,0,2  -  Cliente - TelemetriaPulo:71
  23:38:08.349  TEL,15.02,7 MUITOS TRIÂNGULOS (4 studs, ±0.3°, erro 0.001),259.5,5.372,0.2189,1.773,171.7,172.2,173.5,173.8,-0.1104,-0.0492,0.02834,-0.07278,1.473,1.53,1.525,1.424,-1297,0.1729,0.2259,-0.001517,0.05049,0.033,0.2476,0,0,2  -  Cliente - TelemetriaPulo:71
  23:38:08.349  TEL,15.02,7 MUITOS TRIÂNGULOS (4 studs, ±0.3°, erro 0.001),259.4,4.125,0.2245,0.9478,168.9,172.1,171.8,174.8,-0.2898,-0.05281,-0.00458,-0.03857,1.305,1.527,1.492,1.458,-1298,0.4832,0.3187,0.1726,0.07679,0.06454,0.2412,0,0,0  -  Cliente - TelemetriaPulo:71
  23:38:08.349   ▶ TEL,15.03,7 MUITOS TRIÂNGULOS (4 studs, ±0.3°, erro 0.001),259.3,4.691,0.01225,-0.04481,168.2,172,171.4,174.7,-0.2969,-0.05197,0.004123,-0.02147,1.299,1.528,1.5,1.475,-1297,0.5096,0.317,0.1977,0.09422,0.06505,0.2326,0,0,0 (x2)  -  Cliente - TelemetriaPulo:71
  23:38:08.349  TEL,15.04,7 MUITOS TRIÂNGULOS (4 studs, ±0.3°, erro 0.001),259.1,3.161,-0.08015,-0.3463,167.5,171.9,171.3,174.6,-0.1777,-0.04723,0.03185,0.009994,1.409,1.532,1.528,1.506,-1296,0.2883,0.2251,0.1217,0.1142,0.054,0.198,0,0,0  -  Cliente - TelemetriaPulo:71
  23:38:08.349  TEL,15.04,7 MUITOS TRIÂNGULOS (4 studs, ±0.3°, erro 0.001),259.1,1.959,-0.08482,-0.292,167.4,171.8,171.2,174.6,-0.1223,-0.045,0.03787,0.02313,1.461,1.534,1.534,1.519,-1296,0.1762,0.1864,0.08124,0.1183,0.05192,0.1802,0,0,0  -  Cliente - TelemetriaPulo:71
  23:38:08.349  TEL,15.05,7 MUITOS TRIÂNGULOS (4 studs, ±0.3°, erro 0.001),259.2,-0.435,-0.07243,-0.187,167.3,171.7,171.1,174.5,-0.05893,-0.04355,0.04092,0.0393,1.521,1.536,1.537,1.536,-1296,0.05135,0.1304,0.02953,0.1165,0.03928,0.1429,0,0,2  -  Cliente - TelemetriaPulo:71
  23:38:08.349  TEL,15.05,7 MUITOS TRIÂNGULOS (4 studs, ±0.3°, erro 0.001),259.1,-1.53,-0.06538,-0.1771,170.9,171.7,171.1,174.4,-0.06154,-0.04381,0.04155,0.04271,1.519,1.535,1.538,1.539,-1296,0.1102,0.1036,0.03178,0.1113,0.02737,0.1233,0,0,2  -  Cliente - TelemetriaPulo:71
  23:38:08.349  TEL,15.06,7 MUITOS TRIÂNGULOS (4 studs, ±0.3°, erro 0.001),258.9,-2.511,-0.08786,-0.2348,172.9,171.7,174.1,175.4,-0.06659,-0.04365,0.02847,0.04281,1.514,1.535,1.525,1.539,-1296,0.1213,0.06864,0.03474,0.1022,0.02662,0.1027,0,0,2  -  Cliente - TelemetriaPulo:71
  23:38:08.349  TEL,15.06,7 MUITOS TRIÂNGULOS (4 studs, ±0.3°, erro 0.001),258.9,-3.19,-0.093,-0.2972,172.8,171.6,174.4,176.4,-0.06172,-0.04314,0.01734,0.04292,1.518,1.536,1.514,1.539,-1295,0.07516,0.04372,0.0256,0.08912,0.02183,0.07808,0,0,2  -  Cliente - TelemetriaPulo:71
  23:38:08.349  TEL,15.07,7 MUITOS TRIÂNGULOS (4 studs, ±0.3°, erro 0.001),258.9,-4.371,-0.08209,-0.5419,173.7,171.5,171.2,176.3,-0.0751,-0.04394,-0.1274,0.04243,1.506,1.535,1.369,1.539,-1295,-0.01585,-0.0007822,0.02724,0.05287,0.1316,0.01794,0,0,2  -  Cliente - TelemetriaPulo:71
  23:38:08.350  TEL,15.08,7 MUITOS TRIÂNGULOS (4 studs, ±0.3°, erro 0.001),259,-2.625,0.1042,-1.189,173.6,171.5,170.8,172.6,-0.07331,-0.05347,-0.1287,0.01386,1.507,1.526,1.368,1.51,-1294,-0.05944,-0.009267,0.0266,0.02878,0.1348,0.01339,0,0,3  -  Cliente - TelemetriaPulo:71
  23:38:08.350  TEL,15.08,7 MUITOS TRIÂNGULOS (4 studs, ±0.3°, erro 0.001),258.8,-2.255,0.2443,-0.9764,172.1,169.8,172.3,172.3,-0.07755,-0.2497,-0.04115,-0.07246,1.504,1.342,1.455,1.424,-1295,-0.2437,-0.2288,0.0223,0.1556,0.05656,0.04781,0,0,2  -  Cliente - TelemetriaPulo:71
  23:38:08.350  TEL,15.09,7 MUITOS TRIÂNGULOS (4 studs, ±0.3°, erro 0.001),259,-0.5201,0.07585,0.8929,172,169.4,173.3,173.2,-0.1057,-0.2487,-0.01668,-0.03665,1.477,1.343,1.48,1.46,-1294,-0.2988,-0.2631,0.03647,0.1652,0.02044,0.02565,0,0,3  -  Cliente - TelemetriaPulo:71
  23:38:08.350  TEL,15.09,7 MUITOS TRIÂNGULOS (4 studs, ±0.3°, erro 0.001),258.8,-1.303,0.04141,0.7485,172,168.9,176.3,174.8,-0.1021,-0.2073,-0.02989,-0.02545,1.48,1.382,1.466,1.471,-1295,-0.1946,-0.1667,0.01857,0.1315,0.01902,0.02271,0,0,3  -  Cliente - TelemetriaPulo:71
  23:38:08.350  TEL,15.1,7 MUITOS TRIÂNGULOS (4 studs, ±0.3°, erro 0.001),258.9,-1.481,0.09404,0.1934,173,168.7,173.7,172.9,-0.1268,-0.1154,-0.05608,-0.02717,1.457,1.468,1.44,1.469,-1294,0.01112,0.01849,0.01892,0.03676,0.02602,0.02747,0,0,4  -  Cliente - TelemetriaPulo:71
  23:38:08.350  TEL,15.1,7 MUITOS TRIÂNGULOS (4 studs, ±0.3°, erro 0.001),258.9,-1.384,0.144,0.02453,173.8,168.6,173.2,172.9,-0.1332,-0.08302,-0.0604,-0.03023,1.451,1.498,1.436,1.466,-1294,0.03936,0.056,0.01904,-0.001193,0.02637,0.02706,0,0,4  -  Cliente - TelemetriaPulo:71
  23:38:08.350  TEL,15.11,7 MUITOS TRIÂNGULOS (4 studs, ±0.3°, erro 0.001),258.7,-1.319,0.197,-0.1171,173.6,174.4,172.9,172.9,-0.1438,-0.09176,-0.06201,-0.03909,1.441,1.49,1.434,1.457,-1295,-0.007591,0.02751,0.02234,-0.002667,0.02698,0.03102,0,0,4  -  Cliente - TelemetriaPulo:71
  23:38:08.350  TEL,15.11,7 MUITOS TRIÂNGULOS (4 studs, ±0.3°, erro 0.001),258.9,-0.9225,0.1658,-0.2987,172.9,173.6,172.9,174.1,-0.1564,-0.1326,-0.05878,-0.03964,1.429,1.452,1.438,1.457,-1294,-0.03056,0.01733,0.02366,0.01317,0.02864,0.02303,0,0,4  -  Cliente - TelemetriaPulo:71
  23:38:08.350  TEL,15.12,7 MUITOS TRIÂNGULOS (4 studs, ±0.3°, erro 0.001),258.9,-0.6697,0.1906,-0.2001,173,173.8,173.8,173.2,-0.1646,-0.1535,-0.0333,-0.04206,1.422,1.432,1.463,1.454,-1294,-0.04326,-0.001207,0.0256,0.02256,0.00751,0.02388,0,0,4  -  Cliente - TelemetriaPulo:71
  23:38:08.350  TEL,15.12,7 MUITOS TRIÂNGULOS (4 studs, ±0.3°, erro 0.001),259,-0.7852,0.1409,-0.1668,172.9,173.3,174.1,173.2,-0.1651,-0.1646,-0.03829,-0.04487,1.421,1.422,1.458,1.452,-1295,-0.02529,-0.001549,0.02205,0.02389,0.0149,0.02443,0,0,4  -  Cliente - TelemetriaPulo:71
  23:38:08.350  TEL,15.13,7 MUITOS TRIÂNGULOS (4 studs, ±0.3°, erro 0.001),259.2,-0.3819,0.1063,0.0006819,173.3,173.3,173.4,173.2,-0.1727,-0.1722,-0.04098,-0.04459,1.414,1.415,1.455,1.452,-1295,-0.01047,-0.02321,0.02325,0.0204,0.02358,0.02563,0,0,4  -  Cliente - TelemetriaPulo:71
  23:38:08.350  TEL,15.14,7 MUITOS TRIÂNGULOS (4 studs, ±0.3°, erro 0.001),259.2,-0.2082,0.09066,0.1137,173.3,173.4,173.2,174.1,-0.1784,-0.1755,-0.03789,-0.01986,1.409,1.411,1.458,1.477,-1296,-0.01155,-0.0272,0.02422,0.02221,0.0231,0.006695,0,0,4  -  Cliente - TelemetriaPulo:71
  23:38:08.350  TEL,15.14,7 MUITOS TRIÂNGULOS (4 studs, ±0.3°, erro 0.001),259.2,-0.5202,0.02757,0.01425,173.4,173.4,173.4,174.3,-0.1758,-0.1784,-0.03659,-0.03184,1.411,1.409,1.46,1.465,-1296,-0.01423,-0.03226,0.01951,0.02382,0.02308,0.02025,0,0,4  -  Cliente - TelemetriaPulo:71
  23:38:08.350  TEL,15.15,7 MUITOS TRIÂNGULOS (4 studs, ±0.3°, erro 0.001),259.4,-0.07243,-0.0483,0.1263,173.5,173.4,173.6,173.7,-0.1742,-0.187,-0.03802,-0.03191,1.413,1.401,1.458,1.464,-1296,-0.0009918,-0.0256,0.0243,0.04158,0.02515,0.02323,0,0,4  -  Cliente - TelemetriaPulo:71
  23:38:08.350  TEL,15.15,7 MUITOS TRIÂNGULOS (4 studs, ±0.3°, erro 0.001),259.4,-0.06883,-0.04682,0.04396,173.5,173.2,173.6,173.6,-0.1693,-0.1436,-0.03785,-0.03603,1.417,1.441,1.459,1.46,-1297,0.008041,-0.01093,0.02594,0.006058,0.02532,0.029,0,0,4  -  Cliente - TelemetriaPulo:71
  23:38:08.350  TEL,15.16,7 MUITOS TRIÂNGULOS (4 studs, ±0.3°, erro 0.001),259.4,-0.1062,-0.01446,-0.07353,173.3,174.5,173.5,174.6,-0.1382,-0.1389,-0.03374,-0.01924,1.446,1.446,1.463,1.477,-1297,0.004324,-0.01669,0.001249,0.006033,0.02257,0.01167,0,0,4  -  Cliente - TelemetriaPulo:71
  23:38:08.350  TEL,15.16,7 MUITOS TRIÂNGULOS (4 studs, ±0.3°, erro 0.001),259.5,-0.5308,-0.007706,-0.05636,175,174.3,174.5,173.7,-0.1558,-0.1579,-0.01597,-0.02981,1.43,1.428,1.48,1.467,-1297,0.0355,-0.01734,0.01907,0.02235,0.01143,0.02591,0,0,4  -  Cliente - TelemetriaPulo:71
  23:38:08.350  TEL,15.17,7 MUITOS TRIÂNGULOS (4 studs, ±0.3°, erro 0.001),259.6,-0.8201,-0.05778,-0.005301,174,173.8,174.3,174.6,-0.1562,-0.1604,-0.0224,-0.01196,1.43,1.425,1.474,1.484,-1297,0.01238,-0.01779,0.01862,0.02377,0.02001,0.01006,0,0,4  -  Cliente - TelemetriaPulo:71
  23:38:08.350  TEL,15.17,7 MUITOS TRIÂNGULOS (4 studs, ±0.3°, erro 0.001),259.7,-1.184,-0.1076,-0.03931,174,173.8,173.9,174.6,-0.1601,-0.1613,-0.02241,-0.02262,1.426,1.425,1.474,1.474,-1298,0.01517,-0.01708,0.02275,0.02337,0.01988,0.0197,0,0,4  -  Cliente - TelemetriaPulo:71
  23:38:08.350  TEL,15.18,7 MUITOS TRIÂNGULOS (4 studs, ±0.3°, erro 0.001),259.6,-1.18,-0.1249,0.146,173.8,173.8,174.2,174.2,-0.162,-0.1613,-0.1005,-0.06216,1.424,1.425,1.396,1.434,-1298,0.01814,-0.01058,0.01977,0.02197,0.09189,0.05683,0,0,2  -  Cliente - TelemetriaPulo:71
  23:38:08.350  TEL,15.19,7 MUITOS TRIÂNGULOS (4 studs, ±0.3°, erro 0.001),259.6,1.011,0.00764,0.0102,173.6,173.7,175.8,175.8,-0.1712,-0.1678,-0.05395,-0.01437,1.415,1.418,1.442,1.482,-1298,0.05769,0.01874,0.02515,0.02731,0.06109,0.02716,0,0,3  -  Cliente - TelemetriaPulo:71
  23:38:08.351  TEL,15.19,7 MUITOS TRIÂNGULOS (4 studs, ±0.3°, erro 0.001),259.6,0.2472,-0.086,0.002456,173.6,173.6,177.4,177.4,-0.1659,-0.1395,-0.02034,0.008422,1.42,1.445,1.476,1.505,-1298,0.06022,0.01103,0.02087,0.001111,0.03095,0.008282,0,0,4  -  Cliente - TelemetriaPulo:71
  23:38:08.351  TEL,15.2,7 MUITOS TRIÂNGULOS (4 studs, ±0.3°, erro 0.001),259.7,-1.43,-0.2151,-0.03504,173.9,175.2,175.2,174.8,-0.164,-0.1576,-0.000748,-0.01983,1.422,1.428,1.496,1.477,-1298,0.06602,-0.02136,0.02347,0.01668,0.0008209,0.01912,0,0,4  -  Cliente - TelemetriaPulo:71
  23:38:08.351  TEL,15.2,7 MUITOS TRIÂNGULOS (4 studs, ±0.3°, erro 0.001),259.8,-1.319,-0.223,0.01686,173.9,174.4,175.3,174.3,-0.1638,-0.1558,-0.06851,-0.02999,1.422,1.43,1.428,1.466,-1298,0.0504,-0.02026,0.0248,0.01603,0.06037,0.02173,0,0,3  -  Cliente - TelemetriaPulo:71
  23:38:08.351  TEL,15.21,7 MUITOS TRIÂNGULOS (4 studs, ±0.3°, erro 0.001),259.8,-0.221,-0.1485,0.03421,173.8,174.5,176,174.1,-0.1606,-0.1572,-0.05975,-0.03278,1.425,1.428,1.437,1.464,-1299,0.03874,-0.006324,0.02393,0.0212,0.05101,0.0253,0,0,3  -  Cliente - TelemetriaPulo:71
  23:38:08.351  TEL,15.21,7 MUITOS TRIÂNGULOS (4 studs, ±0.3°, erro 0.001),259.8,-0.1312,-0.151,0.118,173.9,174.1,177.6,175.7,-0.1593,-0.1551,-0.03227,-0.01223,1.427,1.43,1.464,1.484,-1299,0.03022,0.002923,0.02467,0.02389,0.02438,0.008899,0,0,4  -  Cliente - TelemetriaPulo:71
  23:38:08.351  TEL,15.22,7 MUITOS TRIÂNGULOS (4 studs, ±0.3°, erro 0.001),260.2,-0.9042,-0.2379,-0.03798,174.1,174.2,174.2,175.1,-0.1512,-0.1486,-0.03684,-0.02921,1.434,1.437,1.46,1.467,-1299,0.03016,0.0007708,0.02515,0.02545,0.02458,0.01982,0,0,4  -  Cliente - TelemetriaPulo:71
  23:38:08.351  TEL,15.23,7 MUITOS TRIÂNGULOS (4 studs, ±0.3°, erro 0.001),260.2,-0.7894,-0.2325,-0.03399,174.2,174.1,174.3,174.5,-0.1465,-0.1218,-0.03881,-0.03265,1.439,1.462,1.458,1.464,-1301,0.01824,-0.001032,0.0264,0.003063,0.01987,0.01513,0,0,4  -  Cliente - TelemetriaPulo:71
  23:38:08.351  TEL,15.23,7 MUITOS TRIÂNGULOS (4 studs, ±0.3°, erro 0.001),260.2,-0.8464,-0.2036,-0.1436,174,175.4,174.5,174.8,-0.12,-0.119,-0.04691,-0.04807,1.464,1.464,1.449,1.448,-1301,-0.007141,-0.01725,0.006393,0.002601,0.02237,0.02093,0,0,4  -  Cliente - TelemetriaPulo:71
  23:38:08.351  TEL,15.24,7 MUITOS TRIÂNGULOS (4 studs, ±0.3°, erro 0.001),260.4,-0.2368,-0.0983,0.1452,175.2,174.7,174.3,174.2,-0.1301,-0.1242,-0.06034,-0.07868,1.454,1.46,1.436,1.418,-1301,0.01325,0.002866,0.01825,0.01619,0.02247,0.04529,0,0,4  -  Cliente - TelemetriaPulo:71
  23:38:08.351  TEL,15.24,7 MUITOS TRIÂNGULOS (4 studs, ±0.3°, erro 0.001),260.4,0.541,-0.02371,0.2371,174.6,174.6,174.3,175.1,-0.1483,-0.1272,-0.0686,-0.05508,1.437,1.457,1.428,1.441,-1302,0.02334,0.01993,0.03456,0.02395,0.02493,0.02289,0,0,4  -  Cliente - TelemetriaPulo:71
  23:38:08.351  TEL,15.25,7 MUITOS TRIÂNGULOS (4 studs, ±0.3°, erro 0.001),260.5,0.6306,-0.03678,-0.007067,174.4,174.3,174.3,174.4,-0.1274,-0.123,-0.07259,-0.05679,1.457,1.461,1.424,1.44,-1302,0.03767,0.02779,0.01613,0.02285,0.02634,0.02173,0,0,4  -  Cliente - TelemetriaPulo:71
  23:38:08.351  TEL,15.25,7 MUITOS TRIÂNGULOS (4 studs, ±0.3°, erro 0.001),260.6,0.7589,0.01339,0.08461,174.5,174.2,175.8,174.2,-0.1352,-0.1243,-0.06445,-0.05945,1.449,1.459,1.432,1.437,-1303,0.02755,0.02656,0.0238,0.02786,0.01751,0.02699,0,0,4  -  Cliente - TelemetriaPulo:71
  23:38:08.351  TEL,15.26,7 MUITOS TRIÂNGULOS (4 studs, ±0.3°, erro 0.001),260.7,1.077,0.04242,0.0814,174.4,174.2,174.8,175.2,-0.1338,-0.1039,-0.06577,-0.03313,1.45,1.479,1.431,1.463,-1303,0.02727,0.02778,0.02625,0.01372,0.01981,0.003914,0,0,4  -  Cliente - TelemetriaPulo:71
  23:38:08.351  TEL,15.26,7 MUITOS TRIÂNGULOS (4 studs, ±0.3°, erro 0.001),260.7,0.7572,0.05098,-0.09071,174.2,175.1,174.6,175.6,-0.1274,-0.09836,-0.0654,-0.04421,1.456,1.484,1.431,1.452,-1303,0.01739,0.02065,0.02397,0.009727,0.02106,0.01394,0,0,4  -  Cliente - TelemetriaPulo:71
  23:38:08.351  TEL,15.27,7 MUITOS TRIÂNGULOS (4 studs, ±0.3°, erro 0.001),261,0.9157,0.1058,-0.09448,174.4,174.8,174.5,174.7,-0.1222,-0.1126,-0.06287,-0.0529,1.461,1.47,1.434,1.443,-1303,0.04031,0.03226,0.02146,0.0203,0.02386,0.02226,0,0,4  -  Cliente - TelemetriaPulo:71
  23:38:08.351  TEL,15.27,7 MUITOS TRIÂNGULOS (4 studs, ±0.3°, erro 0.001),261,1.031,0.1298,-0.1223,174.6,174.7,174.5,174.6,-0.1264,-0.1213,-0.05902,-0.05589,1.458,1.462,1.437,1.44,-1305,0.04272,0.02333,0.02359,0.02334,0.02436,0.02621,0,0,4  -  Cliente - TelemetriaPulo:71
  23:38:08.351  TEL,15.28,7 MUITOS TRIÂNGULOS (4 studs, ±0.3°, erro 0.001),261.1,1.25,0.1474,-0.07578,174.6,174.5,174.4,175.6,-0.1305,-0.13,-0.05328,-0.03084,1.454,1.454,1.443,1.466,-1305,0.02614,0.01052,0.02484,0.02699,0.02414,0.004187,0,0,4  -  Cliente - TelemetriaPulo:71
  23:38:08.351  TEL,15.29,7 MUITOS TRIÂNGULOS (4 studs, ±0.3°, erro 0.001),261.1,1.912,0.2214,0.1496,174.4,175.5,174.7,176.6,-0.137,-0.1252,-0.03784,-0.07256,1.448,1.458,1.459,1.424,-1305,-0.006128,-0.02749,0.02686,0.01627,0.02277,0.05805,0,0,3  -  Cliente - TelemetriaPulo:71
  23:38:08.351  TEL,15.29,7 MUITOS TRIÂNGULOS (4 studs, ±0.3°, erro 0.001),261.2,1.76,0.1911,0.175,174.3,174.8,174.8,178.1,-0.1165,-0.1235,-0.03109,-0.03716,1.467,1.46,1.465,1.459,-1305,-0.002935,-0.01378,0.003387,0.01675,0.02345,0.03503,0,0,4  -  Cliente - TelemetriaPulo:71
  23:38:08.351  TEL,15.3,7 MUITOS TRIÂNGULOS (4 studs, ±0.3°, erro 0.001),261.4,0.2719,0.09832,-0.07714,176,174.7,175,176,-0.134,-0.1364,-0.02587,-0.007401,1.45,1.448,1.47,1.489,-1306,0.04868,0.003971,0.01593,0.02385,0.02436,0.01101,0,0,4  -  Cliente - TelemetriaPulo:71
  23:38:08.351  TEL,15.3,7 MUITOS TRIÂNGULOS (4 studs, ±0.3°, erro 0.001),261.5,0.1201,0.07899,-0.0572,175.5,174.9,174.9,175.6,-0.1389,-0.1441,-0.02695,-0.01849,1.446,1.441,1.469,1.478,-1307,0.01421,0.006069,0.01576,0.02477,0.02574,0.02096,0,0,4  -  Cliente - TelemetriaPulo:71
  23:38:08.352  TEL,15.31,7 MUITOS TRIÂNGULOS (4 studs, ±0.3°, erro 0.001),261.6,0.1361,0.05987,-0.03596,175.5,174.9,176.5,175.1,-0.1497,-0.1496,-0.009805,-0.02207,1.436,1.435,1.487,1.474,-1308,-0.003684,0.01054,0.02202,0.02483,0.008142,0.02348,0,0,4  -  Cliente - TelemetriaPulo:71
  23:38:08.352  TEL,15.31,7 MUITOS TRIÂNGULOS (4 studs, ±0.3°, erro 0.001),261.7,-0.1776,0.009572,0.000721,175.2,175,175.9,175.1,-0.1556,-0.1536,-0.01271,-0.02474,1.43,1.432,1.484,1.472,-1308,-0.007554,0.004791,0.02438,0.02486,0.00799,0.0233,0,0,4  -  Cliente - TelemetriaPulo:71
  23:38:08.352  TEL,15.32,7 MUITOS TRIÂNGULOS (4 studs, ±0.3°, erro 0.001),262,-0.005235,-0.02464,0.08571,174.9,175,175.3,176.8,-0.1319,-0.128,-0.02593,-0.01052,1.452,1.456,1.47,1.486,-1309,-0.001243,0.009834,0.003121,0.003868,0.02244,0.0121,0,0,4  -  Cliente - TelemetriaPulo:71
  23:38:08.352  TEL,15.32,7 MUITOS TRIÂNGULOS (4 studs, ±0.3°, erro 0.001),262,-0.6772,-0.02074,-0.1174,176.3,176.4,175.3,176,-0.131,-0.1297,-0.02583,-0.01281,1.453,1.454,1.471,1.484,-1310,0.03616,0.01368,0.003699,0.003165,0.02319,0.01163,0,0,4  -  Cliente - TelemetriaPulo:71
  23:38:08.352  TEL,15.33,7 MUITOS TRIÂNGULOS (4 studs, ±0.3°, erro 0.001),261.6,-0.7908,-0.02654,-0.272,176.4,176.5,175.4,175.9,-0.1393,-0.3304,-0.02369,-0.08797,1.445,1.268,1.473,1.408,-1310,-0.0182,-0.06915,0.01454,0.1994,0.02252,0.07933,0,0,2  -  Cliente - TelemetriaPulo:71
  23:38:08.352  TEL,15.34,7 MUITOS TRIÂNGULOS (4 studs, ±0.3°, erro 0.001),261.9,1.713,-0.2144,1.092,175.5,175.5,173.6,178.9,-0.1878,-0.2506,-0.04926,-0.01589,1.4,1.341,1.447,1.48,-1308,0.06959,0.03988,0.06005,0.1918,0.02275,0.05834,0,0,1  -  Cliente - TelemetriaPulo:71
  23:38:08.352  TEL,15.34,7 MUITOS TRIÂNGULOS (4 studs, ±0.3°, erro 0.001),261.5,1.323,-0.2255,0.3776,175.2,175.3,177.3,180.4,-0.1415,-0.1894,-0.165,0.0006908,1.443,1.398,1.331,1.497,-1309,0.1145,0.1021,0.02526,0.1542,0.1326,0.04797,0,0,2  -  Cliente - TelemetriaPulo:71
  23:38:08.352  TEL,15.35,7 MUITOS TRIÂNGULOS (4 studs, ±0.3°, erro 0.001),261.5,2.833,0.01231,-0.3438,175.5,175.2,176.5,180.4,-0.1245,-0.1469,-0.1527,0.01879,1.459,1.438,1.344,1.515,-1308,0.1351,0.1535,0.02247,0.1165,0.1351,0.03615,0,0,2  -  Cliente - TelemetriaPulo:71
  23:38:08.352  TEL,15.35,7 MUITOS TRIÂNGULOS (4 studs, ±0.3°, erro 0.001),261.6,1.404,0.02875,-0.708,175.6,175.2,176,178.4,-0.1019,-0.08392,-0.05026,0.02648,1.481,1.497,1.446,1.523,-1308,0.0664,0.07248,0.02675,0.04166,0.06842,0.02481,0,0,3  -  Cliente - TelemetriaPulo:71
  23:38:08.352  TEL,15.36,7 MUITOS TRIÂNGULOS (4 studs, ±0.3°, erro 0.001),261.7,0.2759,-0.02058,-0.6346,175.5,175.1,177.5,178.4,-0.08946,-0.06117,-0.01074,0.02031,1.492,1.519,1.486,1.517,-1308,0.009016,0.01143,0.0238,0.009442,0.03896,0.02181,0,0,4  -  Cliente - TelemetriaPulo:71
  23:38:08.352  TEL,15.36,7 MUITOS TRIÂNGULOS (4 studs, ±0.3°, erro 0.001),262.1,-1.638,-0.07476,-0.1875,175.3,175.7,175.7,174.5,-0.08332,-0.07892,0.006806,-0.007159,1.498,1.502,1.503,1.489,-1308,-0.05791,-0.05585,0.0202,0.0074,0.01481,0.02,0,0,4  -  Cliente - TelemetriaPulo:71
  23:38:08.352  TEL,15.37,7 MUITOS TRIÂNGULOS (4 studs, ±0.3°, erro 0.001),262.1,-1.616,-0.0494,0.08018,175.7,176.2,177.3,176.1,-0.09268,-0.09812,-0.003152,-0.01555,1.489,1.484,1.493,1.481,-1311,-0.0616,-0.05885,0.0236,0.02263,0.01359,0.01974,0,0,4  -  Cliente - TelemetriaPulo:71
  23:38:08.352  TEL,15.37,7 MUITOS TRIÂNGULOS (4 studs, ±0.3°, erro 0.001),262.3,-1.595,-0.04685,0.2052,175.6,175.5,176.2,175.7,-0.1007,-0.09778,-0.01664,-0.0776,1.482,1.484,1.48,1.419,-1311,-0.03628,-0.02069,0.02434,0.02121,0.01546,0.07672,0,0,3  -  Cliente - TelemetriaPulo:71
  23:38:08.352  TEL,15.38,7 MUITOS TRIÂNGULOS (4 studs, ±0.3°, erro 0.001),262.4,-0.2757,0.08294,0.4957,175.6,175.6,175.8,178.6,-0.1324,-0.121,-0.03775,-0.03339,1.452,1.462,1.459,1.463,-1311,0.03912,0.03797,0.02545,0.04337,0.0267,0.05357,0,0,3  -  Cliente - TelemetriaPulo:71
  23:38:08.352  TEL,15.39,7 MUITOS TRIÂNGULOS (4 studs, ±0.3°, erro 0.001),262.4,-0.6105,0.05009,0.2407,175.5,175.5,175.5,180.1,-0.1422,-0.1015,-0.04099,-0.006635,1.443,1.481,1.455,1.49,-1312,0.0705,0.05949,0.02243,0.01895,0.02731,0.03155,0,0,4  -  Cliente - TelemetriaPulo:71
  23:38:08.352  TEL,15.39,7 MUITOS TRIÂNGULOS (4 studs, ±0.3°, erro 0.001),262.3,-1.112,0.02942,0.03955,175.7,175.9,175.3,180,-0.1576,-0.1141,-0.04331,0.01316,1.428,1.469,1.453,1.51,-1312,0.07734,0.0427,0.02629,0.02246,0.02593,0.008929,0,0,4  -  Cliente - TelemetriaPulo:71
  23:38:08.352  TEL,15.4,7 MUITOS TRIÂNGULOS (4 studs, ±0.3°, erro 0.001),262.4,-1.193,-0.03365,-0.03332,175.5,175.7,175.5,176.7,-0.1774,-0.1418,-0.05328,-0.00915,1.41,1.443,1.443,1.487,-1312,0.06138,0.03937,0.02634,0.0274,0.02566,0.01729,0,0,4  -  Cliente - TelemetriaPulo:71
  23:38:08.352  TEL,15.4,7 MUITOS TRIÂNGULOS (4 studs, ±0.3°, erro 0.001),262.5,-1.013,-0.05811,-0.09384,175.6,175.7,175.7,176.3,-0.1832,-0.1513,-0.05647,-0.02374,1.404,1.434,1.44,1.473,-1312,0.06462,0.03549,0.02606,0.02758,0.02474,0.02531,0,0,4  -  Cliente - TelemetriaPulo:71
  23:38:08.352  TEL,15.41,7 MUITOS TRIÂNGULOS (4 studs, ±0.3°, erro 0.001),262.6,-0.6679,-0.0707,-0.1205,175.7,175.7,175.9,175.9,-0.1877,-0.1583,-0.06139,-0.03138,1.4,1.427,1.435,1.465,-1313,0.0625,0.02671,0.02971,0.03032,0.02567,0.02582,0,0,4  -  Cliente - TelemetriaPulo:71
  23:38:08.352  TEL,15.41,7 MUITOS TRIÂNGULOS (4 studs, ±0.3°, erro 0.001),262.8,-0.1616,-0.01403,-0.1852,177.1,177.1,175.7,175.8,-0.1529,-0.1388,-0.06412,-0.04276,1.433,1.446,1.432,1.454,-1313,0.06942,0.01443,-0.0001141,0.006364,0.02705,0.02694,0,0,4  -  Cliente - TelemetriaPulo:71
  23:38:08.352  TEL,15.42,7 MUITOS TRIÂNGULOS (4 studs, ±0.3°, erro 0.001),262.5,0.1772,-0.001014,-0.255,177.2,177.1,175.4,177.3,-0.1631,-0.3103,-0.05984,-0.02357,1.423,1.286,1.437,1.473,-1314,0.01897,-0.0546,0.01297,0.1734,0.02672,0.003735,0,0,3  -  Cliente - TelemetriaPulo:71
  23:38:08.352  TEL,15.42,7 MUITOS TRIÂNGULOS (4 studs, ±0.3°, erro 0.001),262.6,0.8876,-0.1707,0.3593,176.5,176.6,176.9,177.1,-0.1959,-0.3066,-0.04067,-0.03418,1.392,1.29,1.456,1.462,-1313,-0.001438,-0.05258,0.05105,0.1852,0.003179,0.01994,0,0,2  -  Cliente - TelemetriaPulo:71
  23:38:08.353  TEL,15.43,7 MUITOS TRIÂNGULOS (4 studs, ±0.3°, erro 0.001),262.8,1.009,-0.2757,0.2875,176.2,176.2,177.8,176,-0.1697,-0.2453,-0.0474,-0.03091,1.417,1.346,1.449,1.465,-1313,0.04612,-0.01413,0.03677,0.1442,0.004768,0.02021,0,0,3  -  Cliente - TelemetriaPulo:71
  23:38:08.353  TEL,15.44,7 MUITOS TRIÂNGULOS (4 studs, ±0.3°, erro 0.001),262.8,1.869,-0.05095,-0.1381,177,175.9,178.8,175.8,-0.1193,-0.1284,-0.1,-0.03303,1.464,1.456,1.396,1.463,-1314,0.07661,0.07452,0.008913,0.04901,0.0615,0.025,0,0,3  -  Cliente - TelemetriaPulo:71
  23:38:08.353  TEL,15.44,7 MUITOS TRIÂNGULOS (4 studs, ±0.3°, erro 0.001),262.8,1.602,0.0003954,-0.1779,176.9,175.9,180.1,175.9,-0.1209,-0.08917,-0.05869,-0.03541,1.463,1.492,1.438,1.461,-1314,0.03825,0.07041,0.02075,0.01505,0.02448,0.02633,0,0,4  -  Cliente - TelemetriaPulo:71
  23:38:08.353  TEL,15.45,7 MUITOS TRIÂNGULOS (4 studs, ±0.3°, erro 0.001),263,0.9063,0.01828,-0.1756,176.3,176.5,176,175.9,-0.1139,-0.09533,-0.05531,-0.03921,1.469,1.487,1.441,1.457,-1314,0.001554,0.05009,0.02062,0.02284,0.0226,0.02657,0,0,4  -  Cliente - TelemetriaPulo:71
  23:38:08.353  TEL,15.45,7 MUITOS TRIÂNGULOS (4 studs, ±0.3°, erro 0.001),263.2,0.9572,0.06795,-0.1824,176.1,176.1,176.1,176,-0.1076,-0.09692,-0.0519,-0.04443,1.475,1.485,1.444,1.452,-1315,-0.0132,0.01927,0.02104,0.02095,0.02276,0.02602,0,0,4  -  Cliente - TelemetriaPulo:71
  23:38:08.353  TEL,15.46,7 MUITOS TRIÂNGULOS (4 studs, ±0.3°, erro 0.001),263.4,1.01,0.09196,-0.1833,176.2,176.3,176.1,176,-0.1112,-0.1063,-0.04699,-0.04863,1.472,1.476,1.449,1.448,-1316,-0.01239,0.001908,0.02337,0.02338,0.01966,0.02669,0,0,4  -  Cliente - TelemetriaPulo:71
  23:38:08.353  TEL,15.46,7 MUITOS TRIÂNGULOS (4 studs, ±0.3°, erro 0.001),263.4,1.115,0.09897,-0.1255,176.2,176.1,176.3,177.6,-0.1146,-0.113,-0.04831,-0.02699,1.469,1.47,1.448,1.469,-1317,-0.01901,-0.01385,0.02504,0.02412,0.02318,0.003067,0,0,4  -  Cliente - TelemetriaPulo:71
  23:38:08.353  TEL,15.47,7 MUITOS TRIÂNGULOS (4 studs, ±0.3°, erro 0.001),263.7,0.9975,0.07289,-0.02613,176.3,176.4,176.3,176.7,-0.1185,-0.1212,-0.04279,-0.04218,1.465,1.462,1.454,1.454,-1317,-0.04035,-0.04582,0.02703,0.02447,0.025,0.01846,0,0,4  -  Cliente - TelemetriaPulo:71
  23:38:08.353  TEL,15.47,7 MUITOS TRIÂNGULOS (4 studs, ±0.3°, erro 0.001),263.8,0.9757,0.06075,0.01721,176.3,176.4,176.4,176.7,-0.1006,-0.1215,-0.03727,-0.04196,1.482,1.462,1.459,1.454,-1319,-0.039,-0.04541,0.008572,0.02485,0.02359,0.02292,0,0,4  -  Cliente - TelemetriaPulo:71
  23:38:08.353  TEL,15.48,7 MUITOS TRIÂNGULOS (4 studs, ±0.3°, erro 0.001),263.8,0.7429,0.1292,-0.02071,175.9,176.3,176.4,176.4,-0.2349,-0.1278,-0.04421,-0.03925,1.356,1.456,1.452,1.457,-1319,0.09396,-0.03952,0.1397,0.02643,0.03507,0.02422,0,0,3  -  Cliente - TelemetriaPulo:71
  23:38:08.353  TEL,15.49,7 MUITOS TRIÂNGULOS (4 studs, ±0.3°, erro 0.001),263.8,1.212,-0.031,-0.19,175.1,177.8,176.7,176.7,-0.2042,-0.1059,-0.01833,-0.04415,1.385,1.477,1.478,1.452,-1319,0.007515,-0.1021,0.1234,0.004271,0.02189,0.02654,0,0,3  -  Cliente - TelemetriaPulo:71
  23:38:08.353  TEL,15.49,7 MUITOS TRIÂNGULOS (4 studs, ±0.3°, erro 0.001),263.9,1.132,-0.01302,-0.04431,174.9,177.9,176.9,176.6,-0.1542,-0.118,-0.01876,-0.04295,1.431,1.465,1.478,1.453,-1319,-0.03766,-0.09235,0.0771,0.01947,0.02492,0.02691,0,0,3  -  Cliente - TelemetriaPulo:71
  23:38:08.353  TEL,15.5,7 MUITOS TRIÂNGULOS (4 studs, ±0.3°, erro 0.001),264.1,0.882,0.01971,0.1039,174.9,177.2,176.8,176.5,-0.1101,-0.1157,-0.01927,-0.0374,1.473,1.467,1.477,1.459,-1319,-0.05074,-0.04378,0.03249,0.01909,0.02591,0.02514,0,0,4  -  Cliente - TelemetriaPulo:71
  23:38:08.353  TEL,15.5,7 MUITOS TRIÂNGULOS (4 studs, ±0.3°, erro 0.001),264,1.45,0.2048,0.9401,178.1,177,178.3,178.1,-0.08917,-0.1016,-0.006309,-0.06533,1.492,1.481,1.49,1.431,-1320,-0.01378,0.02374,-0.004376,0.02467,0.01464,0.08997,0,0,3  -  Cliente - TelemetriaPulo:71
  23:38:08.353  TEL,15.51,7 MUITOS TRIÂNGULOS (4 studs, ±0.3°, erro 0.001),264.2,0.7454,0.1735,0.7303,176.8,175.1,176.4,179.4,-0.1016,-0.09559,-0.004431,-0.03528,1.481,1.486,1.492,1.461,-1320,0.02647,0.1046,-0.003368,0.02868,0.0122,0.08102,0,0,3  -  Cliente - TelemetriaPulo:71
  23:38:08.353  TEL,15.51,7 MUITOS TRIÂNGULOS (4 studs, ±0.3°, erro 0.001),264.1,-0.632,0.1036,0.1877,178.1,177.1,177.8,182.4,-0.1182,-0.08285,-0.01802,0.008211,1.465,1.498,1.478,1.505,-1321,0.1178,0.134,-0.0005047,0.02464,0.01548,0.04946,0,0,4  -  Cliente - TelemetriaPulo:71
  23:38:08.353  TEL,15.52,7 MUITOS TRIÂNGULOS (4 studs, ±0.3°, erro 0.001),264.1,-1.056,0.08978,0.05223,178.4,176.8,177.4,182.3,-0.1402,-0.09305,-0.03573,0.02219,1.445,1.489,1.461,1.519,-1321,0.1134,0.1192,0.01873,0.03327,0.02616,0.03002,0,0,4  -  Cliente - TelemetriaPulo:71
  23:38:08.353  TEL,15.53,7 MUITOS TRIÂNGULOS (4 studs, ±0.3°, erro 0.001),264.3,-1.455,0.0575,-0.2746,177.4,176.7,176.4,178,-0.2086,-0.08731,-0.03964,0.01194,1.381,1.494,1.457,1.508,-1321,0.1534,0.1108,0.08799,0.02068,0.02484,0.02726,0,0,3  -  Cliente - TelemetriaPulo:71
  23:38:08.353  ===== fim =====  -  Cliente - TelemetriaPulo:72
  23:38:10.266  ##### PULO #3  trecho=-  vel=274  impulso no frame t=16.897 (ΔVy=4.4, assoalho=0, asa=0, rodas no chão antes=1)  -  Cliente - TelemetriaPulo:215
  23:38:10.266  ===== PULO #3 =====  -  Cliente - TelemetriaPulo:69
  23:38:10.266  TEL,t,trecho,vel,vyChassi,arfagem,rolagem,wFD,wFE,wTD,wTE,posFD,posFE,posTD,posTE,molaFD,molaFE,molaTD,molaTE,downforce,dirFD,dirFE,chaoFD,chaoFE,chaoTD,chaoTE,assoalho,asa,rodasNoChao  -  Cliente - TelemetriaPulo:70
  23:38:10.266  TEL,16.45,FIM (volte e repita em outra velocidade),272.6,-9.171,-0.09659,-0.5212,182.3,182.5,182.8,182.5,-0.1295,-0.1047,-0.01216,0.01585,1.455,1.478,1.484,1.512,-1363,0.007467,-0.02055,0.004896,0.0005877,0.01769,0.01004,0,0,4  -  Cliente - TelemetriaPulo:71
  23:38:10.266  TEL,16.46,FIM (volte e repita em outra velocidade),272.4,-9.299,-0.07386,-0.4471,183.9,182.1,181.1,184.5,-0.1221,-0.2398,-0.1073,-0.00085,1.462,1.351,1.389,1.496,-1363,-0.02325,-0.1064,-0.002357,0.1234,0.1076,0.008559,0,0,2  -  Cliente - TelemetriaPulo:71
  23:38:10.266  TEL,16.46,FIM (volte e repita em outra velocidade),272.4,-6.736,-0.02566,-0.1401,183.6,181.8,182.1,183.1,-0.3028,-0.2468,-0.1075,-0.00209,1.293,1.345,1.389,1.494,-1362,0.1978,-0.1047,0.184,0.1295,0.1107,0.008392,0,0,1  -  Cliente - TelemetriaPulo:71
  23:38:10.266  TEL,16.47,FIM (volte e repita em outra velocidade),272.3,-5.796,-0.2649,-0.611,182.5,181.3,184,182.6,-0.2516,-0.144,-0.02464,-0.05268,1.34,1.441,1.472,1.444,-1362,0.103,-0.1964,0.1809,0.04006,0.04668,0.04089,0,0,3  -  Cliente - TelemetriaPulo:71
  23:38:10.266  TEL,16.47,FIM (volte e repita em outra velocidade),272.3,-6.069,-0.2115,-0.3315,182.3,181.2,185.2,183.5,-0.1885,-0.09452,0.008363,-0.04021,1.399,1.487,1.505,1.456,-1362,0.01677,-0.2199,0.1364,-0.0009134,0.0187,0.02302,0,0,3  -  Cliente - TelemetriaPulo:71
  23:38:10.266  TEL,16.48,FIM (volte e repita em outra velocidade),272.5,-7.559,-0.1297,0.02879,182.2,183.8,183.1,182.8,-0.09567,-0.08026,-0.005311,-0.05242,1.486,1.501,1.491,1.444,-1362,-0.04976,-0.2389,0.05781,-0.00373,0.02549,0.02498,0,0,3  -  Cliente - TelemetriaPulo:71
  23:38:10.266  TEL,16.49,FIM (volte e repita em outra velocidade),272.4,-7.77,-0.05097,0.297,182.1,183.6,182.9,182.3,-0.07116,-0.2264,-0.01236,-0.05708,1.51,1.364,1.484,1.439,-1363,-0.05593,-0.3022,0.02963,0.1474,0.02492,0.0314,0,0,3  -  Cliente - TelemetriaPulo:71
  23:38:10.267  TEL,16.49,FIM (volte e repita em outra velocidade),272.6,-6.912,-0.1625,1.376,182.1,183.1,184,183.4,-0.054,-0.2254,-0.02706,-0.01367,1.526,1.365,1.469,1.483,-1362,-0.03115,-0.2435,0.005322,0.1783,0.0212,0.009877,0,0,3  -  Cliente - TelemetriaPulo:71
  23:38:10.267  TEL,16.5,FIM (volte e repita em outra velocidade),272.5,-7.557,-0.1594,1.298,186.3,182.7,182.6,185,-0.1091,-0.1882,-0.04464,0.007131,1.474,1.4,1.452,1.503,-1363,0.1218,-0.103,0.05118,0.1696,0.01846,0.007617,0,0,2  -  Cliente - TelemetriaPulo:71
  23:38:10.267  TEL,16.5,FIM (volte e repita em outra velocidade),272.6,-7.419,-0.1333,0.5465,186,182.5,183.5,184.3,-0.09239,-0.108,-0.07997,-0.006096,1.489,1.475,1.416,1.49,-1362,0.2777,0.1084,0.03248,0.1236,0.02991,0.0325,0,0,3  -  Cliente - TelemetriaPulo:71
  23:38:10.267  TEL,16.51,FIM (volte e repita em outra velocidade),272.7,-7.704,0.03034,0.2108,183.9,182.4,184.6,182.4,-0.08059,-0.06399,-0.09234,-0.002977,1.501,1.516,1.404,1.493,-1363,0.2103,0.1901,0.01106,0.08642,0.03177,0.03403,0,0,3  -  Cliente - TelemetriaPulo:71
  23:38:10.267  TEL,16.51,FIM (volte e repita em outra velocidade),273,-7.738,0.08146,-0.0197,184.5,182.3,182.2,182.4,-0.08522,-0.05428,-0.09319,-0.003626,1.496,1.525,1.403,1.493,-1364,0.2157,0.1977,0.009826,0.07029,0.03163,0.03361,0,0,3  -  Cliente - TelemetriaPulo:71
  23:38:10.267  TEL,16.52,FIM (volte e repita em outra velocidade),272.9,-7.732,0.136,-0.1271,184.1,182.3,185,183.4,-0.1079,-0.04806,-0.09133,-0.003455,1.475,1.531,1.405,1.493,-1365,0.1632,0.1695,0.02476,0.05301,0.03086,0.03119,0,0,3  -  Cliente - TelemetriaPulo:71
  23:38:10.267  TEL,16.52,FIM (volte e repita em outra velocidade),273.2,-7.794,0.1654,-0.4265,183.3,182.2,182,182.2,-0.2137,-0.04709,-0.0857,-0.009252,1.376,1.532,1.411,1.487,-1365,0.2122,0.142,0.1254,0.03409,0.03008,0.02991,0,0,3  -  Cliente - TelemetriaPulo:71
  23:38:10.267  TEL,16.53,FIM (volte e repita em outra velocidade),273.1,-5.964,0.1826,-0.4741,182.5,184.5,181.8,187.4,-0.1782,-0.05467,-0.0616,-0.06508,1.409,1.525,1.435,1.431,-1366,0.03752,-0.002347,0.09629,0.01281,0.0298,0.07342,0,0,2  -  Cliente - TelemetriaPulo:71
  23:38:10.267  TEL,16.54,FIM (volte e repita em outra velocidade),273.2,-6.072,0.205,-0.3233,182.4,182.7,181.6,187.2,-0.1346,-0.06524,-0.03208,-0.03344,1.45,1.515,1.464,1.463,-1365,-0.02549,-0.02495,0.05128,0.01197,0.01273,0.04421,0,0,3  -  Cliente - TelemetriaPulo:71
  23:38:10.267  TEL,16.54,FIM (volte e repita em outra velocidade),273.1,-7.117,0.181,-0.2313,182.3,184.2,183.2,187.1,-0.09702,-0.07632,-0.02337,-0.003758,1.485,1.505,1.473,1.493,-1366,-0.08752,-0.06104,0.007906,0.01059,0.01049,0.01367,0,0,4  -  Cliente - TelemetriaPulo:71
  23:38:10.267  TEL,16.55,FIM (volte e repita em outra velocidade),273.1,-6.083,0.3669,0.3566,183.8,183.2,183.3,183.3,-0.1155,-0.1048,-0.02613,-0.1022,1.468,1.478,1.47,1.394,-1365,-0.08344,-0.05773,0.001041,0.01156,0.02446,0.1217,0,0,3  -  Cliente - TelemetriaPulo:71
  23:38:10.267  TEL,16.55,FIM (volte e repita em outra velocidade),273.1,-5.967,0.3706,0.1483,183.4,183.4,181.7,184.1,-0.2819,-0.1641,-0.02012,-0.068,1.312,1.422,1.476,1.428,-1365,0.1253,-0.04187,0.1536,0.06035,0.0279,0.1015,0,0,1  -  Cliente - TelemetriaPulo:71
  23:38:10.267  TEL,16.56,FIM (volte e repita em outra velocidade),273,-5.493,0.1361,-0.2132,182.8,183.2,182.7,185.2,-0.284,-0.1502,0.0008553,-0.03546,1.31,1.435,1.497,1.461,-1365,0.1485,-0.05791,0.158,0.04337,0.01835,0.07446,0,0,2  -  Cliente - TelemetriaPulo:71
  23:38:10.267  TEL,16.56,FIM (volte e repita em outra velocidade),272.9,-7.298,-0.0008656,-0.4681,182.2,184.6,183.1,187.4,-0.1679,-0.1339,0.007538,0.009671,1.419,1.45,1.504,1.506,-1365,0.0324,-0.08336,0.05285,0.01473,0.02472,0.01849,0,0,3  -  Cliente - TelemetriaPulo:71
  23:38:10.267  TEL,16.57,FIM (volte e repita em outra velocidade),273.2,-8.144,-0.02904,-0.1378,182.2,183.5,182.7,183.3,-0.1163,-0.1399,0.004851,0.002204,1.467,1.445,1.501,1.499,-1365,-0.02973,-0.05731,0.0003444,0.01509,0.02485,0.01868,0,0,4  -  Cliente - TelemetriaPulo:71
  23:38:10.267  TEL,16.57,FIM (volte e repita em outra velocidade),273.2,-8.485,-0.001848,0.1734,184.2,183.6,183.3,183.7,-0.1226,-0.1494,0.00122,-0.004526,1.461,1.436,1.498,1.492,-1366,-0.04218,-0.03186,-0.0005903,0.02169,0.02128,0.02276,0,0,4  -  Cliente - TelemetriaPulo:71
  23:38:10.268  TEL,16.58,FIM (volte e repita em outra velocidade),273.4,-8.676,-0.02847,0.2816,184.4,183.2,182.3,182.4,-0.146,-0.1517,-0.006242,-0.004342,1.439,1.434,1.49,1.492,-1366,-0.02159,0.007858,0.01504,0.0235,0.01873,0.02063,0,0,4  -  Cliente - TelemetriaPulo:71
  23:38:10.268  TEL,16.59,FIM (volte e repita em outra velocidade),273.3,-7.816,-0.05403,0.4228,183.5,182.7,184.9,185,-0.2452,-0.1757,-0.03557,0.005074,1.347,1.411,1.461,1.501,-1367,0.05408,-0.00826,0.102,0.05709,0.02782,0.01263,0,0,2  -  Cliente - TelemetriaPulo:71
  23:38:10.268  TEL,16.59,FIM (volte e repita em outra velocidade),273.4,-7.978,-0.1953,-0.1194,183,182.5,185.8,183.9,-0.2302,-0.1392,-0.01026,-0.005276,1.36,1.445,1.486,1.491,-1367,0.09365,-0.002552,0.09335,0.02469,-0.003581,0.01413,0,0,3  -  Cliente - TelemetriaPulo:71
  23:38:10.268  TEL,16.6,FIM (volte e repita em outra velocidade),273.6,-8.342,-0.2053,0.0885,182.6,183,185.1,183.4,-0.1336,-0.1387,-0.04702,-0.03519,1.451,1.446,1.449,1.461,-1367,0.0581,-0.03704,0.007497,0.03234,0.01582,0.02425,0,0,4  -  Cliente - TelemetriaPulo:71
  23:38:10.268  TEL,16.6,FIM (volte e repita em outra velocidade),273.7,-8.305,-0.1203,0.05155,184.3,182.9,183.8,183.2,-0.1305,-0.1103,-0.05313,-0.04307,1.454,1.473,1.443,1.453,-1368,0.09963,-0.02281,0.004984,0.005866,0.01464,0.02625,0,0,4  -  Cliente - TelemetriaPulo:71
  23:38:10.268  TEL,16.61,FIM (volte e repita em outra velocidade),273.7,-8.141,-0.06244,-0.06694,184.5,184.3,183.8,183.1,-0.1426,-0.1108,-0.06526,-0.04638,1.442,1.472,1.431,1.45,-1369,0.07766,-0.02856,0.01698,0.004217,0.02276,0.02312,0,0,4  -  Cliente - TelemetriaPulo:71
  23:38:10.268  TEL,16.61,FIM (volte e repita em outra velocidade),273.8,-5.956,-0.0241,0.0454,183.6,184.3,184.1,183.2,-0.2312,-0.2042,-0.09721,-0.05103,1.359,1.385,1.399,1.445,-1369,0.05157,-0.08655,0.1129,0.09991,0.05845,0.02573,0,0,1  -  Cliente - TelemetriaPulo:71
  23:38:10.268  TEL,16.62,FIM (volte e repita em outra velocidade),273.8,-5.423,-0.1006,-0.206,183.2,184.1,185,183.2,-0.2195,-0.1629,-0.05412,-0.04878,1.37,1.423,1.442,1.448,-1369,0.05673,-0.1094,0.1158,0.06722,0.02286,0.02539,0,0,2  -  Cliente - TelemetriaPulo:71
  23:38:10.268  TEL,16.62,FIM (volte e repita em outra velocidade),273.9,-5.954,-0.1302,-0.2262,182.9,183.9,183.4,183.3,-0.1762,-0.1184,-0.04791,-0.04932,1.411,1.465,1.448,1.447,-1369,0.03143,-0.1257,0.08654,0.03001,0.02182,0.0247,0,0,3  -  Cliente - TelemetriaPulo:71
  23:38:10.268  TEL,16.63,FIM (volte e repita em outra velocidade),274,-6.185,-0.05899,-0.2363,182.8,183.9,183.4,183.3,-0.1309,-0.08461,-0.04308,-0.04993,1.453,1.497,1.453,1.446,-1370,-0.002231,-0.1278,0.05091,-0.001137,0.02263,0.02412,0,0,3  -  Cliente - TelemetriaPulo:71
  23:38:10.268  TEL,16.64,FIM (volte e repita em outra velocidade),274.2,-6.675,0.08723,0.08012,183.6,185,183.2,183.2,-0.09904,-0.1025,-0.03716,-0.04431,1.483,1.48,1.459,1.452,-1370,-0.03514,-0.1426,0.01869,0.01585,0.02438,0.02475,0,0,4  -  Cliente - TelemetriaPulo:71
  23:38:10.268  TEL,16.64,FIM (volte e repita em outra velocidade),274.2,-6.77,0.09349,0.2348,183.7,183.9,183.4,183.2,-0.1084,-0.178,-0.07491,-0.03923,1.475,1.409,1.421,1.457,-1371,-0.01969,-0.1412,0.02284,0.09235,0.06292,0.02731,0,0,2  -  Cliente - TelemetriaPulo:71
  23:38:10.268  TEL,16.65,FIM (volte e repita em outra velocidade),274.3,-5.628,0.06411,0.5558,183.5,183.6,184.5,184.2,-0.111,-0.1689,-0.06377,-0.006723,1.472,1.418,1.433,1.49,-1371,-0.01649,-0.1104,0.02283,0.09622,0.05321,0.01208,0,0,2  -  Cliente - TelemetriaPulo:71
  23:38:10.268  TEL,16.65,FIM (volte e repita em outra velocidade),274.5,-7.082,-0.0005725,0.1903,183.3,183.3,183.8,184.2,-0.1028,-0.1087,-0.03594,-0.005249,1.48,1.474,1.46,1.491,-1371,0.00801,-0.0247,0.01147,0.04747,0.02407,0.02362,0,0,4  -  Cliente - TelemetriaPulo:71
  23:38:10.268  TEL,16.66,FIM (volte e repita em outra velocidade),274.5,-7.499,0.04062,0.1217,184.4,183.2,183.8,183.8,-0.1083,-0.08209,-0.04067,-0.005924,1.474,1.499,1.456,1.49,-1372,0.03922,0.004742,0.01242,0.01963,0.02643,0.02577,0,0,4  -  Cliente - TelemetriaPulo:71
  23:38:10.268  TEL,16.66,FIM (volte e repita em outra velocidade),274.7,-7.88,0.06341,-0.03663,184,184.2,183.6,183.7,-0.1292,-0.0983,-0.04125,-0.0122,1.455,1.484,1.455,1.484,-1373,0.007638,0.01255,0.02186,0.02394,0.02422,0.02793,0,0,4  -  Cliente - TelemetriaPulo:71
  23:38:10.268  TEL,16.67,FIM (volte e repita em outra velocidade),274.7,-7.951,0.064,-0.1247,184,183.9,183.9,183.7,-0.1376,-0.1112,-0.1045,-0.01595,1.447,1.472,1.392,1.48,-1373,0.001396,0.01281,0.02519,0.02849,0.08706,0.02761,0,0,3  -  Cliente - TelemetriaPulo:71
  23:38:10.268  TEL,16.67,FIM (volte e repita em outra velocidade),274.8,-6.713,0.1551,-0.2535,183.7,183.9,184.7,183.7,-0.1409,-0.1004,-0.09016,-0.01339,1.444,1.482,1.406,1.483,-1374,-0.01679,0.0146,0.02576,0.006804,0.08076,0.02551,0,0,3  -  Cliente - TelemetriaPulo:71
  23:38:10.268  TEL,16.68,FIM (volte e repita em outra velocidade),274.8,-6.83,0.1648,-0.3162,183.6,184.9,185.5,183.8,-0.1475,-0.1192,-0.05314,-0.01663,1.438,1.464,1.443,1.48,-1374,-0.03268,-0.01103,0.02863,0.01269,0.05226,0.02759,0,0,3  -  Cliente - TelemetriaPulo:71
  23:38:10.269  TEL,16.69,FIM (volte e repita em outra velocidade),275,-8.071,0.03133,-0.06159,184.9,184.4,184.1,184.7,-0.1313,-0.1422,-0.01935,-0.01589,1.453,1.443,1.477,1.48,-1374,-0.0003095,-0.05749,0.002106,0.016,0.02093,0.02051,0,0,4  -  Cliente - TelemetriaPulo:71
  23:38:10.269  TEL,16.69,FIM (volte e repita em outra velocidade),275.1,-8.185,0.03099,-0.1881,185.2,184.4,184.2,184.1,-0.1514,-0.1587,-0.02304,-0.0257,1.434,1.427,1.473,1.471,-1375,0.02092,-0.06438,0.01645,0.0212,0.02295,0.02352,0,0,4  -  Cliente - TelemetriaPulo:71
  23:38:10.269  TEL,16.7,FIM (volte e repita em outra velocidade),275.2,-8.005,0.0136,0.01,184.5,184.2,184.1,184,-0.1591,-0.1681,-0.02785,-0.02821,1.427,1.418,1.469,1.468,-1376,0.005605,-0.05485,0.01654,0.02333,0.02423,0.02304,0,0,4  -  Cliente - TelemetriaPulo:71
  23:38:10.269  TEL,16.7,FIM (volte e repita em outra velocidade),275.3,-6.979,0.02961,0.04308,184.3,184.1,185.2,185.1,-0.2439,-0.1765,-0.04829,-0.01257,1.348,1.41,1.448,1.484,-1376,0.07517,-0.03138,0.08907,0.02372,0.04127,0.009397,0,0,3  -  Cliente - TelemetriaPulo:71
  23:38:10.269  TEL,16.71,FIM (volte e repita em outra velocidade),275.3,-7.042,-0.1094,-0.1574,184,184.2,186.1,185.1,-0.2251,-0.1796,-0.01997,-0.02632,1.365,1.407,1.476,1.47,-1376,0.08374,-0.03901,0.07257,0.02537,0.01384,0.01908,0,0,3  -  Cliente - TelemetriaPulo:71
  23:38:10.269  TEL,16.71,FIM (volte e repita em outra velocidade),275.4,-7.555,-0.1129,0.07521,183.6,186,185.2,184.3,-0.1304,-0.145,-0.03519,-0.03601,1.454,1.44,1.461,1.46,-1376,0.07095,-0.05732,-0.02448,-0.00689,0.02058,0.02472,0,0,4  -  Cliente - TelemetriaPulo:71
  23:38:10.269  TEL,16.72,FIM (volte e repita em outra velocidade),275.5,-7.565,-0.06392,0.1327,187,186.2,184.7,184.2,-0.1437,-0.1709,-0.04401,-0.03723,1.441,1.416,1.452,1.459,-1377,0.1687,-0.04572,-0.01731,0.01574,0.02517,0.02562,0,0,4  -  Cliente - TelemetriaPulo:71
  23:38:10.269  TEL,16.73,FIM (volte e repita em outra velocidade),275.3,-7.177,-0.06252,-0.08094,186.5,184.8,184.3,184.1,-0.433,-0.1717,-0.0441,-0.03943,1.174,1.415,1.452,1.457,-1378,0.7412,-0.03119,0.271,0.0112,0.02495,0.02513,0,0,3  -  Cliente - TelemetriaPulo:71
  23:38:10.269  TEL,16.73,FIM (volte e repita em outra velocidade),274.9,-5.791,-0.3182,-0.6138,185.5,184.9,184,184.2,-0.4614,-0.2173,-0.06384,-0.05233,1.149,1.372,1.433,1.444,-1377,0.6941,-0.1296,0.3186,0.06152,0.05158,0.02686,0,0,1  -  Cliente - TelemetriaPulo:71
  23:38:10.269  TEL,16.74,FIM (volte e repita em outra velocidade),274.8,-4.846,-0.448,-0.5546,184.5,184.4,186,186.2,-0.279,-0.1433,-0.01514,-0.06122,1.315,1.442,1.481,1.435,-1375,0.3196,-0.1323,0.1942,0.01015,0.02228,0.02,0,0,3  -  Cliente - TelemetriaPulo:71
  23:38:10.269  TEL,16.74,FIM (volte e repita em outra velocidade),275,-5.332,-0.3783,-0.1135,184.4,186.1,184.3,184.9,-0.1903,-0.1287,-0.01302,-0.06382,1.398,1.455,1.483,1.433,-1374,0.1692,-0.16,0.1237,0.009547,0.02139,0.01951,0,0,3  -  Cliente - TelemetriaPulo:71
  23:38:10.269  TEL,16.75,FIM (volte e repita em outra velocidade),275,-5.534,-0.296,0.1139,184.3,185.8,185.8,186.7,-0.1245,-0.1292,-0.01431,-0.06315,1.459,1.455,1.482,1.433,-1375,0.09402,-0.1104,0.06784,0.02243,0.02121,0.02049,0,0,3  -  Cliente - TelemetriaPulo:71
  23:38:10.269  TEL,16.75,FIM (volte e repita em outra velocidade),275.1,-4.119,0.03198,1.346,184.7,185.6,186.5,185.1,-0.09637,-0.07642,-0.01617,-0.1185,1.486,1.504,1.48,1.378,-1375,0.1133,0.027,0.02352,0.009818,0.01012,0.1192,0,0,3  -  Cliente - TelemetriaPulo:71
  23:38:10.269  TEL,16.76,FIM (volte e repita em outra velocidade),275.2,-4.455,0.05457,1.123,184,185.6,185,185.8,-0.1086,-0.06093,-0.01837,-0.07384,1.474,1.519,1.478,1.423,-1375,0.2077,0.1261,0.01929,0.01049,0.006894,0.1027,0,0,3  -  Cliente - TelemetriaPulo:71
  23:38:10.269  TEL,16.76,FIM (volte e repita em outra velocidade),275.3,-4.636,-0.2319,0.9137,182.7,184.5,184.8,187.8,-0.1134,-0.2167,-0.03387,-0.0006994,1.47,1.373,1.462,1.496,-1376,0.2522,0.1433,0.01384,0.1937,0.01255,0.05767,0,0,2  -  Cliente - TelemetriaPulo:71
  23:38:10.269  TEL,16.77,FIM (volte e repita em outra velocidade),275.2,-5.124,-0.2939,0.668,186.5,184.1,185.3,187.7,-0.1104,-0.1845,-0.04532,0.02455,1.473,1.403,1.451,1.521,-1376,0.3989,0.2053,0.01273,0.182,0.01376,0.04198,0,0,3  -  Cliente - TelemetriaPulo:71
  23:38:10.269  TEL,16.78,FIM (volte e repita em outra velocidade),275.1,-5.822,-0.2374,0.2059,184.6,184,185.6,188.6,-0.1124,-0.1514,-0.05322,0.03424,1.471,1.434,1.443,1.531,-1376,0.3739,0.2523,0.01456,0.1557,0.01469,0.03161,0,0,3  -  Cliente - TelemetriaPulo:71
  23:38:10.269  TEL,16.78,FIM (volte e repita em outra velocidade),275.1,-6.222,-0.2339,-0.05273,186.1,183.9,185.5,186.2,-0.1075,-0.1175,-0.07379,0.02904,1.475,1.466,1.423,1.525,-1375,0.3626,0.2632,0.01087,0.1219,0.02918,0.02917,0,0,3  -  Cliente - TelemetriaPulo:71
  23:38:10.269  TEL,16.79,FIM (volte e repita em outra velocidade),275.1,-4.948,-0.003191,-1.005,185.6,183.8,185,186.5,-0.2321,-0.08105,-0.1298,0.001434,1.359,1.5,1.367,1.498,-1376,0.3839,0.2069,0.1433,0.05129,0.09597,0.02525,0,0,1  -  Cliente - TelemetriaPulo:71
  23:38:10.270  TEL,16.79,FIM (volte e repita em outra velocidade),275.2,-4.375,-0.1002,-1.491,185.2,183.8,185.7,184.6,-0.2291,-0.06607,-0.07472,-0.01901,1.361,1.514,1.422,1.477,-1375,0.2907,0.0958,0.1581,0.01107,0.05971,0.0211,0,0,2  -  Cliente - TelemetriaPulo:71
  23:38:10.270  TEL,16.8,FIM (volte e repita em outra velocidade),275.4,-5.077,-0.1217,-0.541,184.7,185.1,183.5,184.2,-0.147,-0.1004,-0.02122,-0.05243,1.438,1.482,1.475,1.444,-1376,0.01567,-0.07869,0.09437,0.007881,0.0245,0.01733,0,0,3  -  Cliente - TelemetriaPulo:71
  23:38:10.270  TEL,16.8,FIM (volte e repita em outra velocidade),275.4,-4.95,-0.06957,-0.00702,184.7,186.6,184.4,185,-0.1113,-0.1051,-0.02299,-0.053,1.472,1.477,1.473,1.443,-1377,-0.04634,-0.1041,0.0537,0.007409,0.02466,0.0155,0,0,3  -  Cliente - TelemetriaPulo:71
  23:38:10.270  TEL,16.81,FIM (volte e repita em outra velocidade),275.1,-4.959,-0.01736,0.3567,184.6,185.6,184.2,184.9,-0.08518,-0.2827,-0.02682,-0.09777,1.496,1.312,1.47,1.399,-1377,-0.06401,-0.2851,0.01435,0.1835,0.02247,0.06498,0,0,2  -  Cliente - TelemetriaPulo:71
  23:38:10.270  TEL,16.81,FIM (volte e repita em outra velocidade),275.3,-3.12,-0.0384,1.915,184.5,184.9,180.3,185.8,-0.1108,-0.2795,-0.1161,-0.04807,1.472,1.315,1.38,1.448,-1375,-0.02664,-0.2373,0.01801,0.2118,0.09484,0.05306,0,0,1  -  Cliente - TelemetriaPulo:71
  23:38:10.270  TEL,16.82,FIM (volte e repita em outra velocidade),275.3,-2.033,-0.1226,0.711,180.1,184.3,182.1,187.9,-0.1944,-0.1753,-0.0699,0.01407,1.394,1.412,1.426,1.51,-1376,0.1844,0.01175,0.08513,0.154,0.04046,0.04613,0,0,2  -  Cliente - TelemetriaPulo:71
  23:38:10.270  TEL,16.83,FIM (volte e repita em outra velocidade),275.3,-3.058,-0.1768,0.4743,179.8,184.2,182,187.8,-0.1573,-0.1249,-0.029,0.02366,1.429,1.459,1.467,1.52,-1377,0.2106,0.06139,0.04687,0.1167,-0.0053,0.0461,0,0,3  -  Cliente - TelemetriaPulo:71
  23:38:10.270  TEL,16.83,FIM (volte e repita em outra velocidade),275.1,-4.39,-0.1884,0.3292,179.7,184.2,186.6,187.7,-0.118,-0.08942,-0.04311,0.02811,1.465,1.492,1.453,1.524,-1377,0.1946,0.08453,0.002747,0.08597,-0.0007343,0.04158,0,0,3  -  Cliente - TelemetriaPulo:71
  23:38:10.270  TEL,16.84,FIM (volte e repita em outra velocidade),274.3,-0.609,0.313,-1.666,185.3,184,185.4,183.3,-0.1112,-0.08687,-0.2913,-0.01604,1.472,1.495,1.205,1.48,-1376,0.1933,0.09156,-6.676e-05,0.03071,0.2815,0.06378,0,0,2  -  Cliente - TelemetriaPulo:71
  23:38:10.270  TEL,16.84,FIM (volte e repita em outra velocidade),274.3,1.121,0.4935,-1.786,181.9,184,185.8,184.2,-0.2476,-0.08206,-0.2087,-0.01221,1.345,1.499,1.288,1.484,-1372,0.1691,-0.01505,0.1463,-0.01764,0.2487,0.05596,0,0,1  -  Cliente - TelemetriaPulo:71
  23:38:10.270  TEL,16.85,FIM (volte e repita em outra velocidade),274.1,1.263,0.2778,-2.275,181.5,190.9,186.6,185.1,-0.2491,-0.1226,-0.1153,-0.00856,1.343,1.461,1.381,1.488,-1371,0.03565,-0.2409,0.1727,-0.0168,0.2068,0.0365,0,0,2  -  Cliente - TelemetriaPulo:71
  23:38:10.270  TEL,16.85,FIM (volte e repita em outra velocidade),274.5,0.1189,-0.1594,-0.5752,181,184.2,188.5,183.7,-0.1502,-0.248,-0.01658,0.006717,1.435,1.344,1.48,1.503,-1370,-0.2553,-0.3875,0.119,0.08213,0.1659,0.008251,0,0,1  -  Cliente - TelemetriaPulo:71
  23:38:10.270  TEL,16.86,FIM (volte e repita em outra velocidade),274.2,-0.7342,-0.07462,-0.1915,180.9,183.8,188.4,185.4,-0.1126,-0.196,0.007042,0.01072,1.47,1.392,1.503,1.507,-1372,-0.2886,-0.3447,0.0892,0.03117,0.1526,0.00783,0,0,2  -  Cliente - TelemetriaPulo:71
  23:38:10.270  TEL,16.86,FIM (volte e repita em outra velocidade),274.3,-2.514,-0.1059,0.4999,180.8,184.2,188.3,183.4,-0.06776,-0.1867,0.02727,-0.01038,1.513,1.401,1.524,1.486,-1371,-0.2244,-0.275,0.03572,0.0299,0.1265,0.04085,0,0,3  -  Cliente - TelemetriaPulo:71
  23:38:10.270  TEL,16.87,FIM (volte e repita em outra velocidade),274.2,-2.93,-0.1002,0.8995,183.3,184.2,188.2,183.3,-0.08115,-0.1766,0.03087,0.006584,1.5,1.411,1.527,1.503,-1371,-0.1477,-0.2483,0.03416,0.02852,0.109,0.03538,0,0,3  -  Cliente - TelemetriaPulo:71
  23:38:10.270  TEL,16.87,FIM (volte e repita em outra velocidade),274.1,-3.734,-0.1594,0.8263,184.4,184.3,188.2,183.4,-0.09347,-0.1682,0.03508,0.01727,1.488,1.418,1.531,1.514,-1371,-0.04928,-0.177,0.03109,0.02831,0.08664,0.03013,0,0,3  -  Cliente - TelemetriaPulo:71
  23:38:10.270  TEL,16.88,FIM (volte e repita em outra velocidade),274,-4.704,-0.3362,1.327,184.6,184.1,188.1,184.2,-0.1233,-0.2047,0.03479,0.03075,1.46,1.384,1.531,1.527,-1371,0.0787,-0.1063,0.02623,0.0947,0.03197,0.02394,0,0,3  -  Cliente - TelemetriaPulo:71
  23:38:10.270  TEL,16.89,FIM (volte e repita em outra velocidade),274.1,-5.424,-0.4059,1.23,181.4,183.9,188,184.2,-0.1379,-0.1573,0.03481,0.03669,1.447,1.428,1.531,1.533,-1370,0.1458,-0.0006331,0.02367,0.06559,-0.004172,0.01777,0,0,3  -  Cliente - TelemetriaPulo:71
  23:38:10.270  TEL,16.89,FIM (volte e repita em outra velocidade),274.2,-6.346,-0.4607,0.6728,184.4,183.8,183.6,183.9,-0.1509,-0.1191,-0.002544,0.02007,1.435,1.464,1.494,1.516,-1370,0.3377,0.09926,99,99,-0.002164,0.01968,0,0,2  -  Cliente - TelemetriaPulo:71
  23:38:10.271  TEL,16.9,FIM (volte e repita em outra velocidade),273.6,-1.94,0.02924,-0.6674,184,183.7,185.1,186.8,-0.09121,-0.08618,-0.208,-0.02206,1.491,1.495,1.288,1.474,-1371,0.2694,0.1598,99,99,0.1848,0.0214,0,0,1  -  Cliente - TelemetriaPulo:71
  23:38:10.271  TEL,16.9,FIM (volte e repita em outra velocidade),273.8,-1.55,0.1509,-0.8624,184,183.6,185.5,182.9,-0.0631,-0.07604,-0.1505,-0.03507,1.517,1.505,1.346,1.461,-1368,0.1758,0.1189,99,99,0.1396,0.02127,0,0,1  -  Cliente - TelemetriaPulo:71
  23:38:10.271  TEL,16.91,FIM (volte e repita em outra velocidade),273.9,-2.538,0.2017,-0.2173,183.8,183.5,187.5,183.6,-0.04308,-0.04281,-0.03482,-0.05386,1.536,1.536,1.462,1.443,-1369,0.0102,-0.02141,99,99,0.03428,0.02484,0,0,2  -  Cliente - TelemetriaPulo:71
  23:38:10.271  TEL,16.91,FIM (volte e repita em outra velocidade),274,-3.3,0.235,-0.02172,183.8,183.5,187.4,183.4,-0.04307,-0.03187,0.001975,-0.05643,1.536,1.547,1.498,1.44,-1370,-0.003944,-0.05385,99,99,-0.007055,0.02134,0,0,2  -  Cliente - TelemetriaPulo:71
  23:38:10.271  TEL,16.92,FIM (volte e repita em outra velocidade),274.1,-4.146,0.2513,0.1056,183.7,183.4,185,183.6,-0.04432,-0.02712,-0.002704,-0.06732,1.535,1.551,1.494,1.429,-1370,0.01486,-0.06091,99,99,-0.01257,0.02512,0,0,2  -  Cliente - TelemetriaPulo:71
  23:38:10.271  TEL,16.92,FIM (volte e repita em outra velocidade),273.8,-4.145,0.3355,0.3784,183.7,183.3,186,183.4,-0.04766,-0.02294,-0.2024,-0.07127,1.532,1.555,1.294,1.425,-1370,0.01838,-0.06502,99,99,0.1742,0.02765,0,0,1  -  Cliente - TelemetriaPulo:71
  23:38:10.271  TEL,16.93,FIM (volte e repita em outra velocidade),273.9,-0.7981,0.7476,-0.3672,183.6,183.2,187.1,182.8,-0.03351,-0.04161,-0.145,-0.03333,1.545,1.537,1.351,1.463,-1369,0.01363,-0.01228,99,99,0.1475,0.0003788,0,0,1  -  Cliente - TelemetriaPulo:71
  23:38:10.271  TEL,16.94,FIM (volte e repita em outra velocidade),273.8,-1.291,0.7809,-0.1793,183.5,183.2,186.9,184.4,-0.03431,-0.04042,-0.08315,-0.03885,1.544,1.538,1.413,1.458,-1370,-0.0248,-0.04736,99,99,0.09797,0.01335,0,0,1  -  Cliente - TelemetriaPulo:71
  23:38:10.271  TEL,16.94,FIM (volte e repita em outra velocidade),273.9,-3.236,0.7693,0.1361,183.4,183.1,186.8,183.6,-0.04135,-0.03331,0.002402,-0.04041,1.538,1.545,1.499,1.456,-1369,-0.02152,-0.06688,99,99,0.01806,99,0,0,1  -  Cliente - TelemetriaPulo:71
  23:38:10.271  TEL,16.95,-,274.1,-4.16,0.7641,0.3639,183.4,183,183.2,184.6,-0.04477,-0.02921,-0.003524,-0.01858,1.534,1.549,1.493,1.478,-1370,0.009686,-0.04839,99,99,99,99,0,0,0  -  Cliente - TelemetriaPulo:71
  23:38:10.271   ▶ TEL,16.95,-,274.1,-4.881,0.7807,0.2332,183.3,183,184.2,185.7,-0.04443,-0.03133,0.005498,0.002719,1.535,1.547,1.502,1.499,-1371,0.03216,-0.02068,99,99,99,99,0,0,0 (x2)  -  Cliente - TelemetriaPulo:71
  23:38:10.271  TEL,16.96,-,274.1,-5.936,0.7638,0.1734,183.3,182.9,185.2,186.7,-0.04267,-0.03446,0.01666,0.01874,1.536,1.544,1.513,1.515,-1371,0.04089,-0.006532,99,99,99,99,0,0,0  -  Cliente - TelemetriaPulo:71
  23:38:10.271  TEL,16.96,-,274.2,-8.19,0.7207,0.1393,183.2,182.8,185.1,186.6,-0.03995,-0.03844,0.03254,0.03609,1.539,1.54,1.529,1.532,-1371,0.04379,0.009367,99,99,99,99,0,0,0  -  Cliente - TelemetriaPulo:71
  23:38:10.271  TEL,16.97,-,274.2,-9.284,0.7026,0.1367,183.2,182.8,185.1,186.6,-0.03939,-0.03914,0.03699,0.03992,1.54,1.54,1.533,1.536,-1371,0.04524,0.01638,99,99,99,99,0,0,0  -  Cliente - TelemetriaPulo:71
  23:38:10.271  TEL,16.97,-,274.3,-10.35,0.6872,0.1364,183.1,182.7,185,186.5,-0.03925,-0.03936,0.03977,0.04193,1.54,1.54,1.536,1.538,-1371,0.04746,0.02418,99,99,99,99,0,0,0  -  Cliente - TelemetriaPulo:71
  23:38:10.271  TEL,16.98,-,274.3,-11.39,0.6743,0.1369,183.1,182.7,185,186.5,-0.03931,-0.03931,0.04135,0.04294,1.54,1.54,1.538,1.539,-1371,0.05032,0.02998,99,99,99,99,0,0,0  -  Cliente - TelemetriaPulo:71
  23:38:10.271  TEL,16.99,-,274.4,-13.41,0.6528,0.1353,183,182.6,184.9,186.4,-0.03959,-0.0391,0.04229,0.04364,1.539,1.54,1.539,1.54,-1372,0.05504,0.03967,99,99,99,99,0,0,0  -  Cliente - TelemetriaPulo:71
  23:38:10.272  TEL,16.99,-,274.4,-14.41,0.6434,0.1327,183,182.6,184.9,186.3,-0.03968,-0.03901,0.04222,0.04373,1.539,1.54,1.539,1.54,-1372,0.05768,0.04434,99,99,99,99,0,0,0  -  Cliente - TelemetriaPulo:71
  23:38:10.272  TEL,17,-,274.5,-15.4,0.6344,0.1299,182.9,182.5,184.8,186.3,-0.03972,-0.03894,0.04207,0.04372,1.539,1.54,1.538,1.54,-1372,0.05953,0.04794,99,99,99,99,0,0,0  -  Cliente - TelemetriaPulo:71
  23:38:10.272  TEL,17,-,274.6,-17.38,0.6163,0.1262,182.8,182.5,184.7,186.2,-0.0397,-0.03884,0.0423,0.04377,1.539,1.54,1.539,1.54,-1372,0.0615,0.05195,99,99,99,99,0,0,0  -  Cliente - TelemetriaPulo:71
  23:38:10.272  TEL,17.01,-,274.7,-18.38,0.6066,0.126,182.8,182.4,184.7,186.2,-0.03976,-0.0388,0.04257,0.04375,1.539,1.54,1.539,1.54,-1373,0.06201,0.05283,99,99,99,99,0,0,0  -  Cliente - TelemetriaPulo:71
  23:38:10.272  TEL,17.01,-,274.7,-19.37,0.597,0.1257,182.7,182.4,184.6,186.1,-0.03979,-0.03883,0.04275,0.04369,1.539,1.54,1.539,1.54,-1373,0.0632,0.05436,99,99,99,99,0,0,0  -  Cliente - TelemetriaPulo:71
  23:38:10.272  TEL,17.02,-,274.9,-21.36,0.5783,0.1252,182.7,182.3,184.6,186.1,-0.03973,-0.03873,0.04255,0.04369,1.539,1.54,1.539,1.54,-1374,0.06269,0.05602,99,99,99,99,0,0,0  -  Cliente - TelemetriaPulo:71
  23:38:10.272  TEL,17.02,-,274.9,-22.35,0.5696,0.1233,182.6,182.3,184.5,186,-0.03975,-0.03878,0.04226,0.04375,1.539,1.54,1.539,1.54,-1374,0.0624,0.0566,99,99,99,99,0,0,0  -  Cliente - TelemetriaPulo:71
  23:38:10.272  TEL,17.03,-,275,-23.35,0.5587,0.1198,182.6,182.2,185.5,187,-0.03963,-0.03878,0.04197,0.04367,1.539,1.54,1.538,1.54,-1375,0.06195,0.05776,99,99,99,99,0,0,0  -  Cliente - TelemetriaPulo:71
  23:38:10.272  TEL,17.04,-,275.2,-25.32,0.5412,0.1166,182.5,182.1,185.4,186.9,-0.03955,-0.03885,0.04217,0.04377,1.539,1.54,1.539,1.54,-1375,0.0629,0.05769,99,99,99,99,0,0,0  -  Cliente - TelemetriaPulo:71
  23:38:10.272  TEL,17.04,-,275.2,-26.32,0.5316,0.1165,182.5,182.1,185.4,186.9,-0.03959,-0.03884,0.04243,0.04374,1.539,1.54,1.539,1.54,-1376,0.06255,0.05805,99,99,99,99,0,0,0  -  Cliente - TelemetriaPulo:71
  23:38:10.272  TEL,17.05,-,275.3,-27.32,0.522,0.1171,182.4,182.1,185.4,186.9,-0.03966,-0.03885,0.04261,0.0437,1.539,1.54,1.539,1.54,-1376,0.06159,0.05838,99,99,99,99,0,0,0  -  Cliente - TelemetriaPulo:71
  23:38:10.272  TEL,17.05,-,275.5,-29.3,0.5033,0.1163,182.3,182,185.3,186.8,-0.03967,-0.03885,0.04256,0.04372,1.539,1.54,1.539,1.54,-1377,0.06086,0.05854,99,99,99,99,0,0,0  -  Cliente - TelemetriaPulo:71
  23:38:10.272  TEL,17.06,-,275.6,-30.29,0.4943,0.1151,182.3,181.9,185.2,186.7,-0.03966,-0.0388,0.04228,0.04375,1.539,1.54,1.539,1.54,-1378,0.05963,0.05825,99,99,99,99,0,0,0  -  Cliente - TelemetriaPulo:71
  23:38:10.272  TEL,17.06,-,275.7,-31.28,0.4857,0.1117,182.3,181.9,185.2,186.7,-0.03968,-0.03891,0.04207,0.04373,1.539,1.54,1.538,1.54,-1378,0.05949,0.05773,99,99,99,99,0,0,0  -  Cliente - TelemetriaPulo:71
  23:38:10.272  TEL,17.07,-,275.9,-33.26,0.4678,0.1084,182.2,181.8,185.1,186.6,-0.03966,-0.03894,0.0422,0.0437,1.539,1.54,1.539,1.54,-1378,0.05912,0.05682,99,99,99,99,0,0,0  -  Cliente - TelemetriaPulo:71
  23:38:10.272  TEL,17.07,-,276,-34.25,0.4583,0.1083,182.1,181.8,185,186.6,-0.03968,-0.03893,0.04247,0.04368,1.539,1.54,1.539,1.54,-1380,0.05813,0.05591,99,99,99,99,0,0,0  -  Cliente - TelemetriaPulo:71
  23:38:10.272  TEL,17.08,-,276.1,-35.25,0.4486,0.1086,182.1,181.7,185,186.5,-0.03966,-0.0389,0.04274,0.04369,1.539,1.54,1.539,1.54,-1380,0.05853,0.05573,99,99,99,99,0,0,0  -  Cliente - TelemetriaPulo:71
  23:38:10.273  TEL,17.09,-,276.3,-37.24,0.4297,0.109,182,181.7,184.9,186.4,-0.03976,-0.03887,0.04262,0.04369,1.539,1.54,1.539,1.54,-1381,0.05585,0.05479,99,99,99,99,0,0,0  -  Cliente - TelemetriaPulo:71
  23:38:10.273  TEL,17.09,-,276.5,-38.23,0.4207,0.1077,182,181.6,184.9,186.4,-0.03976,-0.03885,0.04234,0.04372,1.539,1.54,1.539,1.54,-1382,0.05493,0.05458,99,99,99,99,0,0,0  -  Cliente - TelemetriaPulo:71
  23:38:10.273  TEL,17.1,-,276.7,-40.2,0.4033,0.1022,181.9,181.5,184.8,186.3,-0.03958,-0.03895,0.042,0.04375,1.539,1.54,1.538,1.54,-1382,0.05575,0.05472,99,99,99,99,0,0,0  -  Cliente - TelemetriaPulo:71
  23:38:10.273  TEL,17.1,-,276.8,-41.19,0.3942,0.1006,181.8,181.5,184.7,186.3,-0.03956,-0.03894,0.04209,0.04372,1.539,1.54,1.538,1.54,-1384,0.05505,0.05401,99,99,99,99,0,0,0  -  Cliente - TelemetriaPulo:71
  23:38:10.273  TEL,17.11,-,277,-42.19,0.3848,0.1003,181.8,181.5,184.7,186.2,-0.03956,-0.03893,0.04238,0.04369,1.539,1.54,1.539,1.54,-1384,0.05503,0.05333,99,99,99,99,0,0,0  -  Cliente - TelemetriaPulo:71
  23:38:10.273  TEL,17.11,-,277.2,-44.18,0.3654,0.1016,181.7,181.4,184.6,186.2,-0.03975,-0.0389,0.04277,0.04362,1.539,1.54,1.539,1.54,-1385,0.05332,0.05204,99,99,99,99,0,0,0  -  Cliente - TelemetriaPulo:71
  23:38:10.273  TEL,17.12,-,277.4,-45.18,0.356,0.1014,181.7,181.3,184.6,186.1,-0.03976,-0.03886,0.04268,0.04362,1.539,1.54,1.539,1.54,-1386,0.05196,0.05175,99,99,99,99,0,0,0  -  Cliente - TelemetriaPulo:71
  23:38:10.273  TEL,17.12,-,277.5,-46.17,0.347,0.09991,181.6,181.3,184.5,186.1,-0.03976,-0.03888,0.0424,0.04361,1.539,1.54,1.539,1.54,-1387,0.05209,0.05112,99,99,99,99,0,0,0  -  Cliente - TelemetriaPulo:71
  23:38:10.273  TEL,17.13,-,277.7,-47.15,0.3382,0.09806,181.6,181.3,184.5,186,-0.0397,-0.03887,0.04209,0.0436,1.539,1.54,1.538,1.54,-1388,0.05093,0.05063,99,99,99,99,0,0,0  -  Cliente - TelemetriaPulo:71
  23:38:10.273  TEL,17.14,-,278,-49.13,0.3205,0.09349,181.5,181.2,184.4,185.9,-0.03963,-0.03894,0.04212,0.04363,1.539,1.54,1.538,1.54,-1388,0.05062,0.04932,99,99,99,99,0,0,0  -  Cliente - TelemetriaPulo:71
  23:38:10.273  TEL,17.14,-,278.1,-50.12,0.3111,0.09341,181.5,181.1,184.3,185.9,-0.03961,-0.03891,0.04242,0.04368,1.539,1.54,1.539,1.54,-1390,0.05016,0.04894,99,99,99,99,0,0,0  -  Cliente - TelemetriaPulo:71
  23:38:10.273  TEL,17.15,-,278.3,-51.12,0.3014,0.09369,181.4,181.1,184.3,185.9,-0.0397,-0.03888,0.04269,0.04363,1.539,1.54,1.539,1.54,-1391,0.0492,0.04776,99,99,99,99,0,0,0  -  Cliente - TelemetriaPulo:71
  23:38:10.273  TEL,17.15,-,278.6,-53.12,0.282,0.09425,181.4,181,184.2,185.8,-0.03972,-0.03892,0.04275,0.04361,1.539,1.54,1.539,1.54,-1391,0.04835,0.04706,99,99,99,99,0,0,0  -  Cliente - TelemetriaPulo:71
  23:38:10.273  TEL,17.16,-,278.8,-54.11,0.2728,0.09303,181.3,181,184.2,185.7,-0.03971,-0.03893,0.04246,0.04355,1.539,1.54,1.539,1.54,-1393,0.04663,0.04671,99,99,99,99,0,0,0  -  Cliente - TelemetriaPulo:71
  23:38:10.273  TEL,17.16,-,279,-55.1,0.264,0.09126,181.3,180.9,184.1,185.7,-0.03967,-0.03894,0.04214,0.04349,1.539,1.54,1.539,1.54,-1394,0.0464,0.04646,99,99,99,99,0,0,0  -  Cliente - TelemetriaPulo:71
  23:38:10.273  TEL,17.17,-,279.3,-57.07,0.2463,0.08694,181.2,180.9,184,185.6,-0.03961,-0.03897,0.04201,0.04348,1.539,1.54,1.538,1.54,-1395,0.04651,0.04612,99,99,99,99,0,0,0  -  Cliente - TelemetriaPulo:71
  23:38:10.273  TEL,17.17,-,279.5,-58.06,0.2371,0.08674,181.2,180.8,184,185.6,-0.03963,-0.03895,0.04225,0.04352,1.539,1.54,1.539,1.54,-1397,0.04643,0.04516,99,99,99,99,0,0,0  -  Cliente - TelemetriaPulo:71
  23:38:10.274  TEL,17.18,-,279.7,-59.06,0.2275,0.08699,181.1,180.8,183.9,185.5,-0.03968,-0.03891,0.04254,0.04353,1.539,1.54,1.539,1.54,-1397,0.04526,0.04406,99,99,99,99,0,0,0  -  Cliente - TelemetriaPulo:71
  23:38:10.274  TEL,17.18,-,279.9,-60.06,0.2177,0.08797,181.1,180.7,183.9,185.5,-0.03976,-0.03885,0.04278,0.04354,1.539,1.54,1.539,1.54,-1398,0.04458,0.04352,99,99,99,99,0,0,0  -  Cliente - TelemetriaPulo:71
  23:38:10.274  TEL,17.19,-,280.2,-62.05,0.1987,0.08664,181,180.7,183.8,185.4,-0.03972,-0.03886,0.0426,0.04357,1.539,1.54,1.539,1.54,-1399,0.04289,0.04321,99,99,99,99,0,0,0  -  Cliente - TelemetriaPulo:71
  23:38:10.274  TEL,17.2,-,280.4,-63.04,0.1897,0.08509,180.9,180.6,183.8,185.4,-0.03964,-0.03894,0.04232,0.04357,1.539,1.54,1.539,1.54,-1401,0.04282,0.04295,99,99,99,99,0,0,0  -  Cliente - TelemetriaPulo:71
  23:38:10.274  TEL,17.2,-,280.8,-65.02,0.1719,0.08155,180.9,180.5,183.7,185.3,-0.03962,-0.03896,0.04203,0.04359,1.539,1.54,1.538,1.54,-1402,0.0429,0.04263,99,99,99,99,0,0,0  -  Cliente - TelemetriaPulo:71
  23:38:10.274  TEL,17.21,-,281.1,-66.01,0.1627,0.07997,180.8,180.5,183.6,185.2,-0.0396,-0.03901,0.04224,0.04361,1.539,1.54,1.539,1.54,-1404,0.0426,0.04217,99,99,99,99,0,0,0  -  Cliente - TelemetriaPulo:71
  23:38:10.274  TEL,17.21,-,281.3,-67.01,0.1529,0.08051,180.8,180.5,183.6,185.2,-0.03967,-0.03901,0.04247,0.04357,1.539,1.54,1.539,1.54,-1405,0.04247,0.04127,99,99,99,99,0,0,0  -  Cliente - TelemetriaPulo:71
  23:38:10.274  TEL,17.22,-,281.7,-69.01,0.1333,0.08186,180.7,180.4,183.5,185.1,-0.03977,-0.0389,0.04271,0.04354,1.539,1.54,1.539,1.54,-1406,0.0405,0.04011,99,99,99,99,0,0,0  -  Cliente - TelemetriaPulo:71
  23:38:10.274  TEL,17.22,-,281.9,-70,0.1238,0.08078,180.7,180.4,183.5,185.1,-0.03972,-0.03884,0.04256,0.04351,1.539,1.54,1.539,1.54,-1408,0.03979,0.04,99,99,99,99,0,0,0  -  Cliente - TelemetriaPulo:71
  23:38:10.274  TEL,17.23,-,282.1,-70.99,0.1149,0.0786,180.6,180.3,183.4,185,-0.03966,-0.03884,0.04232,0.04342,1.539,1.54,1.539,1.54,-1410,0.03985,0.03965,99,99,99,99,0,0,0  -  Cliente - TelemetriaPulo:71
  23:38:10.274  TEL,17.25,-,283.3,-75.96,0.06843,0.07503,180.4,180.1,183.2,184.8,-0.03961,-0.03892,0.04275,0.04341,1.539,1.54,1.539,1.54,-1411,0.03775,0.03602,99,99,99,99,0,0,0  -  Cliente - TelemetriaPulo:71
  23:38:10.274  TEL,17.25,-,283.5,-76.96,0.05851,0.07632,180.4,180.1,183.2,184.8,-0.0397,-0.0389,0.04276,0.04335,1.539,1.54,1.539,1.54,-1416,0.0362,0.03536,99,99,99,99,0,0,0  -  Cliente - TelemetriaPulo:71
  23:38:10.274  TEL,17.26,-,283.8,-77.96,0.04892,0.07575,180.3,180,183.1,184.7,-0.03974,-0.03889,0.04262,0.04337,1.539,1.54,1.539,1.54,-1418,0.03687,0.03546,99,99,99,99,0,0,0  -  Cliente - TelemetriaPulo:71
  23:38:10.274  TEL,17.26,-,284,-78.95,0.03982,0.07386,180.3,180,183.1,184.7,-0.03968,-0.03894,0.04233,0.04333,1.539,1.54,1.539,1.54,-1419,0.03664,0.0347,99,99,99,99,0,0,0  -  Cliente - TelemetriaPulo:71
  23:38:10.274  TEL,17.27,-,284.5,-80.93,0.02188,0.07036,180.2,179.9,183,184.6,-0.0396,-0.03903,0.04198,0.04342,1.539,1.54,1.538,1.54,-1420,0.03609,0.03334,99,99,99,99,0,0,0  -  Cliente - TelemetriaPulo:71
  23:38:10.274  TEL,17.27,-,284.8,-81.92,0.01259,0.06944,180.2,179.9,182.9,184.6,-0.03958,-0.03895,0.04207,0.04347,1.539,1.54,1.538,1.54,-1423,0.03449,0.03301,99,99,99,99,0,0,0  -  Cliente - TelemetriaPulo:71
  23:38:10.274  TEL,17.28,-,285.1,-82.92,0.003069,0.06871,180.1,179.8,182.9,184.5,-0.03963,-0.03898,0.04232,0.04346,1.539,1.54,1.539,1.54,-1424,0.03547,0.03263,99,99,99,99,0,0,0  -  Cliente - TelemetriaPulo:71
  23:38:10.274  TEL,17.29,-,285.6,-84.92,-0.0168,0.07039,180.1,179.8,182.8,184.4,-0.03975,-0.0389,0.04269,0.04342,1.539,1.54,1.539,1.54,-1425,0.0339,0.03182,99,99,99,99,0,0,0  -  Cliente - TelemetriaPulo:71
  23:38:10.274  TEL,17.29,-,285.9,-85.92,-0.0265,0.07027,180,179.7,182.8,184.4,-0.03979,-0.03896,0.04263,0.04343,1.539,1.54,1.539,1.54,-1428,0.03307,0.03088,99,99,99,99,0,0,0  -  Cliente - TelemetriaPulo:71
  23:38:10.275  TEL,17.3,-,286.1,-86.92,-0.03587,0.06924,180,179.7,182.7,184.4,-0.03979,-0.03901,0.04237,0.04344,1.539,1.54,1.539,1.54,-1429,0.03316,0.03083,99,99,99,99,0,0,0  -  Cliente - TelemetriaPulo:71
  23:38:10.275  TEL,17.3,-,286.7,-88.9,-0.05397,0.06557,179.9,179.6,182.6,184.3,-0.03966,-0.039,0.04189,0.04344,1.539,1.54,1.538,1.54,-1431,0.03274,0.03076,99,99,99,99,0,0,0  -  Cliente - TelemetriaPulo:71
  23:38:10.275  TEL,17.31,-,287,-89.89,-0.06317,0.06387,179.9,179.6,182.6,184.2,-0.03965,-0.03904,0.04195,0.04345,1.539,1.54,1.538,1.54,-1433,0.03151,0.03019,99,99,99,99,0,0,0  -  Cliente - TelemetriaPulo:71
  23:38:10.275  TEL,17.31,-,287.6,-91.89,-0.08275,0.06383,179.8,179.5,182.5,184.1,-0.03968,-0.03904,0.04249,0.04337,1.539,1.54,1.539,1.54,-1435,0.03121,0.02968,99,99,99,99,0,0,0  -  Cliente - TelemetriaPulo:71
  23:38:10.275  TEL,17.32,-,287.9,-92.9,-0.09266,0.06477,179.7,179.5,182.5,184.1,-0.03972,-0.03903,0.04268,0.04336,1.539,1.54,1.539,1.54,-1438,0.03093,0.02928,99,99,99,99,0,0,0  -  Cliente - TelemetriaPulo:71
  23:38:10.275  TEL,17.32,-,288.1,-93.9,-0.1026,0.06527,179.7,179.4,182.4,184.1,-0.03976,-0.03898,0.04264,0.04331,1.539,1.54,1.539,1.54,-1439,0.03002,0.02883,99,99,99,99,0,0,0  -  Cliente - TelemetriaPulo:71
  23:38:10.275  TEL,17.33,-,288.7,-95.89,-0.1212,0.06294,179.6,179.3,182.3,184,-0.03974,-0.03901,0.04218,0.04331,1.539,1.54,1.539,1.54,-1441,0.02933,0.02831,99,99,99,99,0,0,0  -  Cliente - TelemetriaPulo:71
  23:38:10.275  TEL,17.34,-,289.1,-96.88,-0.1304,0.06095,179.6,179.3,182.3,183.9,-0.03974,-0.03903,0.04198,0.04324,1.539,1.54,1.538,1.54,-1444,0.02851,0.02839,99,99,99,99,0,0,0  -  Cliente - TelemetriaPulo:71
  23:38:10.275  TEL,17.34,-,289.4,-97.88,-0.1396,0.05859,179.5,179.3,182.3,183.9,-0.03966,-0.03905,0.042,0.04324,1.539,1.54,1.538,1.54,-1445,0.02914,0.02829,99,99,99,99,0,0,0  -  Cliente - TelemetriaPulo:71
  23:38:10.275  TEL,17.35,-,290,-99.88,-0.1591,0.05917,179.5,179.2,182.2,183.8,-0.03962,-0.03906,0.04242,0.04321,1.539,1.54,1.539,1.54,-1447,0.02808,0.02662,99,99,99,99,0,0,0  -  Cliente - TelemetriaPulo:71
  23:38:10.275  TEL,17.35,-,290.3,-100.9,-0.1691,0.06029,179.4,179.1,182.1,183.8,-0.0397,-0.03898,0.04261,0.0432,1.539,1.54,1.539,1.54,-1450,0.02745,0.02656,99,99,99,99,0,0,0  -  Cliente - TelemetriaPulo:71
  23:38:10.275  TEL,17.36,-,290.6,-101.9,-0.179,0.06066,179.4,179.1,182.1,183.7,-0.03976,-0.03901,0.04264,0.0432,1.539,1.54,1.539,1.54,-1452,0.02694,0.02548,99,99,99,99,0,0,0  -  Cliente - TelemetriaPulo:71
  23:38:10.275  TEL,17.36,-,291,-102.9,-0.1888,0.05997,179.3,179.1,182,183.7,-0.03976,-0.03899,0.0425,0.04319,1.539,1.54,1.539,1.54,-1453,0.02686,0.02554,99,99,99,99,0,0,0  -  Cliente - TelemetriaPulo:71
  23:38:10.275  TEL,17.37,-,291.6,-104.9,-0.2073,0.0566,179.3,179,182,183.6,-0.03975,-0.03902,0.04204,0.04323,1.539,1.54,1.538,1.54,-1455,0.02605,0.02646,99,99,99,99,0,0,0  -  Cliente - TelemetriaPulo:71
  23:38:10.275  TEL,17.37,-,292,-105.9,-0.2165,0.05492,179.2,179,181.9,183.6,-0.03972,-0.03906,0.04198,0.04325,1.539,1.54,1.538,1.54,-1458,0.02596,0.02606,99,99,99,99,0,0,0  -  Cliente - TelemetriaPulo:71
  23:38:10.275  TEL,17.38,-,292.3,-106.9,-0.226,0.05426,179.2,178.9,181.9,183.5,-0.03973,-0.03909,0.04215,0.04328,1.539,1.54,1.539,1.54,-1460,0.02532,0.02562,99,99,99,99,0,0,0  -  Cliente - TelemetriaPulo:71
  23:38:10.275  TEL,17.39,-,293,-108.9,-0.2462,0.05477,179.1,178.8,181.8,183.4,-0.03973,-0.03901,0.04262,0.04324,1.539,1.54,1.539,1.54,-1462,0.02427,0.02443,99,99,99,99,0,0,0  -  Cliente - TelemetriaPulo:71
  23:38:10.275  TEL,17.39,-,293.4,-109.9,-0.2563,0.05609,179.1,178.8,181.7,183.4,-0.03973,-0.03899,0.04264,0.0432,1.539,1.54,1.539,1.54,-1465,0.0236,0.02387,99,99,99,99,0,0,0  -  Cliente - TelemetriaPulo:71
  23:38:10.275  TEL,17.4,-,293.7,-110.9,-0.2662,0.05552,179,178.8,181.7,183.4,-0.03974,-0.03902,0.04254,0.04319,1.539,1.54,1.539,1.54,-1467,0.02313,0.02357,99,99,99,99,0,0,0  -  Cliente - TelemetriaPulo:71
  23:38:10.276  TEL,17.4,-,294.4,-112.9,-0.285,0.05266,178.9,178.7,181.6,183.3,-0.0397,-0.03909,0.04203,0.04311,1.539,1.54,1.538,1.539,-1469,0.02203,0.02275,99,99,99,99,0,0,0  -  Cliente - TelemetriaPulo:71
  23:38:10.276  TEL,17.41,-,294.8,-113.9,-0.2942,0.05102,178.9,178.6,181.6,183.2,-0.03965,-0.03909,0.04188,0.04308,1.539,1.54,1.538,1.539,-1472,0.02332,0.02285,99,99,99,99,0,0,0  -  Cliente - TelemetriaPulo:71
  23:38:10.276  TEL,17.41,-,295.2,-114.9,-0.3037,0.05007,178.9,178.6,181.5,183.2,-0.03964,-0.03911,0.04202,0.04314,1.539,1.54,1.538,1.54,-1474,0.02323,0.02249,99,99,99,99,0,0,0  -  Cliente - TelemetriaPulo:71
  23:38:10.276  TEL,17.42,-,295.9,-116.9,-0.3239,0.05035,178.8,178.5,181.4,183.1,-0.0397,-0.03908,0.04254,0.04312,1.539,1.54,1.539,1.539,-1476,0.0229,0.02199,99,99,99,99,0,0,0  -  Cliente - TelemetriaPulo:71
  23:38:10.276  TEL,17.42,-,296.3,-117.9,-0.3341,0.05144,178.7,178.5,181.4,183.1,-0.03972,-0.03903,0.04267,0.04309,1.539,1.54,1.539,1.539,-1480,0.02298,0.02145,99,99,99,99,0,0,0  -  Cliente - TelemetriaPulo:71
  23:38:10.276  TEL,17.43,-,296.7,-118.9,-0.3442,0.05152,178.7,178.5,181.4,183,-0.03976,-0.03904,0.04262,0.04311,1.539,1.54,1.539,1.539,-1481,0.02161,0.02071,99,99,99,99,0,0,0  -  Cliente - TelemetriaPulo:71
  23:38:10.276  TEL,17.44,-,297.4,-120.9,-0.3634,0.04909,178.6,178.4,181.3,182.9,-0.03978,-0.03907,0.04209,0.0431,1.539,1.54,1.538,1.539,-1483,0.02109,0.02012,99,99,99,99,0,0,0  -  Cliente - TelemetriaPulo:71
  23:38:10.276  TEL,17.44,-,297.8,-121.9,-0.3727,0.04711,178.6,178.3,181.2,182.9,-0.03972,-0.03908,0.04194,0.0431,1.539,1.54,1.538,1.539,-1487,0.02091,0.02055,99,99,99,99,0,0,0  -  Cliente - TelemetriaPulo:71
  23:38:10.276  TEL,17.45,-,298.2,-122.9,-0.3822,0.04552,178.5,178.3,181.2,182.9,-0.03965,-0.03911,0.04197,0.04311,1.539,1.54,1.538,1.539,-1489,0.02127,0.02051,99,99,99,99,0,0,0  -  Cliente - TelemetriaPulo:71
  23:38:10.276  ===== fim =====  -  Cliente - TelemetriaPulo:72